"term","published","reconstructed","matches_printed_precision"
"samecaste",0.18,0.180023330859371,TRUE
"diff_above",-0.0138,-0.0137919534685107,TRUE
"diff_below",-0.0428,-0.0427774921073996,TRUE
"casteimportantmatch",0.1162,0.11615497551887,TRUE
"casteimportantdiff",-0.0056,-0.00555843804698771,TRUE
"castenotimpmatch",-0.0629,-0.0628642390432914,TRUE
"castenotimpdiff",0.0115,0.0115060704084782,TRUE
"diffage",0.0394,0.0393888592108374,TRUE
"diffagesq",-0.0023,-0.00226700713078309,TRUE
"diffheight",0.7585,0.758471544884418,TRUE
"diffheightsq",-6.3265,-6.32654838215935,TRUE
"calcutta_female",0.0591,0.0590760311828936,TRUE
"sameresstatus",-0.0442,-0.0441969908217798,TRUE
"samefamily_origin",0.0977,0.0977341743339012,TRUE
"skinrank_female",-0.0534,-0.0534053309063782,TRUE
"beauty_female",0.0043,0.00427983904266591,TRUE
"vbeauty_female",0.0465,0.0464602279687653,TRUE
"predicted_income",0.0817,0.0817358439936418,TRUE
