"scenario","male_caste","female_caste","male_education","female_education","couples"
"unrestricted",20,59,2,2,10
"unrestricted",48,59,4,4,22
"unrestricted",20,59,3,4,11
"unrestricted",44,59,3,4,11
"unrestricted",47,59,3,4,17
"unrestricted",47,59,6,4,3
"unrestricted",1,20,5,5,350
"unrestricted",44,20,5,5,61
"unrestricted",34,20,5,5,33
"unrestricted",38,20,5,5,16
"unrestricted",13,20,5,5,6
"unrestricted",70,20,5,5,13
"unrestricted",75,20,5,5,75
"unrestricted",10,20,5,5,5
"unrestricted",62,20,5,5,16
"unrestricted",69,20,5,5,5
"unrestricted",47,20,5,5,121
"unrestricted",20,20,5,5,308
"unrestricted",21,20,5,5,8
"unrestricted",26,20,5,5,38
"unrestricted",67,20,5,5,1
"unrestricted",18,20,5,5,17
"unrestricted",47,20,6,5,14
"unrestricted",44,1,4,4,85
"unrestricted",40,1,4,4,111
"unrestricted",1,1,4,4,624
"unrestricted",99,1,4,4,4
"unrestricted",59,1,4,4,54
"unrestricted",69,1,4,4,20
"unrestricted",73,1,4,4,28
"unrestricted",95,1,4,4,2
"unrestricted",38,1,4,4,42
"unrestricted",70,1,4,4,34
"unrestricted",75,1,4,4,96
"unrestricted",72,1,4,4,16
"unrestricted",11,1,4,4,3
"unrestricted",13,1,4,4,14
"unrestricted",9,1,4,4,9
"unrestricted",63,1,4,4,1
"unrestricted",62,1,4,4,57
"unrestricted",47,1,4,4,169
"unrestricted",47,1,6,4,28
"unrestricted",48,1,6,4,6
"unrestricted",18,70,5,5,30
"unrestricted",48,76,6,4,1
"unrestricted",53,76,3,4,3
"unrestricted",42,76,6,4,3
"unrestricted",64,76,6,4,2
"unrestricted",52,76,6,4,2
"unrestricted",16,76,6,4,1
"unrestricted",24,76,6,4,5
"unrestricted",73,76,6,4,1
"unrestricted",73,34,6,4,5
"unrestricted",26,34,3,4,7
"unrestricted",40,34,6,4,42
"unrestricted",62,34,3,4,4
"unrestricted",53,34,6,4,6
"unrestricted",10,34,6,4,4
"unrestricted",34,34,3,4,11
"unrestricted",21,34,6,4,10
"unrestricted",70,34,6,4,5
"unrestricted",99,34,6,4,1
"unrestricted",79,34,6,4,2
"unrestricted",888,34,6,4,5
"unrestricted",25,34,3,4,2
"unrestricted",62,34,6,4,16
"unrestricted",48,34,3,4,1
"unrestricted",43,34,6,4,4
"unrestricted",86,34,6,4,1
"unrestricted",13,34,6,4,3
"unrestricted",40,34,3,4,9
"unrestricted",6,34,6,4,2
"unrestricted",28,34,6,4,4
"unrestricted",18,34,3,4,10
"unrestricted",50,34,6,4,2
"unrestricted",9,34,6,4,9
"unrestricted",48,1,5,5,14
"unrestricted",54,1,5,5,5
"unrestricted",53,1,5,5,18
"unrestricted",59,1,5,5,13
"unrestricted",50,1,5,5,3
"unrestricted",16,1,5,5,4
"unrestricted",6,1,5,5,6
"unrestricted",42,1,5,5,7
"unrestricted",25,1,5,5,7
"unrestricted",29,1,5,5,4
"unrestricted",63,1,5,5,2
"unrestricted",40,1,5,5,38
"unrestricted",9,1,5,5,9
"unrestricted",3,1,5,5,3
"unrestricted",103,1,5,5,1
"unrestricted",72,1,5,5,9
"unrestricted",73,1,5,5,5
"unrestricted",24,1,5,5,13
"unrestricted",888,1,5,5,9
"unrestricted",28,1,5,5,6
"unrestricted",27,1,5,5,2
"unrestricted",58,1,5,5,2
"unrestricted",14,1,5,5,4
"unrestricted",36,1,5,5,6
"unrestricted",76,1,5,5,2
"unrestricted",15,1,5,5,1
"unrestricted",9,1,6,5,1
"unrestricted",72,1,6,5,6
"unrestricted",102,1,6,5,1
"unrestricted",59,1,3,5,5
"unrestricted",3,1,6,5,1
"unrestricted",69,1,3,5,2
"unrestricted",56,1,5,5,1
"unrestricted",72,1,3,5,1
"unrestricted",41,1,6,5,1
"unrestricted",28,1,3,5,1
"unrestricted",52,1,5,5,4
"unrestricted",87,1,5,5,1
"unrestricted",70,1,3,5,2
"unrestricted",96,1,5,5,1
"unrestricted",50,1,3,5,1
"unrestricted",36,1,6,5,1
"unrestricted",35,1,6,5,2
"unrestricted",31,1,5,5,1
"unrestricted",79,1,5,5,3
"unrestricted",888,1,3,5,1
"unrestricted",67,1,3,5,3
"unrestricted",69,1,6,5,2
"unrestricted",76,1,3,5,1
"unrestricted",79,1,3,5,1
"unrestricted",6,1,3,5,2
"unrestricted",63,1,3,5,1
"unrestricted",76,1,6,5,1
"unrestricted",27,1,6,5,1
"unrestricted",35,1,3,5,1
"unrestricted",3,1,3,5,2
"unrestricted",31,1,6,5,1
"unrestricted",74,1,5,5,2
"unrestricted",74,1,6,5,1
"unrestricted",73,1,3,5,1
"unrestricted",43,1,5,5,2
"unrestricted",21,1,3,5,1
"unrestricted",7,1,5,5,1
"unrestricted",103,1,6,5,3
"unrestricted",56,1,6,5,1
"unrestricted",11,1,5,5,4
"unrestricted",60,1,6,5,1
"unrestricted",99,1,5,5,2
"unrestricted",87,1,6,5,1
"unrestricted",78,1,6,5,1
"unrestricted",38,1,3,5,1
"unrestricted",12,1,6,5,1
"unrestricted",64,1,5,5,1
"unrestricted",1,62,6,6,21
"unrestricted",20,20,2,2,117
"unrestricted",1,20,2,2,92
"unrestricted",40,20,2,2,14
"unrestricted",20,2,4,4,1
"unrestricted",20,20,4,4,766
"unrestricted",21,20,4,4,27
"unrestricted",26,20,4,4,136
"unrestricted",18,20,4,4,94
"unrestricted",53,20,4,4,33
"unrestricted",25,20,4,4,22
"unrestricted",34,20,4,4,80
"unrestricted",52,20,4,4,9
"unrestricted",888,20,4,4,23
"unrestricted",24,20,4,4,42
"unrestricted",28,20,4,4,11
"unrestricted",54,20,4,4,13
"unrestricted",56,20,4,4,16
"unrestricted",60,20,4,4,6
"unrestricted",35,20,4,4,4
"unrestricted",79,20,4,4,6
"unrestricted",29,20,4,4,5
"unrestricted",6,20,4,4,6
"unrestricted",103,20,4,4,8
"unrestricted",74,20,4,4,8
"unrestricted",42,20,4,4,6
"unrestricted",66,20,4,4,7
"unrestricted",10,20,4,4,7
"unrestricted",43,20,4,4,5
"unrestricted",89,20,4,4,1
"unrestricted",71,20,4,4,1
"unrestricted",64,20,4,4,6
"unrestricted",36,20,4,4,15
"unrestricted",76,20,4,4,8
"unrestricted",3,20,4,4,5
"unrestricted",65,20,4,4,1
"unrestricted",58,20,4,4,4
"unrestricted",98,20,4,4,1
"unrestricted",67,20,4,4,3
"unrestricted",83,20,4,4,1
"unrestricted",27,20,4,4,3
"unrestricted",50,20,4,4,3
"unrestricted",14,20,4,4,2
"unrestricted",7,20,4,4,2
"unrestricted",87,20,4,4,1
"unrestricted",2,20,4,4,1
"unrestricted",16,20,4,4,2
"unrestricted",31,20,4,4,1
"unrestricted",49,20,4,4,1
"unrestricted",17,20,4,4,2
"unrestricted",40,1,2,2,7
"unrestricted",56,1,2,2,5
"unrestricted",70,1,2,2,17
"unrestricted",26,1,2,2,36
"unrestricted",44,1,2,2,19
"unrestricted",62,1,2,2,12
"unrestricted",54,1,2,2,7
"unrestricted",53,1,2,2,7
"unrestricted",47,1,2,2,26
"unrestricted",36,1,2,2,1
"unrestricted",34,1,2,2,11
"unrestricted",1,1,6,6,252
"unrestricted",1,48,6,6,7
"unrestricted",1,48,1,1,7
"unrestricted",34,48,2,2,3
"unrestricted",59,48,2,2,10
"unrestricted",1,38,6,6,7
"unrestricted",25,38,6,6,5
"unrestricted",1,24,1,1,10
"unrestricted",25,56,6,6,3
"unrestricted",59,18,2,2,1
"unrestricted",72,18,2,2,2
"unrestricted",55,18,2,2,1
"unrestricted",18,18,2,2,10
"unrestricted",13,18,2,2,3
"unrestricted",9,18,2,2,4
"unrestricted",69,18,2,2,3
"unrestricted",60,18,2,2,1
"unrestricted",888,18,2,2,4
"unrestricted",20,20,6,6,239
"unrestricted",1,20,3,3,40
"unrestricted",20,18,6,6,35
"unrestricted",1,20,1,1,5
"unrestricted",20,20,1,1,26
"unrestricted",47,20,1,1,8
"unrestricted",888,20,1,1,3
"unrestricted",50,20,1,1,1
"unrestricted",75,20,1,1,3
"unrestricted",9,20,1,1,1
"unrestricted",36,20,1,1,3
"unrestricted",25,20,1,1,2
"unrestricted",38,20,1,1,2
"unrestricted",40,20,1,1,4
"unrestricted",24,20,1,1,6
"unrestricted",34,20,1,1,2
"unrestricted",83,20,1,1,1
"unrestricted",59,20,1,1,3
"unrestricted",26,20,1,1,6
"unrestricted",43,20,1,1,1
"unrestricted",54,20,1,1,2
"unrestricted",62,20,1,1,1
"unrestricted",48,20,1,1,1
"unrestricted",52,20,1,1,1
"unrestricted",73,20,1,1,2
"unrestricted",18,20,1,1,3
"unrestricted",91,20,1,1,1
"unrestricted",29,20,1,1,1
"unrestricted",60,20,1,1,1
"unrestricted",53,20,1,1,1
"unrestricted",1,18,3,3,6
"unrestricted",888,75,2,2,4
"unrestricted",24,75,2,2,13
"unrestricted",74,75,2,2,3
"unrestricted",52,75,2,2,2
"unrestricted",49,75,2,2,1
"unrestricted",95,75,2,2,1
"unrestricted",75,75,2,2,18
"unrestricted",1,44,3,3,13
"unrestricted",75,12,2,2,1
"unrestricted",38,15,2,2,2
"unrestricted",20,9,6,6,5
"unrestricted",20,12,6,6,1
"unrestricted",20,41,6,6,1
"unrestricted",38,62,2,2,1
"unrestricted",6,62,2,2,3
"unrestricted",58,62,2,2,1
"unrestricted",66,62,2,2,3
"unrestricted",64,62,2,2,3
"unrestricted",21,62,2,2,3
"unrestricted",48,62,2,2,5
"unrestricted",43,62,2,2,3
"unrestricted",20,1,3,3,36
"unrestricted",20,25,6,6,10
"unrestricted",1,26,6,6,2
"unrestricted",44,26,6,6,35
"unrestricted",20,25,2,2,2
"unrestricted",73,25,2,2,1
"unrestricted",73,26,2,2,3
"unrestricted",79,26,2,2,1
"unrestricted",16,26,2,2,1
"unrestricted",42,26,2,2,1
"unrestricted",50,26,2,2,1
"unrestricted",76,26,2,2,1
"unrestricted",67,26,2,2,2
"unrestricted",3,26,2,2,1
"unrestricted",103,26,2,2,1
"unrestricted",83,26,2,2,1
"unrestricted",25,26,2,2,1
"unrestricted",99,26,2,2,1
"unrestricted",31,26,2,2,1
"unrestricted",24,29,3,3,1
"unrestricted",44,34,6,6,9
"unrestricted",38,34,6,6,5
"unrestricted",38,21,6,6,1
"unrestricted",34,21,6,6,11
"unrestricted",34,59,6,6,6
"unrestricted",24,47,3,3,4
"unrestricted",13,47,3,3,2
"unrestricted",75,47,3,3,6
"unrestricted",34,47,6,6,8
"unrestricted",75,47,6,6,36
"unrestricted",75,89,6,6,1
"unrestricted",59,83,6,6,1
"unrestricted",59,44,6,6,14
"unrestricted",58,44,6,6,3
"unrestricted",20,44,6,6,3
"unrestricted",20,40,6,6,4
"unrestricted",26,40,6,6,15
"unrestricted",26,53,6,6,5
"unrestricted",26,14,6,6,3
"unrestricted",75,38,3,3,4
"unrestricted",77,38,3,3,1
"unrestricted",20,34,3,3,2
"unrestricted",20,72,3,3,3
"unrestricted",26,888,6,6,5
"unrestricted",20,75,3,3,4
"unrestricted",26,75,6,6,12
"unrestricted",18,75,6,6,17
"unrestricted",18,6,6,6,2
"unrestricted",18,3,6,6,2
"unrestricted",18,103,6,6,2
"unrestricted",18,24,6,6,4
"unrestricted",20,24,3,3,2
"unrestricted",18,10,6,6,4
"unrestricted",18,72,6,6,5
"unrestricted",20,62,3,3,4
"unrestricted",20,59,3,3,1
"unrestricted",18,70,6,6,1
"unrestricted",47,70,6,6,3
"unrestricted",20,70,3,3,1
"unrestricted",47,8,6,6,2
"unrestricted",47,13,6,6,2
"unrestricted",47,42,6,6,3
"unrestricted",47,11,6,6,3
"unrestricted",20,40,3,3,3
"unrestricted",47,76,6,6,1
"unrestricted",47,74,6,6,2
"unrestricted",20,74,3,3,1
"unrestricted",47,66,6,6,1
"unrestricted",20,25,3,3,2
"unrestricted",20,3,3,3,2
"unrestricted",47,45,6,6,1
"unrestricted",20,53,3,3,2
"unrestricted",20,888,3,3,1
"unrestricted",47,43,6,6,2
"unrestricted",20,69,3,3,1
"unrestricted",20,103,3,3,1
"unrestricted",20,9,3,3,1
"unrestricted",20,52,3,3,1
"unrestricted",20,48,3,3,1
"unrestricted",20,36,3,3,1
"unrestricted",47,79,6,6,1
"unrestricted",47,58,6,6,3
"unrestricted",47,73,6,6,1
"unrestricted",20,11,3,3,1
"unrestricted",20,58,3,3,1
"unrestricted",47,88,6,6,1
"unrestricted",20,26,3,3,1
"unrestricted",47,52,6,6,1
"unrestricted",20,16,3,3,1
"unrestricted",47,16,6,6,1
"within_caste",59,59,2,2,10
"within_caste",59,59,4,4,54
"within_caste",59,59,6,4,6
"within_caste",58,59,4,4,4
"within_caste",20,20,6,5,47
"within_caste",20,20,5,5,308
"within_caste",20,20,3,5,45
"within_caste",21,20,5,5,8
"within_caste",21,20,6,5,10
"within_caste",21,20,3,5,1
"within_caste",1,1,6,4,24
"within_caste",1,1,4,4,624
"within_caste",1,1,3,4,18
"within_caste",69,1,4,4,20
"within_caste",52,1,4,4,9
"within_caste",888,1,4,4,23
"within_caste",52,1,6,4,2
"within_caste",6,1,4,4,6
"within_caste",888,1,6,4,5
"within_caste",3,1,4,4,5
"within_caste",6,1,6,4,2
"within_caste",3,1,6,4,1
"within_caste",69,1,3,4,2
"within_caste",7,1,4,4,2
"within_caste",888,1,3,4,1
"within_caste",69,1,6,4,2
"within_caste",6,1,3,4,2
"within_caste",2,1,4,4,1
"within_caste",3,1,3,4,2
"within_caste",70,70,5,5,13
"within_caste",70,70,6,5,1
"within_caste",70,70,3,5,1
"within_caste",76,76,4,4,8
"within_caste",76,76,3,4,1
"within_caste",34,34,6,4,11
"within_caste",34,34,4,4,80
"within_caste",34,34,3,4,9
"within_caste",35,34,4,4,4
"within_caste",35,34,6,4,2
"within_caste",35,34,3,4,1
"within_caste",1,1,5,5,350
"within_caste",69,1,5,5,5
"within_caste",6,1,5,5,6
"within_caste",3,1,5,5,3
"within_caste",888,1,5,5,9
"within_caste",52,1,5,5,4
"within_caste",7,1,5,5,1
"within_caste",58,62,6,6,3
"within_caste",62,62,6,6,16
"within_caste",20,20,2,2,129
"within_caste",95,20,2,2,1
"within_caste",21,20,2,2,3
"within_caste",95,20,4,4,2
"within_caste",20,20,4,4,767
"within_caste",21,20,4,4,27
"within_caste",38,38,4,4,42
"within_caste",38,38,1,4,1
"within_caste",24,24,3,4,3
"within_caste",24,24,4,4,42
"within_caste",24,24,6,4,1
"within_caste",1,1,2,2,92
"within_caste",69,1,2,2,3
"within_caste",888,1,2,2,8
"within_caste",52,1,2,2,2
"within_caste",6,1,2,2,3
"within_caste",3,1,2,2,1
"within_caste",1,1,6,6,252
"within_caste",48,48,6,6,7
"within_caste",48,48,4,4,22
"within_caste",48,48,5,5,14
"within_caste",48,48,1,1,1
"within_caste",48,48,2,2,5
"within_caste",38,38,6,6,6
"within_caste",59,59,5,5,13
"within_caste",58,59,5,5,2
"within_caste",59,59,3,5,3
"within_caste",73,73,4,5,1
"within_caste",73,73,6,5,5
"within_caste",73,73,5,5,5
"within_caste",73,73,3,5,1
"within_caste",24,24,1,1,6
"within_caste",56,56,6,6,1
"within_caste",18,18,6,5,2
"within_caste",18,18,5,5,47
"within_caste",86,18,6,5,1
"within_caste",18,18,3,5,4
"within_caste",18,18,4,4,94
"within_caste",18,18,2,2,10
"within_caste",20,20,6,6,239
"within_caste",20,20,3,3,40
"within_caste",18,18,6,6,35
"within_caste",20,20,1,1,26
"within_caste",18,18,1,1,3
"within_caste",18,18,3,3,6
"within_caste",75,75,5,5,75
"within_caste",75,75,6,5,7
"within_caste",75,75,3,5,6
"within_caste",79,75,6,5,2
"within_caste",79,75,5,5,3
"within_caste",75,75,4,4,96
"within_caste",79,75,4,4,6
"within_caste",75,75,2,2,19
"within_caste",79,75,2,2,1
"within_caste",96,96,5,5,1
"within_caste",44,44,4,4,85
"within_caste",44,44,6,4,23
"within_caste",44,44,2,4,5
"within_caste",44,44,5,5,61
"within_caste",44,44,3,3,11
"within_caste",9,14,4,4,4
"within_caste",72,72,4,4,16
"within_caste",72,72,6,4,1
"within_caste",9,12,2,2,1
"within_caste",72,72,5,5,9
"within_caste",9,12,4,4,5
"within_caste",9,15,2,2,2
"within_caste",9,13,1,1,1
"within_caste",9,12,5,5,3
"within_caste",10,9,6,6,4
"within_caste",13,9,6,6,1
"within_caste",12,12,6,6,1
"within_caste",40,40,4,4,111
"within_caste",40,40,6,4,23
"within_caste",40,40,3,4,6
"within_caste",31,40,6,4,1
"within_caste",31,40,4,4,1
"within_caste",40,40,5,5,38
"within_caste",31,40,5,5,1
"within_caste",41,41,6,6,1
"within_caste",62,62,4,4,57
"within_caste",62,62,5,5,16
"within_caste",62,62,2,2,12
"within_caste",58,62,2,2,1
"within_caste",1,1,3,3,36
"within_caste",1,1,1,1,22
"within_caste",888,1,1,1,3
"within_caste",52,1,1,1,1
"within_caste",75,75,1,1,3
"within_caste",42,42,4,4,6
"within_caste",43,42,4,4,5
"within_caste",43,42,6,4,2
"within_caste",43,42,1,4,1
"within_caste",25,25,6,5,1
"within_caste",26,25,5,5,14
"within_caste",26,25,3,5,4
"within_caste",25,25,3,5,1
"within_caste",28,25,6,5,4
"within_caste",28,25,3,5,1
"within_caste",27,25,6,5,1
"within_caste",25,25,6,6,7
"within_caste",26,25,6,6,3
"within_caste",26,25,4,4,38
"within_caste",26,26,4,4,98
"within_caste",25,26,4,4,22
"within_caste",34,35,5,5,4
"within_caste",26,26,6,6,37
"within_caste",26,25,2,2,3
"within_caste",26,26,5,5,24
"within_caste",25,26,5,5,7
"within_caste",28,28,4,4,11
"within_caste",26,26,2,2,33
"within_caste",25,26,2,2,1
"within_caste",25,29,3,3,1
"within_caste",59,59,1,1,3
"within_caste",16,17,5,5,3
"within_caste",56,56,2,2,5
"within_caste",34,34,1,1,2
"within_caste",16,16,4,4,2
"within_caste",56,56,5,5,1
"within_caste",42,42,5,5,7
"within_caste",43,42,5,5,2
"within_caste",43,43,2,2,3
"within_caste",42,43,2,2,1
"within_caste",16,16,2,2,1
"within_caste",67,79,5,5,1
"within_caste",16,79,5,5,1
"within_caste",102,79,6,5,1
"within_caste",67,79,3,5,2
"within_caste",78,79,6,5,1
"within_caste",34,34,5,5,29
"within_caste",34,34,6,6,14
"within_caste",72,72,2,2,2
"within_caste",24,24,5,5,13
"within_caste",73,73,4,4,27
"within_caste",50,50,5,5,3
"within_caste",50,50,1,5,1
"within_caste",50,50,6,5,2
"within_caste",50,50,3,5,1
"within_caste",56,56,4,4,16
"within_caste",38,38,5,5,16
"within_caste",13,13,3,5,1
"within_caste",13,13,5,5,6
"within_caste",9,13,5,5,6
"within_caste",47,47,5,5,121
"within_caste",47,47,3,5,5
"within_caste",47,47,6,5,29
"within_caste",20,21,6,6,12
"within_caste",70,70,4,4,34
"within_caste",36,36,4,4,15
"within_caste",36,36,1,4,1
"within_caste",36,36,5,5,6
"within_caste",53,53,4,4,33
"within_caste",54,53,2,4,4
"within_caste",53,53,3,4,1
"within_caste",53,53,6,4,1
"within_caste",54,53,4,4,13
"within_caste",54,53,5,5,5
"within_caste",53,53,5,5,18
"within_caste",59,59,6,6,6
"within_caste",47,47,4,4,169
"within_caste",47,47,2,2,26
"within_caste",47,47,3,3,12
"within_caste",47,47,6,6,44
"within_caste",47,47,1,1,8
"within_caste",89,89,4,4,1
"within_caste",83,83,2,6,1
"within_caste",70,70,2,2,17
"within_caste",27,27,4,4,3
"within_caste",25,26,1,1,2
"within_caste",26,26,1,1,6
"within_caste",27,27,5,5,2
"within_caste",44,44,6,6,20
"within_caste",44,44,2,2,14
"within_caste",10,10,4,4,7
"within_caste",11,11,4,4,3
"within_caste",40,40,2,2,21
"within_caste",31,40,2,2,1
"within_caste",40,40,6,6,19
"within_caste",63,58,4,4,1
"within_caste",60,58,4,4,6
"within_caste",63,58,3,4,1
"within_caste",60,58,6,4,1
"within_caste",13,9,4,4,14
"within_caste",14,9,4,4,2
"within_caste",54,54,2,2,3
"within_caste",53,53,6,6,5
"within_caste",24,24,2,2,13
"within_caste",9,14,6,6,3
"within_caste",66,66,2,5,3
"within_caste",66,66,4,4,7
"within_caste",38,38,3,3,1
"within_caste",34,34,3,3,2
"within_caste",9,10,2,2,1
"within_caste",74,74,4,4,8
"within_caste",67,79,4,4,3
"within_caste",17,79,4,4,2
"within_caste",38,38,2,2,3
"within_caste",83,83,4,4,1
"within_caste",34,34,2,2,14
"within_caste",38,38,1,1,1
"within_caste",11,11,5,5,4
"within_caste",72,72,3,3,1
"within_caste",1,888,6,6,5
"within_caste",73,73,1,1,2
"within_caste",50,50,4,4,3
"within_caste",76,76,2,2,1
"within_caste",75,75,3,3,4
"within_caste",75,75,6,6,29
"within_caste",91,9,1,1,1
"within_caste",59,58,2,2,1
"within_caste",1,6,6,6,2
"within_caste",53,53,2,2,7
"within_caste",14,14,5,5,3
"within_caste",1,3,6,6,2
"within_caste",67,79,2,2,2
"within_caste",10,10,5,5,5
"within_caste",103,103,5,5,1
"within_caste",103,103,6,5,1
"within_caste",103,103,4,4,8
"within_caste",103,103,6,6,2
"within_caste",103,103,2,2,1
"within_caste",99,99,4,4,3
"within_caste",99,99,4,5,1
"within_caste",99,99,5,5,2
"within_caste",63,58,5,5,2
"within_caste",64,64,6,4,1
"within_caste",64,64,4,4,6
"within_caste",36,36,2,2,1
"within_caste",29,29,5,5,4
"within_caste",24,24,6,6,4
"within_caste",24,24,3,3,2
"within_caste",28,28,5,5,6
"within_caste",54,53,1,1,1
"within_caste",53,53,1,1,1
"within_caste",9,10,6,6,4
"within_caste",14,9,5,5,1
"within_caste",15,9,5,5,1
"within_caste",40,40,1,1,4
"within_caste",72,72,6,6,5
"within_caste",29,29,4,4,5
"within_caste",13,9,2,2,3
"within_caste",62,62,3,3,4
"within_caste",62,62,1,1,1
"within_caste",76,76,5,5,2
"within_caste",50,50,2,2,1
"within_caste",59,59,3,3,1
"within_caste",70,70,6,6,4
"within_caste",70,70,3,3,1
"within_caste",29,25,1,1,1
"within_caste",1,8,6,6,2
"within_caste",73,73,2,2,4
"within_caste",13,13,6,6,2
"within_caste",42,42,6,6,3
"within_caste",9,11,6,6,3
"within_caste",40,40,3,3,3
"within_caste",74,74,5,5,2
"within_caste",76,76,6,6,1
"within_caste",74,74,2,2,3
"within_caste",64,64,6,1,1
"within_caste",36,36,1,1,2
"within_caste",74,74,6,6,1
"within_caste",87,87,4,4,1
"within_caste",87,87,6,4,1
"within_caste",64,64,2,2,3
"within_caste",26,25,3,3,2
"within_caste",1,3,3,3,2
"within_caste",83,83,1,1,1
"within_caste",44,45,6,6,1
"within_caste",54,54,1,1,1
"within_caste",53,53,3,3,2
"within_caste",1,888,3,3,1
"within_caste",43,43,6,6,2
"within_caste",87,87,5,1,1
"within_caste",49,49,4,4,1
"within_caste",67,67,3,1,1
"within_caste",1,69,3,3,1
"within_caste",49,49,2,2,1
"within_caste",13,9,3,3,1
"within_caste",65,65,4,5,1
"within_caste",1,52,3,3,1
"within_caste",71,71,4,4,1
"within_caste",48,48,3,3,1
"within_caste",36,36,6,3,1
"within_caste",60,60,1,1,1
"within_caste",75,79,6,6,1
"within_caste",59,58,6,6,3
"within_caste",73,73,6,6,1
"within_caste",59,58,3,3,1
"within_caste",60,60,2,2,1
"within_caste",1,88,6,6,1
"within_caste",64,64,5,5,1
"within_caste",26,26,3,3,1
"within_caste",55,55,2,2,1
"within_caste",1,52,6,6,1
"within_caste",79,16,3,3,1
"within_caste",16,16,6,6,1
"within_caste_typo_corrected",59,59,2,2,10
"within_caste_typo_corrected",59,59,4,4,54
"within_caste_typo_corrected",59,59,6,4,6
"within_caste_typo_corrected",58,59,4,4,4
"within_caste_typo_corrected",20,20,6,5,47
"within_caste_typo_corrected",20,20,5,5,308
"within_caste_typo_corrected",20,20,3,5,45
"within_caste_typo_corrected",21,20,5,5,8
"within_caste_typo_corrected",21,20,6,5,10
"within_caste_typo_corrected",21,20,3,5,1
"within_caste_typo_corrected",1,1,6,4,24
"within_caste_typo_corrected",1,1,4,4,624
"within_caste_typo_corrected",1,1,3,4,18
"within_caste_typo_corrected",69,1,4,4,20
"within_caste_typo_corrected",52,1,4,4,9
"within_caste_typo_corrected",888,1,4,4,23
"within_caste_typo_corrected",52,1,6,4,2
"within_caste_typo_corrected",6,1,4,4,6
"within_caste_typo_corrected",888,1,6,4,5
"within_caste_typo_corrected",3,1,4,4,5
"within_caste_typo_corrected",6,1,6,4,2
"within_caste_typo_corrected",3,1,6,4,1
"within_caste_typo_corrected",69,1,3,4,2
"within_caste_typo_corrected",7,1,4,4,2
"within_caste_typo_corrected",888,1,3,4,1
"within_caste_typo_corrected",69,1,6,4,2
"within_caste_typo_corrected",6,1,3,4,2
"within_caste_typo_corrected",2,1,4,4,1
"within_caste_typo_corrected",3,1,3,4,2
"within_caste_typo_corrected",70,70,5,5,13
"within_caste_typo_corrected",70,70,6,5,1
"within_caste_typo_corrected",70,70,3,5,1
"within_caste_typo_corrected",76,76,4,4,8
"within_caste_typo_corrected",76,76,3,4,1
"within_caste_typo_corrected",34,34,6,4,11
"within_caste_typo_corrected",34,34,4,4,80
"within_caste_typo_corrected",34,34,3,4,9
"within_caste_typo_corrected",35,34,4,4,4
"within_caste_typo_corrected",35,34,6,4,2
"within_caste_typo_corrected",35,34,3,4,1
"within_caste_typo_corrected",1,1,5,5,350
"within_caste_typo_corrected",69,1,5,5,5
"within_caste_typo_corrected",6,1,5,5,6
"within_caste_typo_corrected",3,1,5,5,3
"within_caste_typo_corrected",888,1,5,5,9
"within_caste_typo_corrected",52,1,5,5,4
"within_caste_typo_corrected",7,1,5,5,1
"within_caste_typo_corrected",58,62,6,6,3
"within_caste_typo_corrected",62,62,6,6,16
"within_caste_typo_corrected",20,20,2,2,129
"within_caste_typo_corrected",95,20,2,2,1
"within_caste_typo_corrected",21,20,2,2,3
"within_caste_typo_corrected",95,20,4,4,2
"within_caste_typo_corrected",20,20,4,4,767
"within_caste_typo_corrected",21,20,4,4,27
"within_caste_typo_corrected",38,38,4,4,42
"within_caste_typo_corrected",38,38,1,4,1
"within_caste_typo_corrected",24,24,3,4,3
"within_caste_typo_corrected",24,24,4,4,42
"within_caste_typo_corrected",24,24,6,4,1
"within_caste_typo_corrected",1,1,2,2,92
"within_caste_typo_corrected",69,1,2,2,3
"within_caste_typo_corrected",888,1,2,2,8
"within_caste_typo_corrected",52,1,2,2,2
"within_caste_typo_corrected",6,1,2,2,3
"within_caste_typo_corrected",3,1,2,2,1
"within_caste_typo_corrected",1,1,6,6,252
"within_caste_typo_corrected",48,48,6,6,7
"within_caste_typo_corrected",48,48,4,4,22
"within_caste_typo_corrected",48,48,5,5,14
"within_caste_typo_corrected",48,48,1,1,1
"within_caste_typo_corrected",48,48,2,2,5
"within_caste_typo_corrected",38,38,6,6,6
"within_caste_typo_corrected",59,59,5,5,13
"within_caste_typo_corrected",58,59,5,5,2
"within_caste_typo_corrected",59,59,3,5,3
"within_caste_typo_corrected",73,73,4,5,1
"within_caste_typo_corrected",73,73,6,5,5
"within_caste_typo_corrected",73,73,5,5,5
"within_caste_typo_corrected",73,73,3,5,1
"within_caste_typo_corrected",24,24,1,1,6
"within_caste_typo_corrected",56,56,6,6,1
"within_caste_typo_corrected",18,18,6,5,2
"within_caste_typo_corrected",18,18,5,5,47
"within_caste_typo_corrected",86,18,6,5,1
"within_caste_typo_corrected",18,18,3,5,4
"within_caste_typo_corrected",18,18,4,4,94
"within_caste_typo_corrected",18,18,2,2,10
"within_caste_typo_corrected",20,20,6,6,239
"within_caste_typo_corrected",20,20,3,3,40
"within_caste_typo_corrected",18,18,6,6,35
"within_caste_typo_corrected",20,20,1,1,26
"within_caste_typo_corrected",18,18,1,1,3
"within_caste_typo_corrected",18,18,3,3,6
"within_caste_typo_corrected",75,75,5,5,75
"within_caste_typo_corrected",75,75,6,5,7
"within_caste_typo_corrected",75,75,3,5,6
"within_caste_typo_corrected",79,75,6,5,2
"within_caste_typo_corrected",79,75,5,5,3
"within_caste_typo_corrected",75,75,4,4,96
"within_caste_typo_corrected",79,75,4,4,6
"within_caste_typo_corrected",75,75,2,2,19
"within_caste_typo_corrected",79,75,2,2,1
"within_caste_typo_corrected",96,96,5,5,1
"within_caste_typo_corrected",44,44,4,4,85
"within_caste_typo_corrected",44,44,6,4,23
"within_caste_typo_corrected",44,44,2,4,5
"within_caste_typo_corrected",44,44,5,5,61
"within_caste_typo_corrected",44,44,3,3,11
"within_caste_typo_corrected",9,14,4,4,4
"within_caste_typo_corrected",72,72,4,4,16
"within_caste_typo_corrected",72,72,6,4,1
"within_caste_typo_corrected",9,12,2,2,1
"within_caste_typo_corrected",72,72,5,5,9
"within_caste_typo_corrected",9,12,4,4,5
"within_caste_typo_corrected",9,15,2,2,2
"within_caste_typo_corrected",9,13,1,1,1
"within_caste_typo_corrected",9,12,5,5,3
"within_caste_typo_corrected",10,9,6,6,4
"within_caste_typo_corrected",13,9,6,6,1
"within_caste_typo_corrected",12,12,6,6,1
"within_caste_typo_corrected",40,40,4,4,111
"within_caste_typo_corrected",40,40,6,4,23
"within_caste_typo_corrected",40,40,3,4,6
"within_caste_typo_corrected",31,40,6,4,1
"within_caste_typo_corrected",31,40,4,4,1
"within_caste_typo_corrected",40,40,5,5,38
"within_caste_typo_corrected",31,40,5,5,1
"within_caste_typo_corrected",41,41,6,6,1
"within_caste_typo_corrected",62,62,4,4,57
"within_caste_typo_corrected",62,62,5,5,16
"within_caste_typo_corrected",62,62,2,2,12
"within_caste_typo_corrected",58,62,2,2,1
"within_caste_typo_corrected",1,1,3,3,36
"within_caste_typo_corrected",1,1,1,1,22
"within_caste_typo_corrected",888,1,1,1,3
"within_caste_typo_corrected",52,1,1,1,1
"within_caste_typo_corrected",75,75,1,1,3
"within_caste_typo_corrected",42,42,4,4,6
"within_caste_typo_corrected",43,42,4,4,5
"within_caste_typo_corrected",43,42,6,4,2
"within_caste_typo_corrected",43,42,1,4,1
"within_caste_typo_corrected",25,25,6,5,1
"within_caste_typo_corrected",26,25,5,5,14
"within_caste_typo_corrected",26,25,3,5,4
"within_caste_typo_corrected",25,25,3,5,1
"within_caste_typo_corrected",28,25,6,5,4
"within_caste_typo_corrected",28,25,3,5,1
"within_caste_typo_corrected",27,25,6,5,1
"within_caste_typo_corrected",25,25,6,6,7
"within_caste_typo_corrected",26,25,6,6,3
"within_caste_typo_corrected",26,25,4,4,38
"within_caste_typo_corrected",26,26,4,4,98
"within_caste_typo_corrected",25,26,4,4,22
"within_caste_typo_corrected",34,35,5,5,4
"within_caste_typo_corrected",26,26,6,6,37
"within_caste_typo_corrected",26,25,2,2,3
"within_caste_typo_corrected",26,26,5,5,24
"within_caste_typo_corrected",25,26,5,5,7
"within_caste_typo_corrected",28,28,4,4,11
"within_caste_typo_corrected",26,26,2,2,33
"within_caste_typo_corrected",25,26,2,2,1
"within_caste_typo_corrected",25,29,3,3,1
"within_caste_typo_corrected",59,59,1,1,3
"within_caste_typo_corrected",16,17,5,5,3
"within_caste_typo_corrected",56,56,2,2,5
"within_caste_typo_corrected",34,34,1,1,2
"within_caste_typo_corrected",16,16,4,4,2
"within_caste_typo_corrected",17,16,4,4,2
"within_caste_typo_corrected",56,56,5,5,1
"within_caste_typo_corrected",42,42,5,5,7
"within_caste_typo_corrected",43,42,5,5,2
"within_caste_typo_corrected",43,43,2,2,3
"within_caste_typo_corrected",42,43,2,2,1
"within_caste_typo_corrected",16,16,2,2,1
"within_caste_typo_corrected",67,79,5,5,1
"within_caste_typo_corrected",16,79,5,5,1
"within_caste_typo_corrected",102,79,6,5,1
"within_caste_typo_corrected",67,79,3,5,2
"within_caste_typo_corrected",78,79,6,5,1
"within_caste_typo_corrected",34,34,5,5,29
"within_caste_typo_corrected",34,34,6,6,14
"within_caste_typo_corrected",72,72,2,2,2
"within_caste_typo_corrected",24,24,5,5,13
"within_caste_typo_corrected",73,73,4,4,27
"within_caste_typo_corrected",50,50,5,5,3
"within_caste_typo_corrected",50,50,1,5,1
"within_caste_typo_corrected",50,50,6,5,2
"within_caste_typo_corrected",50,50,3,5,1
"within_caste_typo_corrected",56,56,4,4,16
"within_caste_typo_corrected",38,38,5,5,16
"within_caste_typo_corrected",13,13,3,5,1
"within_caste_typo_corrected",13,13,5,5,6
"within_caste_typo_corrected",9,13,5,5,6
"within_caste_typo_corrected",47,47,5,5,121
"within_caste_typo_corrected",47,47,3,5,5
"within_caste_typo_corrected",47,47,6,5,29
"within_caste_typo_corrected",20,21,6,6,12
"within_caste_typo_corrected",70,70,4,4,34
"within_caste_typo_corrected",36,36,4,4,15
"within_caste_typo_corrected",36,36,1,4,1
"within_caste_typo_corrected",36,36,5,5,6
"within_caste_typo_corrected",53,53,4,4,33
"within_caste_typo_corrected",54,53,2,4,4
"within_caste_typo_corrected",53,53,3,4,1
"within_caste_typo_corrected",53,53,6,4,1
"within_caste_typo_corrected",54,53,4,4,13
"within_caste_typo_corrected",54,53,5,5,5
"within_caste_typo_corrected",53,53,5,5,18
"within_caste_typo_corrected",59,59,6,6,6
"within_caste_typo_corrected",47,47,4,4,169
"within_caste_typo_corrected",47,47,2,2,26
"within_caste_typo_corrected",47,47,3,3,12
"within_caste_typo_corrected",47,47,6,6,44
"within_caste_typo_corrected",47,47,1,1,8
"within_caste_typo_corrected",89,89,4,4,1
"within_caste_typo_corrected",83,83,2,6,1
"within_caste_typo_corrected",70,70,2,2,17
"within_caste_typo_corrected",27,27,4,4,3
"within_caste_typo_corrected",25,26,1,1,2
"within_caste_typo_corrected",26,26,1,1,6
"within_caste_typo_corrected",27,27,5,5,2
"within_caste_typo_corrected",44,44,6,6,20
"within_caste_typo_corrected",44,44,2,2,14
"within_caste_typo_corrected",10,10,4,4,7
"within_caste_typo_corrected",11,11,4,4,3
"within_caste_typo_corrected",40,40,2,2,21
"within_caste_typo_corrected",31,40,2,2,1
"within_caste_typo_corrected",40,40,6,6,19
"within_caste_typo_corrected",63,58,4,4,1
"within_caste_typo_corrected",60,58,4,4,6
"within_caste_typo_corrected",63,58,3,4,1
"within_caste_typo_corrected",60,58,6,4,1
"within_caste_typo_corrected",13,9,4,4,14
"within_caste_typo_corrected",14,9,4,4,2
"within_caste_typo_corrected",54,54,2,2,3
"within_caste_typo_corrected",53,53,6,6,5
"within_caste_typo_corrected",24,24,2,2,13
"within_caste_typo_corrected",9,14,6,6,3
"within_caste_typo_corrected",66,66,2,5,3
"within_caste_typo_corrected",66,66,4,4,7
"within_caste_typo_corrected",38,38,3,3,1
"within_caste_typo_corrected",34,34,3,3,2
"within_caste_typo_corrected",9,10,2,2,1
"within_caste_typo_corrected",74,74,4,4,8
"within_caste_typo_corrected",67,79,4,4,3
"within_caste_typo_corrected",38,38,2,2,3
"within_caste_typo_corrected",83,83,4,4,1
"within_caste_typo_corrected",34,34,2,2,14
"within_caste_typo_corrected",38,38,1,1,1
"within_caste_typo_corrected",11,11,5,5,4
"within_caste_typo_corrected",72,72,3,3,1
"within_caste_typo_corrected",1,888,6,6,5
"within_caste_typo_corrected",73,73,1,1,2
"within_caste_typo_corrected",50,50,4,4,3
"within_caste_typo_corrected",76,76,2,2,1
"within_caste_typo_corrected",75,75,3,3,4
"within_caste_typo_corrected",75,75,6,6,29
"within_caste_typo_corrected",91,9,1,1,1
"within_caste_typo_corrected",59,58,2,2,1
"within_caste_typo_corrected",1,6,6,6,2
"within_caste_typo_corrected",53,53,2,2,7
"within_caste_typo_corrected",14,14,5,5,3
"within_caste_typo_corrected",1,3,6,6,2
"within_caste_typo_corrected",67,79,2,2,2
"within_caste_typo_corrected",10,10,5,5,5
"within_caste_typo_corrected",103,103,5,5,1
"within_caste_typo_corrected",103,103,6,5,1
"within_caste_typo_corrected",103,103,4,4,8
"within_caste_typo_corrected",103,103,6,6,2
"within_caste_typo_corrected",103,103,2,2,1
"within_caste_typo_corrected",99,99,4,4,3
"within_caste_typo_corrected",99,99,4,5,1
"within_caste_typo_corrected",99,99,5,5,2
"within_caste_typo_corrected",63,58,5,5,2
"within_caste_typo_corrected",64,64,6,4,1
"within_caste_typo_corrected",64,64,4,4,6
"within_caste_typo_corrected",36,36,2,2,1
"within_caste_typo_corrected",29,29,5,5,4
"within_caste_typo_corrected",24,24,6,6,4
"within_caste_typo_corrected",24,24,3,3,2
"within_caste_typo_corrected",28,28,5,5,6
"within_caste_typo_corrected",54,53,1,1,1
"within_caste_typo_corrected",53,53,1,1,1
"within_caste_typo_corrected",9,10,6,6,4
"within_caste_typo_corrected",14,9,5,5,1
"within_caste_typo_corrected",15,9,5,5,1
"within_caste_typo_corrected",40,40,1,1,4
"within_caste_typo_corrected",72,72,6,6,5
"within_caste_typo_corrected",29,29,4,4,5
"within_caste_typo_corrected",13,9,2,2,3
"within_caste_typo_corrected",62,62,3,3,4
"within_caste_typo_corrected",62,62,1,1,1
"within_caste_typo_corrected",76,76,5,5,2
"within_caste_typo_corrected",50,50,2,2,1
"within_caste_typo_corrected",59,59,3,3,1
"within_caste_typo_corrected",70,70,6,6,4
"within_caste_typo_corrected",70,70,3,3,1
"within_caste_typo_corrected",29,25,1,1,1
"within_caste_typo_corrected",1,8,6,6,2
"within_caste_typo_corrected",73,73,2,2,4
"within_caste_typo_corrected",13,13,6,6,2
"within_caste_typo_corrected",42,42,6,6,3
"within_caste_typo_corrected",9,11,6,6,3
"within_caste_typo_corrected",40,40,3,3,3
"within_caste_typo_corrected",74,74,5,5,2
"within_caste_typo_corrected",76,76,6,6,1
"within_caste_typo_corrected",74,74,2,2,3
"within_caste_typo_corrected",64,64,6,1,1
"within_caste_typo_corrected",36,36,1,1,2
"within_caste_typo_corrected",74,74,6,6,1
"within_caste_typo_corrected",87,87,4,4,1
"within_caste_typo_corrected",87,87,6,4,1
"within_caste_typo_corrected",64,64,2,2,3
"within_caste_typo_corrected",26,25,3,3,2
"within_caste_typo_corrected",1,3,3,3,2
"within_caste_typo_corrected",83,83,1,1,1
"within_caste_typo_corrected",44,45,6,6,1
"within_caste_typo_corrected",54,54,1,1,1
"within_caste_typo_corrected",53,53,3,3,2
"within_caste_typo_corrected",1,888,3,3,1
"within_caste_typo_corrected",43,43,6,6,2
"within_caste_typo_corrected",87,87,5,1,1
"within_caste_typo_corrected",49,49,4,4,1
"within_caste_typo_corrected",67,67,3,1,1
"within_caste_typo_corrected",1,69,3,3,1
"within_caste_typo_corrected",49,49,2,2,1
"within_caste_typo_corrected",13,9,3,3,1
"within_caste_typo_corrected",65,65,4,5,1
"within_caste_typo_corrected",1,52,3,3,1
"within_caste_typo_corrected",71,71,4,4,1
"within_caste_typo_corrected",48,48,3,3,1
"within_caste_typo_corrected",36,36,6,3,1
"within_caste_typo_corrected",60,60,1,1,1
"within_caste_typo_corrected",75,79,6,6,1
"within_caste_typo_corrected",59,58,6,6,3
"within_caste_typo_corrected",73,73,6,6,1
"within_caste_typo_corrected",59,58,3,3,1
"within_caste_typo_corrected",60,60,2,2,1
"within_caste_typo_corrected",1,88,6,6,1
"within_caste_typo_corrected",64,64,5,5,1
"within_caste_typo_corrected",26,26,3,3,1
"within_caste_typo_corrected",55,55,2,2,1
"within_caste_typo_corrected",1,52,6,6,1
"within_caste_typo_corrected",79,16,3,3,1
"within_caste_typo_corrected",16,16,6,6,1
