"quantity","value"
"candidate_letters",5635
"candidate_advertisers",506
"reported_income_flag_letters",1930
"earnings_training_letters",1929
"earnings_training_advertisers",476
"first_stage_columns",14
"first_stage_rank",14
"aliased_coefficients",0
"downstream_letters",5629
"downstream_advertisers",506
"downstream_missing_predictions",0
"downstream_predictions_outside_linear_span",0
"r_nonestimable_predictions",0
"maximum_projection_error",4.44089209850063e-15
"column_reordering_maximum_prediction_change",8.88178419700125e-14
"same_caste_coefficient",0.139544181252375
"predicted_log_income_coefficient",0.347795725662503
"outside_income_premium",0.493652620801665
