"model","omitted","estimate","se","p"
"T3_1",1,0.130437324041859,0.0306991971621573,2.55965718434884e-05
"T3_1",3,0.132129914164162,0.0304824309846646,1.76355047663125e-05
"T3_1",4,0.131322935504895,0.030449043206465,1.93948838979559e-05
"T3_1",5,0.13090047059942,0.0304761350605796,2.09488523864555e-05
"T3_1",6,0.131481356115375,0.0304770657529179,1.92908577203545e-05
"T3_1",7,0.13160812358335,0.0304440421424814,1.85599134448457e-05
"T3_1",8,0.131765385322312,0.0304293995321522,1.79806318345751e-05
"T3_1",9,0.129711359891208,0.0304559381186317,2.45055268022875e-05
"T3_1",11,0.135630469127853,0.0302591802357412,9.14895333393235e-06
"T3_1",13,0.132274317310499,0.030493990306651,1.73980986102729e-05
"T3_1",17,0.131733152317329,0.0304611882636358,1.84247903403275e-05
"T3_1",23,0.131458712394538,0.0305626324885622,2.03993852965517e-05
"T3_1",24,0.132111034218795,0.0306580631429977,1.97102445697012e-05
"T3_1",25,0.130797861833437,0.0304707287913043,2.11874480203449e-05
"T3_1",29,0.131339457767093,0.0304465610534992,1.93193516669303e-05
"T3_1",31,0.133356315921985,0.0306032648385048,1.59441575683081e-05
"T3_1",32,0.131366160380223,0.0304528192986242,1.93201656321898e-05
"T3_1",41,0.132380722096613,0.0304385367376832,1.65491328317077e-05
"T3_1",43,0.132359762487177,0.0304359965475185,1.65728298971916e-05
"T3_1",46,0.131787693937278,0.030429674435083,1.79260828095176e-05
"T3_1",47,0.131794610645031,0.0304197410603642,1.77976803757325e-05
"T3_1",52,0.130837725549774,0.0304133939507639,2.03383577045302e-05
"T3_1",53,0.131791188008841,0.0304307355345771,1.79289238445464e-05
"T3_1",62,0.132512059903618,0.0305091831802961,1.69735119062643e-05
"T3_1",64,0.131012704121716,0.0304010265555932,1.96840123386366e-05
"T3_1",66,0.12814363847858,0.0302805852925006,2.75393971181185e-05
"T3_1",67,0.130355543778878,0.0304618664816269,2.24436506979189e-05
"T3_1",68,0.131685169793409,0.0305004790026817,1.90090802794324e-05
"T3_1",70,0.131813245607135,0.0304398030166525,1.79733639140469e-05
"T3_1",71,0.132850272470316,0.0304101132296757,1.51874086396933e-05
"T3_1",72,0.133560311419672,0.0304230825347597,1.38121570019914e-05
"T3_1",75,0.132070456686467,0.030440027391606,1.73225429287615e-05
"T3_1",76,0.131763601409552,0.0304614958448559,1.83479233289096e-05
"T3_1",77,0.13169268446843,0.0304319766587703,1.81987985557134e-05
"T3_1",79,0.13175808536684,0.0304457317413854,1.81834353357877e-05
"T3_1",81,0.131821244960694,0.0304283405285114,1.7824914078369e-05
"T3_1",82,0.13159407067446,0.030463027994014,1.88176377984935e-05
"T3_1",86,0.133122375221371,0.030565758934719,1.61068089883937e-05
"T3_1",87,0.13156273932074,0.0304487952729374,1.87363972747524e-05
"T3_1",89,0.132034731758543,0.0304769375137999,1.78173451739682e-05
"T3_1",90,0.130777136668541,0.0304224719332052,2.06303580765588e-05
"T3_1",91,0.131651961716201,0.0304324661569097,1.83112236043686e-05
"T3_1",92,0.132547346553957,0.0305464579103092,1.72849864112663e-05
"T3_1",93,0.131563629582376,0.0304398195903082,1.86299815843555e-05
"T3_1",95,0.133093335363761,0.0304565533617268,1.50992777554729e-05
"T3_1",96,0.13157308152376,0.0304472863765082,1.86911079642883e-05
"T3_1",100,0.130743850872376,0.0306905354799925,2.43908445574909e-05
"T3_1",101,0.129807380646258,0.0304282714077298,2.37726837105704e-05
"T3_1",102,0.131547425477147,0.0304360422536586,1.86296555015832e-05
"T3_1",103,0.129132806559678,0.0306074635088847,2.91029536485005e-05
"T3_1",106,0.131216811012407,0.0305019599545396,2.03439422470045e-05
"T3_1",109,0.131933862476755,0.0304353753067944,1.7615415617876e-05
"T3_1",110,0.132832973063338,0.030528023393654,1.63995725005284e-05
"T3_1",111,0.133052419554096,0.0304357080910274,1.49898414364346e-05
"T3_1",113,0.131328715236162,0.0305041484438885,2.00484277225275e-05
"T3_1",114,0.132892074213376,0.0303977174668066,1.49773681848095e-05
"T3_1",115,0.132557384497744,0.0304379630983535,1.61263845869351e-05
"T3_1",116,0.131505231264786,0.0304394123354718,1.87820850745151e-05
"T3_1",117,0.131743317961208,0.0304391405159933,1.81475106179244e-05
"T3_1",118,0.13183915647027,0.0304311810179086,1.78105389170065e-05
"T3_1",120,0.13251752001265,0.0304704534262998,1.65539336488656e-05
"T3_1",123,0.131848183114103,0.0304471994826262,1.79658486164296e-05
"T3_1",126,0.131795294000734,0.0304349962894047,1.79659637563937e-05
"T3_1",129,0.130214246254315,0.0305465176698889,2.41031319675593e-05
"T3_1",130,0.132951222815723,0.0304219753532645,1.50796026959775e-05
"T3_1",131,0.131678133538805,0.0305555420831177,1.968528365934e-05
"T3_1",132,0.132088921288947,0.0305548480332165,1.85551629507151e-05
"T3_1",133,0.131168935760666,0.0305564031803677,2.11774756232683e-05
"T3_1",134,0.131476250159147,0.030433074491593,1.87864004630951e-05
"T3_1",135,0.130498165592624,0.0304467057613925,2.17899437745938e-05
"T3_1",136,0.126683585600644,0.030667510858524,4.23064380910524e-05
"T3_1",137,0.13324879624362,0.0304539125354828,1.47381905773674e-05
"T3_1",138,0.13024178466707,0.030472860039511,2.2962629776912e-05
"T3_1",139,0.126832650974173,0.0305036491701365,3.77392502204832e-05
"T3_1",142,0.133039148349315,0.0304706304283353,1.53542523632448e-05
"T3_1",143,0.13157837203636,0.0304310253571012,1.84893350636735e-05
"T3_1",144,0.131938000330155,0.030564889522574,1.90778036924039e-05
"T3_1",146,0.131630077927337,0.0304286949220481,1.83258892093615e-05
"T3_1",148,0.13278129896231,0.0305745649658976,1.70094552925072e-05
"T3_1",149,0.13363306575242,0.0304997097471998,1.43507240414004e-05
"T3_1",150,0.131761098820737,0.0304471045402767,1.81910869461373e-05
"T3_1",152,0.131262661369911,0.0304530690340923,1.96117635767255e-05
"T3_1",153,0.132342467815768,0.0304734665891258,1.70089022961392e-05
"T3_1",155,0.132174280909964,0.0304193189067046,1.68453249589917e-05
"T3_1",156,0.132217521821166,0.030704658792525,1.99758617653896e-05
"T3_1",157,0.131848654421835,0.0304258297672434,1.77269407096263e-05
"T3_1",163,0.131702853132105,0.0304513977341061,1.8392956758197e-05
"T3_1",164,0.132547481477797,0.0304288730011129,1.60573239465724e-05
"T3_1",165,0.130748784360315,0.0304409369322315,2.09503603589233e-05
"T3_1",167,0.131970106488336,0.0304725765799891,1.79348216841044e-05
"T3_1",169,0.130586094872579,0.0305197921185897,2.24989540990402e-05
"T3_1",171,0.131786914382404,0.0304823002983751,1.85242717100651e-05
"T3_1",175,0.133666225247959,0.0303338760835838,1.2842941304477e-05
"T3_1",177,0.133984859378904,0.030377403486973,1.26068215214631e-05
"T3_1",178,0.132110060845148,0.0304533745717138,1.73682594188807e-05
"T3_1",179,0.125432011955358,0.0303293517550753,4.1461714045783e-05
"T3_1",184,0.131829172167484,0.0304660562607567,1.82275438077312e-05
"T3_1",186,0.131461355150411,0.030438337944387,1.88881491268455e-05
"T3_1",188,0.130374638400595,0.0304604377401588,2.23632816857888e-05
"T3_1",189,0.133201751741944,0.0306782884145658,1.7082612543204e-05
"T3_1",191,0.132578927668508,0.0304736986064155,1.64414185335197e-05
"T3_1",192,0.133127193694622,0.0305418578476253,1.58560184486626e-05
"T3_1",193,0.130777764577813,0.0304555103260878,2.10511304400087e-05
"T3_1",194,0.131682649911221,0.0304336153260416,1.82436596731841e-05
"T3_1",196,0.129738213214072,0.0304204843780718,2.38944231169978e-05
"T3_1",198,0.131775688691581,0.0304374919850832,1.8044717551242e-05
"T3_1",200,0.131396322783111,0.0304522656833295,1.92302484599004e-05
"T3_1",202,0.13175800010817,0.0304628312245959,1.8377919603188e-05
"T3_1",206,0.13303522083386,0.030436589125686,1.50356583194621e-05
"T3_1",207,0.131929850823845,0.0304398997017528,1.76754173690921e-05
"T3_1",208,0.131821344521015,0.0304727977451666,1.83246154618523e-05
"T3_1",209,0.132140478764078,0.0304187366556163,1.6921522558212e-05
"T3_1",211,0.133366299768499,0.030413413523501,1.41202363010759e-05
"T3_1",212,0.131728513378973,0.0304346619861093,1.81355667126628e-05
"T3_1",213,0.130955020234498,0.0304221888689089,2.01083343261245e-05
"T3_1",214,0.131295934030289,0.0304398202415009,1.9359398789344e-05
"T3_1",217,0.131696648636087,0.0304315249567471,1.81833174725189e-05
"T3_1",219,0.132020344537401,0.0305372238949429,1.85349520845173e-05
"T3_1",220,0.131856909479843,0.0304284904401261,1.77352999158506e-05
"T3_1",221,0.130106084100166,0.0305415001380924,2.44007283817941e-05
"T3_1",222,0.131865741567601,0.0304684464869392,1.81590220023498e-05
"T3_1",223,0.131883736542198,0.0304477053620736,1.78798625181863e-05
"T3_1",224,0.132467035940978,0.0305026359225327,1.70140681358071e-05
"T3_1",225,0.13215526835152,0.030418532397975,1.68832830447049e-05
"T3_1",229,0.131571963537694,0.0305168311764413,1.95153979254052e-05
"T3_1",230,0.131580630840802,0.0304254793280673,1.84197430519066e-05
"T3_1",231,0.131628040602518,0.0304316712615415,1.83652098022376e-05
"T3_1",233,0.131723447049585,0.030428829298682,1.80830099473786e-05
"T3_1",234,0.131490741926309,0.0304808892418218,1.9310502236039e-05
"T3_1",235,0.132062138388228,0.030450523361403,1.74573902023035e-05
"T3_1",236,0.131230398521384,0.0304349506688351,1.94833734890082e-05
"T3_1",238,0.131319333047163,0.0304323464302421,1.92055559071398e-05
"T3_1",240,0.130973833296547,0.0304575748290687,2.04958034066354e-05
"T3_1",241,0.132968781267398,0.0304977122426269,1.57783584921442e-05
"T3_1",242,0.131614575342393,0.0304317557988617,1.8401750378511e-05
"T3_1",243,0.131559128006672,0.0304356593678828,1.85939518667347e-05
"T3_1",244,0.133245007221688,0.0304087060669295,1.43284770388172e-05
"T3_1",245,0.133069021040115,0.0304647785899075,1.52315844732219e-05
"T3_1",246,0.131992953450089,0.030437634592749,1.74908264301403e-05
"T3_1",247,0.131787571710161,0.0304510589983241,1.81666373567915e-05
"T3_1",248,0.133375680462329,0.030521207287338,1.5099689658339e-05
"T3_1",249,0.137902564072449,0.0300447634532643,5.60544412771304e-06
"T3_1",250,0.130457664989014,0.0309163796872744,2.90162281405984e-05
"T3_1",251,0.132121074382924,0.0305228459370387,1.81072992546738e-05
"T3_1",254,0.130832821861624,0.0304634557650782,2.09883217412876e-05
"T3_1",258,0.131601539750261,0.0304350498407513,1.84740240167e-05
"T3_1",259,0.131938599674578,0.0304439315311289,1.76976250955917e-05
"T3_1",260,0.132380968814257,0.0304729949357741,1.69098521636487e-05
"T3_1",261,0.131679520497651,0.0304728358580515,1.8701750053169e-05
"T3_1",262,0.132540070169122,0.0304051569746415,1.58359794907015e-05
"T3_1",263,0.131561479414807,0.030452342022869,1.87810369752335e-05
"T3_1",264,0.128367190303571,0.0304670459322751,2.98197928874331e-05
"T3_1",265,0.131438760343136,0.0304571518192402,1.91714852435568e-05
"T3_1",266,0.132184641617672,0.0304273141878346,1.69046825695897e-05
"T3_1",267,0.131068838492144,0.0304415560521916,2.00209001075086e-05
"T3_1",268,0.131710180779744,0.0305281031814058,1.9267035416057e-05
"T3_1",270,0.129874262393917,0.030455122712836,2.39340521349603e-05
"T3_1",271,0.1319649985209,0.0304487601477756,1.76836959593333e-05
"T3_1",272,0.131574713231525,0.030435947903104,1.85557001887715e-05
"T3_1",273,0.132475896675746,0.0305142555892787,1.7116154960155e-05
"T3_1",274,0.131472408292866,0.0307255915007492,2.2480705743848e-05
"T3_1",275,0.132243579630018,0.0304405675938058,1.69013636938939e-05
"T3_1",276,0.131032669575671,0.03044349965761,2.01488975876929e-05
"T3_1",277,0.131960926096737,0.0304658765089617,1.78837651956077e-05
"T3_1",278,0.131718940820855,0.0304630218556609,1.848344042043e-05
"T3_1",279,0.130150079134798,0.0304501865393064,2.29456517157038e-05
"T3_1",282,0.128730051657492,0.0307060626253348,3.26137174324583e-05
"T3_1",285,0.130736756745576,0.0304306535379129,2.08543606483373e-05
"T3_1",286,0.132454576221238,0.0304386929901421,1.6375206401745e-05
"T3_1",287,0.131474720715191,0.0304417359681802,1.88917007566741e-05
"T3_1",288,0.132155648045341,0.0304504031812645,1.72226045876101e-05
"T3_1",289,0.1322855735438,0.030432851493778,1.67182177335911e-05
"T3_1",291,0.126643604156126,0.0304723839405285,3.80498381716242e-05
"T3_1",292,0.131654390414839,0.0304230755315388,1.81982094587882e-05
"T3_1",294,0.130636698384205,0.0304566336997202,2.14938484051254e-05
"T3_1",295,0.131531612958478,0.030447800698231,1.88086725208179e-05
"T3_1",297,0.13167210208964,0.0304367672755734,1.83071882774978e-05
"T3_1",298,0.130478845344845,0.0304553811043886,2.19660794765581e-05
"T3_1",301,0.13240923658938,0.0306501861110914,1.87997256392161e-05
"T3_1",302,0.133719854815933,0.0303615268038985,1.29717454641158e-05
"T3_1",303,0.131357263147844,0.0306053527789616,2.12431199018888e-05
"T3_1",304,0.13073416509418,0.0304355220832426,2.09245218860897e-05
"T3_1",305,0.132251506004337,0.030754362631225,2.0491673133156e-05
"T3_1",306,0.131391836572091,0.0304376076401717,1.90688625936865e-05
"T3_1",307,0.131471299392174,0.0304567942381802,1.9078053069907e-05
"T3_1",308,0.131504110699794,0.0304341702096917,1.87241254429086e-05
"T3_1",309,0.131676149958838,0.0304314852268704,1.82365356301252e-05
"T3_1",310,0.131504254692438,0.0304284256769993,1.86571074447455e-05
"T3_1",311,0.131701930128687,0.0304397029586176,1.82621810645035e-05
"T3_1",315,0.132718108613666,0.030401342756628,1.53955388048173e-05
"T3_1",316,0.130336963658353,0.0304504587966671,2.23472524692652e-05
"T3_1",317,0.132306468860471,0.0305961606927752,1.84521662947273e-05
"T3_1",318,0.131511458183568,0.0304539335685456,1.8934948144746e-05
"T3_1",319,0.131773076537923,0.0304307973652031,1.79763944948742e-05
"T3_1",320,0.131875147701959,0.0304544679186708,1.7977501399474e-05
"T3_1",321,0.132740031818582,0.0304421933536841,1.57480095333901e-05
"T3_1",322,0.131777423711912,0.030442769494241,1.80995751387247e-05
"T3_1",324,0.130991918962301,0.0304441561818887,2.02748869271812e-05
"T3_1",326,0.139786980356506,0.0297022910558894,3.26413402351892e-06
"T3_1",328,0.135175758380747,0.0306382772478384,1.25333540292822e-05
"T3_1",329,0.132666746927656,0.030453929756706,1.60338665857349e-05
"T3_1",330,0.130265769220963,0.0305625500625589,2.41605067249456e-05
"T3_1",331,0.13118789617712,0.0304763482087599,2.01090751462454e-05
"T3_1",332,0.134310016825074,0.0303631784547133,1.19098628301526e-05
"T3_1",333,0.132444536098369,0.0304458597246421,1.64729568143352e-05
"T3_1",335,0.131661425377337,0.0304296393646131,1.82542094397867e-05
"T3_1",336,0.132261718609534,0.0304396429689737,1.68474435500962e-05
"T3_1",337,0.128482514333263,0.030803158194749,3.56970853843729e-05
"T3_1",338,0.132527214839012,0.0304478970997813,1.62983387272026e-05
"T3_1",339,0.127684847368684,0.0306785021289046,3.70931757589905e-05
"T3_1",340,0.131631383551908,0.0304260228509473,1.82920268262391e-05
"T3_1",343,0.131539939491993,0.0304749868390619,1.91051069061817e-05
"T3_1",347,0.133281708657567,0.0305592876373411,1.56775890900987e-05
"T3_1",352,0.13182392442423,0.0304155394037923,1.76762988290777e-05
"T3_1",353,0.129985936009143,0.0304169704740617,2.30181812756712e-05
"T3_1",354,0.131599794633794,0.0304939822381851,1.9165746084423e-05
"T3_1",355,0.13372230164311,0.0304091720405063,1.33703616766012e-05
"T3_1",356,0.130446508557502,0.0304441728919847,2.19170407154272e-05
"T3_1",359,0.131351835929054,0.0304320120684511,1.91122633519e-05
"T3_1",361,0.128937452151597,0.0303914191648383,2.63029851817649e-05
"T3_1",362,0.129919058683495,0.0304149058979676,2.32091487527145e-05
"T3_1",363,0.132376443421611,0.030506517567266,1.72790084886638e-05
"T3_1",367,0.131912275734257,0.0305392550414862,1.88474886491554e-05
"T3_1",368,0.131511964537161,0.0304418134563153,1.87919004241054e-05
"T3_1",369,0.131725123129819,0.030710303483457,2.14927336059098e-05
"T3_1",371,0.131607039828508,0.0304702380538115,1.88667421592055e-05
"T3_1",372,0.131074334475618,0.030438568412852,1.99683537844667e-05
"T3_1",373,0.130209028952606,0.0305086972751576,2.35762326916858e-05
"T3_1",374,0.129604597163388,0.0304480709551132,2.47613195021076e-05
"T3_1",377,0.131626117000488,0.03044819045189,1.85597522933378e-05
"T3_1",378,0.131998253131231,0.0304419918198117,1.75250970442154e-05
"T3_1",379,0.131711640027831,0.0304304494821367,1.81320217783583e-05
"T3_1",381,0.132161333730106,0.0304753425178116,1.74786053785307e-05
"T3_1",382,0.130127599718842,0.0305148350341063,2.39384683047898e-05
"T3_1",383,0.131560269868834,0.0304294152989138,1.85189546959876e-05
"T3_1",384,0.131624773124053,0.0304517567359381,1.86044609803034e-05
"T3_1",385,0.132066358864627,0.0304548632556625,1.74941162769007e-05
"T3_1",386,0.131116397493989,0.0305501394735507,2.12548817679007e-05
"T3_1",387,0.131369085450016,0.0304185704070833,1.8906859515078e-05
"T3_1",389,0.132214806776996,0.0307695932202679,2.0789933958385e-05
"T3_1",390,0.131717065825133,0.0304263003152644,1.80711355618977e-05
"T3_1",391,0.131217399555075,0.0305292442493293,2.06854664908832e-05
"T3_1",392,0.131397527605234,0.0304711514339708,1.94526115808722e-05
"T3_1",393,0.132002058318209,0.0305378524363668,1.85907650454361e-05
"T3_1",394,0.131896937288139,0.0304255741365433,1.76013114301912e-05
"T3_1",396,0.13195455274598,0.0304313268762101,1.75186785869712e-05
"T3_1",397,0.131946600109453,0.0304189376906952,1.74035160401704e-05
"T3_1",398,0.131027454926851,0.0304275176371936,1.99663315767696e-05
"T3_1",399,0.13914550896431,0.029676266114707,3.54305399298035e-06
"T3_1",400,0.132205058498189,0.0304470028199548,1.70641013308536e-05
"T3_1",401,0.129568889790285,0.0304289147026405,2.46008864731499e-05
"T3_1",402,0.135919258840773,0.030223512489208,8.5560701075199e-06
"T3_1",403,0.130557443204099,0.0304464577817703,2.16032828439871e-05
"T3_1",404,0.12908298075234,0.0305351971273602,2.80793519860122e-05
"T3_1",405,0.13179863198149,0.0304389032226558,1.80010884123359e-05
"T3_1",406,0.131510495199397,0.0304260980055169,1.86134717919777e-05
"T3_1",410,0.131529378821758,0.0304326125160867,1.86382811039949e-05
"T3_1",411,0.132775541384374,0.0305877146916615,1.71635356214087e-05
"T3_1",412,0.133638676999729,0.0304341247996287,1.37522072014018e-05
"T3_1",414,0.133104631404967,0.030481056852893,1.53099902035558e-05
"T3_1",415,0.132617505417743,0.0304754332017527,1.63679955935353e-05
"T3_1",416,0.130774717656709,0.0305481967573088,2.22857874179629e-05
"T3_1",417,0.130244548412032,0.0304277091124588,2.23314650459281e-05
"T3_1",421,0.131592977569422,0.0304392839270401,1.85454623642483e-05
"T3_1",422,0.133306115726165,0.0303951596110951,1.40794689905288e-05
"T3_1",423,0.131725880807801,0.0304288557029267,1.80769781791773e-05
"T3_1",424,0.131005717761773,0.0305576428496929,2.16909288316641e-05
"T3_1",426,0.131303387284668,0.0304580468912383,1.95577271435849e-05
"T3_1",427,0.131851691132711,0.0304445128582724,1.79267697169726e-05
"T3_1",428,0.131113352681199,0.0304962809775153,2.05747038377013e-05
"T3_1",429,0.13148519410948,0.0304197040722054,1.86072266854385e-05
"T3_1",430,0.130999386679512,0.0304171312389085,1.99187407788501e-05
"T3_1",431,0.133276602582127,0.0304515059834103,1.46564678916026e-05
"T3_1",434,0.131654815816312,0.0304293610428366,1.82684004799954e-05
"T3_1",435,0.1324475260187,0.0304157715646137,1.61572322064335e-05
"T3_1",436,0.131733608908757,0.0304942815232651,1.88054304692572e-05
"T3_1",437,0.132101271301949,0.030467206828032,1.75410255933647e-05
"T3_1",438,0.131846328756234,0.0304548643370445,1.80565773934337e-05
"T3_1",439,0.131644480906852,0.0304363064040247,1.83747348235088e-05
"T3_1",440,0.131858741275549,0.0304371721838383,1.78268738026494e-05
"T3_1",441,0.131332709810255,0.0304239058973626,1.90688068511488e-05
"T3_1",442,0.131705103975761,0.0308043079736604,2.28123631371715e-05
"T3_1",443,0.131802252751873,0.0304381824160792,1.79836428016432e-05
"T3_1",444,0.132059980732018,0.0305130095117057,1.81554471503571e-05
"T3_1",446,0.130676031915288,0.0304773267696576,2.16457344646605e-05
"T3_1",447,0.132480741335167,0.0304287743740713,1.62119871560763e-05
"T3_1",450,0.131563268948261,0.0304460906287588,1.87035749707044e-05
"T3_1",451,0.132764722624562,0.0303931705582262,1.52128482166701e-05
"T3_1",452,0.131261666332971,0.0304361115287974,1.94101711408417e-05
"T3_1",454,0.131770779790544,0.0307035783691723,2.1267378141879e-05
"T3_1",456,0.131531079326551,0.0304458676789566,1.87875858168981e-05
"T3_1",457,0.132053260126199,0.0304384326994202,1.73482091092588e-05
"T3_1",458,0.128607576206589,0.0306174539720636,3.15022595711595e-05
"T3_1",459,0.13225530518203,0.0304100681359783,1.65529678524651e-05
"T3_1",460,0.134532801136476,0.0306996025455414,1.43013790976591e-05
"T3_1",467,0.131840279042766,0.0304955100274224,1.85342230188333e-05
"T3_1",468,0.133495662354565,0.0304399907153122,1.40939509626224e-05
"T3_1",469,0.131892432974945,0.0304232691737071,1.75874041794795e-05
"T3_1",470,0.131215558576859,0.0304601714726717,1.9831133065769e-05
"T3_1",471,0.131701679419016,0.030438340534725,1.82473728072307e-05
"T3_1",472,0.130103448266519,0.0306340349620398,2.58025868185396e-05
"T3_1",473,0.131512176940527,0.0304357110725017,1.87203398783658e-05
"T3_1",478,0.132305274360882,0.0305776529823095,1.82452505037572e-05
"T3_1",479,0.130547840139042,0.0304681745881923,2.19217553722964e-05
"T3_1",480,0.131822436369667,0.0304325926157041,1.78691620960124e-05
"T3_1",481,0.131764535946028,0.0304235657322871,1.79175761637316e-05
"T3_1",482,0.13337639471174,0.0304158865480087,1.41217759794784e-05
"T3_1",483,0.132558453748421,0.0304375888355125,1.61200950653806e-05
"T3_1",486,0.132999026740612,0.0303924827562659,1.46975290808859e-05
"T3_1",487,0.131397102803211,0.0304908504473529,1.96916018862387e-05
"T3_1",488,0.129283037873112,0.0304071290492816,2.52840469582646e-05
"T3_1",493,0.13060019614619,0.0304588939936802,2.16358714634256e-05
"T3_1",494,0.13049330806007,0.0304797763342571,2.22493796389936e-05
"T3_1",495,0.133495107779684,0.0303911977268738,1.36624367077538e-05
"T3_1",496,0.134778890938955,0.0303228968324488,1.08272338109768e-05
"T3_1",497,0.134159645322268,0.0304339320041573,1.27448313209855e-05
"T3_1",498,0.131704631027157,0.0304491039677348,1.83620771550574e-05
"T3_1",499,0.132951188531567,0.0304302476071591,1.51589139538835e-05
"T3_1",500,0.136536050608671,0.0303700332872531,8.60987768930285e-06
"T3_1",501,0.13159633144582,0.0304361983834402,1.8501046253807e-05
"T3_1",502,0.129650086358285,0.0304012000174662,2.3914413159002e-05
"T3_1",510,0.131070942333947,0.0304182223019325,1.97288281724931e-05
"T3_1",511,0.131679118322361,0.0304292172379156,1.8203051089742e-05
"T3_1",512,0.135318393093562,0.0302445253623402,9.49084473747723e-06
"T3_1",514,0.131640364362995,0.0304616699653946,1.86773659999473e-05
"T3_1",515,0.132018211549916,0.0304168353542524,1.72021300547963e-05
"T3_1",520,0.132282303163553,0.0308453228670206,2.15592724335094e-05
"T3_1",521,0.132062961785815,0.0306061106849221,1.92225051697358e-05
"T3_1",522,0.132845133967363,0.0306404244574485,1.75590565790123e-05
"T3_1",523,0.131558800351035,0.0304358188981774,1.85966685558597e-05
"T3_1",524,0.131848891989848,0.0304181305061913,1.76413577295928e-05
"T3_1",525,0.132441306620143,0.0304575413837681,1.66019006356717e-05
"T3_1",526,0.134692606358158,0.0304822720102354,1.21635555602729e-05
"T3_1",529,0.13141382199785,0.0304821069124022,1.95389508406904e-05
"T3_1",530,0.131715295117881,0.0304345104747886,1.81683537037671e-05
"T3_1",531,0.12959227192622,0.0304328136580572,2.45772409486978e-05
"T3_1",532,0.13007074263455,0.0303996079196225,2.25025337535815e-05
"T3_1",533,0.132978203675216,0.0304787889636734,1.5570143718077e-05
"T3_1",534,0.13148078347053,0.0304312349001788,1.87527652461328e-05
"T3_1",536,0.130179326757064,0.0304903559364405,2.34143239292618e-05
"T3_1",537,0.131697723137279,0.0304355043139153,1.82255740407602e-05
"T3_1",538,0.131880849145778,0.0304555387417101,1.79747507075739e-05
"T3_1",539,0.131580709153253,0.030461299294331,1.88335513073188e-05
"T3_1",541,0.131934243747486,0.0304925609384941,1.82527101811304e-05
"T3_1",543,0.132007627584797,0.030497184134353,1.81134512930792e-05
"T3_1",545,0.131728474545383,0.030435908620145,1.81497428579189e-05
"T3_1",546,0.130893268179578,0.0304421152973284,2.05371178962807e-05
"T3_1",547,0.131700698102929,0.0304314596810054,1.81719950122169e-05
"T3_1",548,0.131808108810047,0.0304307659934646,1.78856655066303e-05
"T3_1",549,0.131591001832822,0.0305063726094155,1.93372374072569e-05
"T3_1",551,0.133226307900336,0.0304664649312336,1.49044582532118e-05
"T3_1",552,0.131539067047699,0.0304311857364715,1.859588446439e-05
"T3_1",553,0.131612227694357,0.0304595351638941,1.87281105168913e-05
"T3_1",554,0.131708586708202,0.030427060245515,1.81017529123316e-05
"T3_1",555,0.131727761130273,0.0305018867231396,1.89099560966593e-05
"T3_1",556,0.131647394667627,0.0304485483732113,1.8507248237818e-05
"T3_1",558,0.131922164875817,0.0304608814411909,1.792784350092e-05
"T3_1",561,0.131996119231921,0.0305236343624366,1.84435116932747e-05
"T3_1",562,0.13135083377418,0.0304521412380544,1.93545293411179e-05
"T3_1",563,0.131780905328219,0.0304298513759168,1.79455790928648e-05
"T3_1",564,0.128063265726497,0.0302591964723621,2.74997901143562e-05
"T3_1",566,0.133238166439037,0.0304843233921178,1.5048059479441e-05
"T3_1",567,0.129294573615342,0.0304623804383327,2.60954674713601e-05
"T3_1",568,0.129958346711817,0.0304412134066156,2.34515020722674e-05
"T3_1",570,0.131868932847991,0.0304219686927485,1.7632710873612e-05
"T3_1",571,0.131291371734552,0.0304319243183296,1.92776922565461e-05
"T3_1",573,0.131412510428009,0.0304455844739697,1.91065286088435e-05
"T3_1",574,0.132667960834331,0.0304782342035854,1.62778929993505e-05
"T3_1",575,0.131152561985572,0.0305408845166105,2.1026588066555e-05
"T3_1",577,0.13180280791102,0.0304248827118757,1.78337864378173e-05
"T3_1",581,0.130397985980552,0.030427682921019,2.18479693933943e-05
"T3_1",584,0.131638846438572,0.0304303344919427,1.83214749311512e-05
"T3_1",585,0.131286673759158,0.0304545819813511,1.95627032744393e-05
"T3_1",588,0.129843292259321,0.0304614738236722,2.41319579893075e-05
"T3_1",589,0.130801950526315,0.0304611547987903,2.10512859070657e-05
"T3_1",590,0.131384384731979,0.0304855549820303,1.96631709042622e-05
"T3_1",591,0.131673184525509,0.0304258935208968,1.81809466085852e-05
"T3_1",592,0.131163433410585,0.0304756054497765,2.01702857089204e-05
"T3_1",594,0.131627075571144,0.0304362084951572,1.84196253964007e-05
"T3_1",595,0.131476321654795,0.0304286703031487,1.87349496751151e-05
"T3_1",596,0.130323077517086,0.0305397160949053,2.36375301515848e-05
"T3_1",597,0.130671665181974,0.0304766527208283,2.1650288163054e-05
"T3_1",598,0.13114103202462,0.0304329522571153,1.97101300462407e-05
"T3_1",599,0.135411365633985,0.030571841369893,1.16040296773617e-05
"T3_1",600,0.131634769752963,0.0304208913719914,1.82248443184544e-05
"T3_1",601,0.131810547834325,0.0304291621287514,1.7861523652288e-05
"T3_1",602,0.131938196162387,0.0304297752829423,1.75429899877429e-05
"T3_1",603,0.129565187510992,0.0303968932137378,2.41416563081873e-05
"T3_1",605,0.131647882810903,0.0304671604660121,1.8720840408744e-05
"T3_1",606,0.130906585722213,0.030429708543644,2.03422131780703e-05
"T3_1",608,0.133329802078623,0.0307879847491781,1.79508163659777e-05
"T3_1",610,0.131690158779702,0.0304260486935751,1.81383688596383e-05
"T3_1",611,0.133143910244514,0.0304419839436902,1.48512663820164e-05
"T3_1",613,0.131600568583998,0.0304688839384671,1.88684262070311e-05
"T3_1",615,0.131575224007697,0.0304440517272677,1.86479029880771e-05
"T3_1",616,0.129787338660708,0.0305012638521243,2.49147736416612e-05
"T3_1",617,0.132557579456728,0.0304556727837661,1.63065284015294e-05
"T3_1",618,0.131716738541735,0.0304919723325342,1.882401742194e-05
"T3_1",619,0.132852030354595,0.0304600459658845,1.56704369877107e-05
"T3_1",623,0.131749491368176,0.0304529696404676,1.82880108714912e-05
"T3_1",626,0.130257700758664,0.0304828334784181,2.30499090008467e-05
"T3_1",627,0.130794369824224,0.0304707718171503,2.11985607462451e-05
"T3_1",628,0.131697155432703,0.030427708586705,1.8138858515624e-05
"T3_1",629,0.130838742068277,0.0304760920484406,2.11335610145904e-05
"T3_1",630,0.1277375758372,0.0302469639358294,2.85892686757608e-05
"T3_1",631,0.131582528741519,0.0304210374522443,1.83639339385427e-05
"T3_1",632,0.134367150653685,0.0303072363988591,1.13876566679527e-05
"T3_1",635,0.13170370789165,0.0304239946002131,1.80799151734766e-05
"T3_1",636,0.129720822403263,0.03043663826512,2.41889050785944e-05
"T3_1",637,0.131845117104954,0.0304332895511334,1.78186767392667e-05
"T3_1",638,0.130233607822893,0.0305142561434923,2.3573379331357e-05
"T3_1",640,0.133002465850007,0.0304668667754837,1.53993037851801e-05
"T3_1",641,0.131182547348411,0.0304788653446537,2.01556381084239e-05
"T3_1",642,0.13167407721084,0.0304294159663908,1.82185026842762e-05
"T3_1",643,0.13167660517111,0.0304293117849552,1.82107013757144e-05
"T3_1",644,0.131805272642746,0.0304285924704187,1.78687419519984e-05
"T3_1",645,0.134002123745571,0.03042355596886,1.29545702414857e-05
"T3_1",646,0.132743205184822,0.0304541174131198,1.58595522598785e-05
"T3_1",651,0.132571038800876,0.0305532431140238,1.72992580584301e-05
"T3_1",652,0.131757676703562,0.0304326708903832,1.80372953196582e-05
"T3_1",654,0.131926679622889,0.0304354396324624,1.76343487213541e-05
"T3_1",655,0.130178064372695,0.0304400347203832,2.27138089961384e-05
"T3_1",656,0.130930513589683,0.0304884338248862,2.10170201468839e-05
"T3_1",659,0.131425946623088,0.0304203128888567,1.87733753126728e-05
"T3_1",660,0.129565831337089,0.030414390135341,2.43964577991159e-05
"T3_1",662,0.131610306073471,0.0304321442764916,1.84174895466508e-05
"T3_1",663,0.132705494495874,0.0306232912513847,1.77240206863758e-05
"T3_1",664,0.128202484849757,0.0305136820402573,3.13668604195947e-05
"T3_1",666,0.132276258268323,0.0304469801086326,1.68896206783732e-05
"T3_1",667,0.132797726751729,0.0305520564281834,1.67326601546324e-05
"T3_1",668,0.131417538922946,0.0304450474141812,1.90864094530103e-05
"T3_1",670,0.131649991348279,0.0304462504290529,1.84739706551615e-05
"T3_1",672,0.131684652240876,0.0304280954972078,1.81758797227729e-05
"T3_1",673,0.13101000091026,0.030460079751234,2.04215606320283e-05
"T3_1",674,0.131169149888961,0.0304426210122237,1.97484045154188e-05
"T3_1",675,0.131752311902422,0.0304159097379357,1.78636589801225e-05
"T3_1",676,0.131244692499618,0.030505300155619,2.03047463405555e-05
"T3_1",678,0.131407055015361,0.0304384388057087,1.90370741495966e-05
"T3_1",680,0.131555842516399,0.0304147456920822,1.83625396120408e-05
"T3_1",681,0.131655271171772,0.0304419571772606,1.8410804638447e-05
"T3_1",682,0.128335874021544,0.0303768502525922,2.83891663067466e-05
"T3_1",683,0.131579936553062,0.0304459440691171,1.86571834247799e-05
"T3_1",684,0.131867712476589,0.0304467390262379,1.79103295555512e-05
"T3_1",685,0.133628533272049,0.0304779155964149,1.4162555324517e-05
"T3_1",687,0.131672417505858,0.0304946015409257,1.89747466767755e-05
"T3_1",689,0.1341665760686,0.0304014787637109,1.24682996137656e-05
"T3_1",690,0.130962445376816,0.0304599814517138,2.05595541625414e-05
"T3_1",692,0.132067643782901,0.0304816400862265,1.7785273100696e-05
"T3_1",693,0.131699573225119,0.0304323339728073,1.81848248440343e-05
"T3_1",694,0.131566072249496,0.0304564332834411,1.88163168381602e-05
"T3_1",695,0.133071483950456,0.0303841611214983,1.44666732431697e-05
"T3_1",697,0.131977100822457,0.0304829141208448,1.80323826633817e-05
"T3_1",698,0.131618086342326,0.0304355355301764,1.84357203425556e-05
"T3_1",700,0.132078412161707,0.0305021886492351,1.79862186843834e-05
"T3_1",702,0.132377597337241,0.0304381335021453,1.65524084713727e-05
"T3_1",703,0.131705235548776,0.0304402210988191,1.82593897610251e-05
"T3_1",704,0.131702649848289,0.0304298647497905,1.81488723266616e-05
"T3_1",705,0.131749292141396,0.0304289091357093,1.80168039395268e-05
"T3_1",707,0.132801501878639,0.0304391540240701,1.55786543832168e-05
"T3_1",710,0.130199899306193,0.0305322490319019,2.39451128435716e-05
"T3_1",711,0.131652430159832,0.0304361521598815,1.83519978181268e-05
"T3_1",712,0.131380992540843,0.0304551458476921,1.93068933497967e-05
"T3_1",713,0.131621890601172,0.0304297780172077,1.83598284677212e-05
"T3_1",714,0.131617939842182,0.0304336335698847,1.84143325787783e-05
"T3_1",718,0.131845612248534,0.0304282899932582,1.77619449852302e-05
"T3_1",719,0.13182328690077,0.0304294574881747,1.7832090690554e-05
"T3_1",721,0.132099827625596,0.0304160231619345,1.69921498886654e-05
"T3_1",722,0.131576324446041,0.0304949465307308,1.92416985731103e-05
"T3_1",724,0.124033453311366,0.0299251086581116,3.98960950369806e-05
"T3_1",726,0.131007262176643,0.0304366097396178,2.01366536102117e-05
"T3_1",727,0.135096694303137,0.0303116985950585,1.02546746105422e-05
"T3_1",728,0.129654864445021,0.0304810501335193,2.50791125799374e-05
"T3_1",729,0.131621567022192,0.0304467613741951,1.85554148042505e-05
"T3_1",730,0.131987901393296,0.0305093017557009,1.83019162435235e-05
"T3_1",731,0.128164246011694,0.0302865028382408,2.75567173831793e-05
"T3_1",732,0.130116109055085,0.0304933127338035,2.36675481494011e-05
"T3_1",741,0.131354411433273,0.0304877074862161,1.97738462426522e-05
"T3_1",742,0.133185226059598,0.030456930875281,1.49031417833293e-05
"T3_1",744,0.131028790118575,0.0305553453976392,2.15897000945219e-05
"T3_1",746,0.131873438071735,0.0304377094115197,1.77951736165943e-05
"T3_1",753,0.131683877869458,0.0304294194606834,1.81928867582496e-05
"T3_1",754,0.131683685889569,0.0304290518381812,1.8189227545231e-05
"T3_1",756,0.131509642979529,0.0304705903119263,1.91361179643282e-05
"T3_1",757,0.131667455686811,0.0304305012294785,1.82481712487502e-05
"T3_1",758,0.131945818644738,0.0304809005015521,1.80909038235048e-05
"T3_1",759,0.129294179362751,0.03042153194431,2.54641405685181e-05
"T3_1",760,0.13270806468598,0.0304423611019507,1.58226636577269e-05
"T3_1",762,0.131736311854494,0.0304354550688383,1.81241858899759e-05
"T3_1",764,0.131834941037252,0.030431085480322,1.78202858268656e-05
"T3_1",765,0.131838088410976,0.0304371608684534,1.7879797773653e-05
"T3_1",766,0.131319283746872,0.0304326594560477,1.92094128788267e-05
"T3_1",767,0.131830580084952,0.0304274947558449,1.77915938005792e-05
"T3_1",768,0.131667796583642,0.0304290349941121,1.8230640413795e-05
"T3_1",769,0.132076133279227,0.0304681189481696,1.7614577424422e-05
"T3_1",770,0.132012070281619,0.0304448535972136,1.75215444005908e-05
"T3_1",772,0.131608185663619,0.0304335845979229,1.84395985421421e-05
"T3_1",773,0.131730492832393,0.0304682135345805,1.85123643324183e-05
"T3_1",774,0.131353418423111,0.0304280611284831,1.90612247007974e-05
"T3_1",775,0.132205958463936,0.0304239223546449,1.68169662270689e-05
"T3_1",776,0.13083362684345,0.0304450424785812,2.07501949052019e-05
"T3_1",777,0.131669055442991,0.0304298813663679,1.82369411374457e-05
"T3_1",778,0.132159506776096,0.0304369412826594,1.70686853368008e-05
"T3_1",779,0.131597414059597,0.0304685940698929,1.88735736424719e-05
"T3_1",780,0.131678697289697,0.030431406241706,1.82289624998655e-05
"T3_1",781,0.131829896971419,0.0304273185143632,1.77913877121971e-05
"T3_1",782,0.131813121272149,0.0304857973499053,1.84948387411437e-05
"T4_1",2,0.171800372680066,0.0372340712482211,6.06148251947377e-06
"T4_1",10,0.173262120336405,0.0371745749195638,4.91600951913846e-06
"T4_1",12,0.157261325250787,0.0354348123861443,1.31507712768827e-05
"T4_1",14,0.171288764882967,0.0373225737994354,6.76547498103169e-06
"T4_1",15,0.167962089075365,0.0371324329426275,9.06270352724793e-06
"T4_1",16,0.170892230065855,0.0371910692124372,6.59995172694177e-06
"T4_1",18,0.169540047326475,0.037178368912845,7.70259242680957e-06
"T4_1",19,0.172084173634691,0.0372100190611989,5.78066783524794e-06
"T4_1",20,0.168671740124777,0.0372117379332132,8.69419245932422e-06
"T4_1",21,0.169684382546663,0.037163390324531,7.50987260486431e-06
"T4_1",22,0.171220502714712,0.0372024960250317,6.38554137976812e-06
"T4_1",26,0.170673286774711,0.0371551304391946,6.64264000707355e-06
"T4_1",27,0.170431167400769,0.0371964137240712,6.9945354637989e-06
"T4_1",28,0.167900106450932,0.0371135570291072,9.03760591686887e-06
"T4_1",30,0.172839941202077,0.0373456494523413,5.69230026389058e-06
"T4_1",33,0.170392204046501,0.0371969446432062,7.02920057529611e-06
"T4_1",34,0.170763035909758,0.0371646689095351,6.60618963809843e-06
"T4_1",35,0.174212211167773,0.0372102294184684,4.47041953839509e-06
"T4_1",36,0.168683973515717,0.0371832063120972,8.54954242814355e-06
"T4_1",37,0.166868445706894,0.0370389052428185,9.81266025041709e-06
"T4_1",38,0.171088970804518,0.0373391060731962,6.99120912167424e-06
"T4_1",39,0.170128071195286,0.0371861696580475,7.21177564270826e-06
"T4_1",40,0.174001399945975,0.0375248290781447,5.47091623113984e-06
"T4_1",42,0.173257641463084,0.0372099344865349,5.01769891008819e-06
"T4_1",44,0.170775477855726,0.0371404273143829,6.50882114864442e-06
"T4_1",45,0.169526217903401,0.0371907795504754,7.76741272508558e-06
"T4_1",48,0.172264909247082,0.0372605090874445,5.81741200614166e-06
"T4_1",49,0.170583084292849,0.0371201600118682,6.58675886936117e-06
"T4_1",50,0.171786370380875,0.0376994869342114,7.82108819392878e-06
"T4_1",51,0.170795199429075,0.0371817608862545,6.64297018244872e-06
"T4_1",54,0.178356399694128,0.0369367356680236,2.28393622621171e-06
"T4_1",55,0.173062227998582,0.0373511228803992,5.5594167203652e-06
"T4_1",56,0.171980783525544,0.0373876210547842,6.45576165945949e-06
"T4_1",57,0.171347854517547,0.0372151770586345,6.33297717968531e-06
"T4_1",58,0.16813862049395,0.0372060559094714,9.23185489508396e-06
"T4_1",59,0.170500377291696,0.0371681287472284,6.83020401346624e-06
"T4_1",60,0.170952165741664,0.0371629147109962,6.4518783765701e-06
"T4_1",61,0.175972520776961,0.0372886508974445,3.77409566224675e-06
"T4_1",63,0.169392541668083,0.0371050690028231,7.53281900533008e-06
"T4_1",65,0.172357063274525,0.0371852868508887,5.51721425454066e-06
"T4_1",69,0.170912266103361,0.0372807580304701,6.91607644370184e-06
"T4_1",73,0.171060686495786,0.0372862274360562,6.81510306306485e-06
"T4_1",74,0.170100546524267,0.037393826825391,8.09675657182006e-06
"T4_1",78,0.170680920219837,0.0371512923991446,6.62256123219903e-06
"T4_1",80,0.17033122976958,0.0372312767027829,7.21453342268306e-06
"T4_1",83,0.169746299512632,0.0371341284974477,7.33662862018664e-06
"T4_1",84,0.174795027461819,0.0371755187031528,4.08266869592467e-06
"T4_1",85,0.170639537776669,0.0372635187831133,7.0776482068725e-06
"T4_1",88,0.169555901533331,0.0371401420424815,7.5299047923123e-06
"T4_1",94,0.172170242366488,0.0371982250256792,5.68367432194123e-06
"T4_1",97,0.171477770295507,0.0372212487031825,6.25606502239946e-06
"T4_1",98,0.168209369360691,0.0371942500809955,9.09742406369462e-06
"T4_1",99,0.173252404495918,0.0375095132675587,5.93208307418448e-06
"T4_1",104,0.170792836850064,0.0372466045141972,6.88548494481225e-06
"T4_1",105,0.168599420937978,0.0374306238193378,9.85158869975094e-06
"T4_1",107,0.17024598830929,0.0372370769822174,7.31125072222956e-06
"T4_1",108,0.171803061039629,0.0371616866614105,5.82089154221482e-06
"T4_1",112,0.169124355372598,0.0371526642173952,7.98122423053913e-06
"T4_1",119,0.170981508483357,0.0371601203552786,6.41930798163838e-06
"T4_1",121,0.170971459344832,0.0375350935020322,7.88197907233366e-06
"T4_1",122,0.170646890421766,0.0371475871179813,6.63607277521882e-06
"T4_1",124,0.171513477919897,0.0372795105519406,6.43265309009252e-06
"T4_1",125,0.170429357900462,0.0371731708224917,6.90754644844145e-06
"T4_1",127,0.168478465212798,0.0372620352327356,9.13772865208079e-06
"T4_1",128,0.170760510042644,0.0371609872048757,6.59480853568874e-06
"T4_1",140,0.170462397220189,0.0372444997221217,7.15403070905232e-06
"T4_1",141,0.173387208102093,0.0374275093640684,5.57871924606956e-06
"T4_1",145,0.170162184470947,0.0371373153774392,6.99302841891178e-06
"T4_1",147,0.170635853521226,0.0370813964614476,6.40653429188305e-06
"T4_1",151,0.170664115513838,0.0372061194268504,6.83880958063948e-06
"T4_1",154,0.170413574345373,0.0371371666953734,6.7851791227561e-06
"T4_1",158,0.169137464939658,0.0371078482282112,7.77735539954845e-06
"T4_1",159,0.172645313480404,0.0374339283089085,6.1175800902357e-06
"T4_1",160,0.168000944231263,0.0372520510770224,9.61567089406961e-06
"T4_1",161,0.170393602904418,0.0371729656444161,6.93635902654264e-06
"T4_1",162,0.17175969352517,0.0371625818042809,5.85427318102556e-06
"T4_1",166,0.165758801812826,0.0373294251518285,1.30154317333807e-05
"T4_1",168,0.170172146965984,0.0372074513150249,7.25774982220199e-06
"T4_1",170,0.169151163344741,0.0370906441447254,7.69234372453384e-06
"T4_1",172,0.171185260615167,0.0372806239712691,6.6939770348458e-06
"T4_1",173,0.170738497137096,0.0371504352643373,6.57391380035754e-06
"T4_1",174,0.170592009645401,0.0371952808448531,6.85713772595922e-06
"T4_1",176,0.171573210657616,0.0374160121943413,6.88257193970569e-06
"T4_1",180,0.168826132351617,0.0371944610411321,8.45770666258057e-06
"T4_1",181,0.170599297087138,0.0371604784868758,6.72151113134154e-06
"T4_1",182,0.170802734219005,0.0371712046697647,6.59854357602201e-06
"T4_1",183,0.16091419718414,0.0362842528222122,1.33357324057926e-05
"T4_1",185,0.170819093537589,0.0372108715005,6.73080181895309e-06
"T4_1",187,0.171885955248522,0.0375114425221619,6.98513941249554e-06
"T4_1",190,0.17215093788583,0.0374437509190223,6.52374707560917e-06
"T4_1",195,0.172395501250157,0.037396578066787,6.17448472923149e-06
"T4_1",197,0.17220389488618,0.0371636902915274,5.55263967336337e-06
"T4_1",199,0.170234342572552,0.0371721635008069,7.06654233439556e-06
"T4_1",201,0.170865758072746,0.037183074893333,6.59184633446765e-06
"T4_1",203,0.17146738118367,0.0371749624167479,6.10552638660338e-06
"T4_1",204,0.170702160810106,0.0371534563529704,6.61360060172387e-06
"T4_1",205,0.171102640357141,0.0371615152672035,6.3315652881019e-06
"T4_1",210,0.16653467596779,0.0372069809405905,1.11552335877648e-05
"T4_1",215,0.170289357740735,0.0371653408130391,6.99406383905263e-06
"T4_1",216,0.17229327130977,0.0374524881214984,6.44493700689276e-06
"T4_1",218,0.17048310749053,0.037161447666811,6.81927834778913e-06
"T4_1",226,0.170052166510571,0.0371960333175132,7.31663349486405e-06
"T4_1",227,0.170317383662766,0.0377172914703291,9.37444152769366e-06
"T4_1",228,0.170681564535859,0.0371514082237627,6.62247219497796e-06
"T4_1",232,0.170774693991519,0.0371573673245252,6.57049682753054e-06
"T4_1",237,0.170571189973146,0.0371149901985391,6.57739028667846e-06
"T4_1",239,0.17100963383854,0.0372811387389138,6.83766328256166e-06
"T4_1",252,0.170553544718444,0.0380739921875155,1.09799237624107e-05
"T4_1",253,0.171681513108716,0.0372047794676976,6.04963488689419e-06
"T4_1",255,0.166285707504385,0.0374377402514622,1.29463723678057e-05
"T4_1",256,0.169284185834794,0.0372165189864433,8.10618661897619e-06
"T4_1",257,0.174171975925739,0.0372498373163381,4.59440923205567e-06
"T4_1",269,0.17168900570946,0.0372431212477863,6.17379708635587e-06
"T4_1",280,0.170009801744235,0.0372258289765942,7.47390744953339e-06
"T4_1",281,0.1701850285782,0.0372233107257563,7.3095270360642e-06
"T4_1",283,0.175228995195316,0.0368710121157337,3.24273259775483e-06
"T4_1",284,0.171309445161589,0.0371833096784215,6.25121791628418e-06
"T4_1",290,0.168340260341188,0.0371284085380178,8.64662474604132e-06
"T4_1",293,0.171354678746902,0.0371354906620092,6.05480489373535e-06
"T4_1",296,0.169475276733484,0.0372055502098945,7.87740913737812e-06
"T4_1",299,0.174068350412075,0.0375373550380745,5.46512336651177e-06
"T4_1",300,0.1710296552742,0.0373392763933682,7.04137210063705e-06
"T4_1",312,0.172774816814314,0.037209041937192,5.31632747015578e-06
"T4_1",313,0.170453364327581,0.0372503736898709,7.18471316541981e-06
"T4_1",314,0.171202531241804,0.0371542845698857,6.23112325672835e-06
"T4_1",323,0.170705573088942,0.037214659816144,6.83694440808847e-06
"T4_1",325,0.170134612563566,0.0372727287812606,7.55373617562955e-06
"T4_1",327,0.170605642574228,0.0373117735376513,7.2954972937148e-06
"T4_1",334,0.170847016079512,0.0371585089455185,6.51788155319441e-06
"T4_1",341,0.170229810953112,0.0373132429183426,7.63461519049462e-06
"T4_1",342,0.171314090916565,0.0372759314732483,6.57483292930471e-06
"T4_1",344,0.166637921844193,0.0373759770142452,1.20374520453896e-05
"T4_1",345,0.169316704900477,0.0371546000569243,7.80877172187148e-06
"T4_1",346,0.176346364662014,0.0372568584250364,3.5401341872171e-06
"T4_1",348,0.174620063186111,0.0377835013517485,5.86080807585571e-06
"T4_1",349,0.167616223272428,0.0370398332400221,8.98447866768629e-06
"T4_1",350,0.170423380822985,0.0372770362233749,7.31586169510717e-06
"T4_1",351,0.170598748825199,0.0371563911496803,6.70686417062647e-06
"T4_1",357,0.171145402727216,0.0372606812347584,6.65275381376416e-06
"T4_1",358,0.169264622731024,0.03725443717768,8.29280924617789e-06
"T4_1",360,0.168982856417984,0.0372117834315641,8.37977074860122e-06
"T4_1",364,0.173254888697407,0.037724970716965,6.67089789081202e-06
"T4_1",365,0.171137557031736,0.0371000308497265,6.09392991713426e-06
"T4_1",366,0.172088435655606,0.0371595948225124,5.61761689266125e-06
"T4_1",370,0.170356905039799,0.0371650280540434,6.93661906385467e-06
"T4_1",375,0.169183136443721,0.037187343374391,8.07575534641186e-06
"T4_1",376,0.17009602370797,0.0371926815263958,7.26517452030001e-06
"T4_1",380,0.17070964617665,0.0371331769121679,6.53424237195323e-06
"T4_1",388,0.171560211747754,0.0372036506172761,6.13453567658859e-06
"T4_1",395,0.170523107350373,0.0371401557379238,6.70774709913135e-06
"T4_1",407,0.171739521346101,0.0378257838772986,8.41069036942423e-06
"T4_1",408,0.170120415554633,0.0371530531177219,7.08888314352798e-06
"T4_1",409,0.171143754078996,0.0372835081478937,6.73786015737708e-06
"T4_1",413,0.170741841778372,0.0372294234362181,6.86267493804616e-06
"T4_1",418,0.170401870005827,0.0371837636660285,6.97061990276911e-06
"T4_1",419,0.169932032882043,0.0371871471226776,7.38632959001358e-06
"T4_1",420,0.168472838331633,0.0373927356961832,9.80080650599222e-06
"T4_1",425,0.170071491166831,0.0371736446218337,7.21115370624914e-06
"T4_1",432,0.170575447929644,0.0372508542905189,7.0827932219498e-06
"T4_1",433,0.170743356268781,0.0372207445911076,6.82888571045289e-06
"T4_1",445,0.171666873131862,0.0371292767390101,5.81132724761602e-06
"T4_1",448,0.170444519016551,0.0371812180171142,6.9255154708328e-06
"T4_1",449,0.171169251056996,0.0372527330913655,6.60494171433545e-06
"T4_1",453,0.169131073254363,0.0371230989653289,7.84802286826875e-06
"T4_1",455,0.169573972303856,0.0371257182401981,7.45486227473417e-06
"T4_1",461,0.170669243161822,0.0371550385332635,6.64552272494754e-06
"T4_1",462,0.169389280505356,0.0374099474773907,8.88130819834646e-06
"T4_1",463,0.169585274014759,0.0372358628008038,7.90372225153728e-06
"T4_1",464,0.163133094221508,0.0369123701077,1.4251236999959e-05
"T4_1",465,0.170982518285288,0.0371623872241987,6.42656518316316e-06
"T4_1",474,0.173046811088814,0.0372115607438392,5.15188521023483e-06
"T4_1",475,0.171107008741287,0.0371474419869674,6.27920033097528e-06
"T4_1",476,0.172235758911741,0.0377558739694986,7.64663575149302e-06
"T4_1",477,0.170796290774177,0.0371072354138711,6.37464496524339e-06
"T4_1",484,0.170695788792623,0.0371487203178139,6.60141450792244e-06
"T4_1",485,0.170676869918682,0.0373242205488264,7.28309724790343e-06
"T4_1",489,0.170479291508334,0.0371933851622684,6.9429182824577e-06
"T4_1",490,0.17033154904964,0.0372322515814936,7.21809468289822e-06
"T4_1",491,0.17102887501236,0.0372409245077681,6.67328488826542e-06
"T4_1",492,0.16870999325855,0.0371891273101447,8.55039502367813e-06
"T4_1",503,0.169900045011405,0.0373962969753516,8.30173427975585e-06
"T4_1",504,0.170519106979265,0.0371534370348085,6.76014630920723e-06
"T4_1",505,0.169163713610383,0.0371382519677841,7.88211232313224e-06
"T4_1",506,0.170911082652578,0.0376790702481698,8.57198583066059e-06
"T4_1",507,0.171860180261982,0.0371906408162479,5.8748656808269e-06
"T4_1",508,0.170123634532467,0.0372233940920157,7.36352035699355e-06
"T4_1",509,0.171203886169794,0.037219137958398,6.45721913480306e-06
"T4_1",513,0.169292328039652,0.0371867131821902,7.96892248971114e-06
"T4_1",516,0.170717252321793,0.0371571174545258,6.61497127621373e-06
"T4_1",517,0.171207776051759,0.0371821652006122,6.32393212159151e-06
"T4_1",518,0.169612324918524,0.0370952172779408,7.29822674252544e-06
"T4_1",519,0.170336574355552,0.0372452202173953,7.26493950244366e-06
"T4_1",527,0.170682519259013,0.0371634174952874,6.6656207661818e-06
"T4_1",528,0.173542698968708,0.037680992713412,6.29552260809114e-06
"T4_1",535,0.188597177387925,0.0334699083149252,4.33359782760536e-08
"T4_1",540,0.169828651171843,0.0372525004343084,7.74797666277527e-06
"T4_1",542,0.17052970320163,0.0371637752605199,6.79003008818037e-06
"T4_1",544,0.170545025783384,0.0371323017154479,6.66129663553669e-06
"T4_1",550,0.171426111924575,0.0371402200789602,6.01877892365486e-06
"T4_1",557,0.171675295333118,0.0373967078764253,6.72831419699676e-06
"T4_1",559,0.166842282544411,0.0369695535951965,9.48487359335961e-06
"T4_1",560,0.171980311729382,0.0372872897824831,6.1093102136035e-06
"T4_1",565,0.171228964595895,0.0371608682857468,6.2340447854916e-06
"T4_1",569,0.167227239955399,0.037424017992063,1.15235515257835e-05
"T4_1",572,0.171178452809475,0.0371556739228906,6.25397347493919e-06
"T4_1",576,0.169005779316094,0.037213574997635,8.3650927707164e-06
"T4_1",578,0.170720352879778,0.037264715139981,7.01438121061696e-06
"T4_1",579,0.17123033481569,0.0372861240472601,6.67816080291367e-06
"T4_1",580,0.175559588919176,0.0376736300524111,4.93278764441584e-06
"T4_1",582,0.17066025712995,0.0371580881086886,6.66385291102388e-06
"T4_1",583,0.171302430760672,0.0372443920588325,6.47084746043577e-06
"T4_1",586,0.170561817868908,0.0371562676384223,6.73613365675982e-06
"T4_1",587,0.171321676693129,0.0372293671564683,6.4027667915904e-06
"T4_1",593,0.172316415475401,0.0373174176447948,5.96680425504579e-06
"T4_1",604,0.168271242057596,0.0371592825067405,8.86349026547938e-06
"T4_1",607,0.17053472000329,0.0376171126775801,8.6682503447007e-06
"T4_1",609,0.171827535444013,0.037087612458306,5.5686589275987e-06
"T4_1",612,0.164700575565353,0.0374611158972775,1.5729323974675e-05
"T4_1",614,0.170069515514133,0.0371754486686794,7.21996398139578e-06
"T4_1",620,0.172381159257575,0.0371698362552988,5.45388051622027e-06
"T4_1",621,0.168853505139385,0.0371530271472892,8.24404856913428e-06
"T4_1",622,0.170223114701376,0.0371371536531531,6.94161777543466e-06
"T4_1",624,0.175529231348776,0.0377019460453083,5.02928181315217e-06
"T4_1",625,0.170777270942789,0.037156362837446,6.5648342162418e-06
"T4_1",633,0.170478681108747,0.0372501927161958,7.16236611052851e-06
"T4_1",634,0.170812340491384,0.0371564708273665,6.53768445804568e-06
"T4_1",639,0.170652346742194,0.0371500719817076,6.64081261412431e-06
"T4_1",647,0.170317156400433,0.0371152350191146,6.78174748184893e-06
"T4_1",648,0.17224046240151,0.0371299275525316,5.42471611559337e-06
"T4_1",649,0.170582108567466,0.0373003528277334,7.27065145027357e-06
"T4_1",650,0.169226044965769,0.0372024050466817,8.10035730176587e-06
"T4_1",653,0.169705771394643,0.0375083377492597,9.0167555443981e-06
"T4_1",657,0.170107854462148,0.0372690477123644,7.56267931930072e-06
"T4_1",658,0.171196184058688,0.0371592280150292,6.25295431108927e-06
"T4_1",661,0.170518531350607,0.0371573169292057,6.77503987371282e-06
"T4_1",665,0.166377008914393,0.0369786971816731,1.00720779142395e-05
"T4_1",669,0.173690580411372,0.0377145844387304,6.30060850361438e-06
"T4_1",671,0.170736409591082,0.0372039977893415,6.77207962975956e-06
"T4_1",677,0.17205580579114,0.0371126886469516,5.49377636243874e-06
"T4_1",679,0.172600185337259,0.0371523056260517,5.25956899349152e-06
"T4_1",686,0.171379100409812,0.0373128025336854,6.65728332454598e-06
"T4_1",688,0.171648300177331,0.0371647627183698,5.94046531329415e-06
"T4_1",691,0.172104607059216,0.0375177225710793,6.82976101495885e-06
"T4_1",696,0.170473913062118,0.0372041142505194,6.98830512034167e-06
"T4_1",699,0.169450048811289,0.0371867916343804,7.82118838582863e-06
"T4_1",701,0.170654855687338,0.0371572793798681,6.66519976009259e-06
"T4_1",706,0.17455920290001,0.0372854092784407,4.47312235045804e-06
"T4_1",708,0.171313644225007,0.037262620225578,6.52728037621997e-06
"T4_1",709,0.170920068351134,0.0371416577081466,6.40122083079067e-06
"T4_1",715,0.171763381350539,0.0372476757239954,6.13442312464965e-06
"T4_1",716,0.169537417183581,0.0373248626952203,8.33920070829634e-06
"T4_1",717,0.170994590440561,0.037205574311425,6.57180415468242e-06
"T4_1",720,0.170693182345578,0.0371656738353189,6.66538107709938e-06
"T4_1",723,0.171321387855554,0.037239793537532,6.43986476249507e-06
"T4_1",725,0.172445497865511,0.0371492600000736,5.34966018909308e-06
"T4_1",733,0.167819777877833,0.0374313333515933,1.07957142887921e-05
"T4_1",734,0.168799118233133,0.0373119365229545,9.03595285518075e-06
"T4_1",735,0.170989388726302,0.037185492543636,6.50360147887391e-06
"T4_1",736,0.171943593372649,0.0372091270432853,5.87628716195039e-06
"T4_1",737,0.170473127709076,0.0372229973098915,7.06149760157739e-06
"T4_1",738,0.174862598657306,0.0371381218947921,3.96309347643372e-06
"T4_1",739,0.171469985332811,0.0372789943976726,6.46435041200744e-06
"T4_1",740,0.169254426091746,0.0372781706351778,8.40947592251766e-06
"T4_1",743,0.170734694394236,0.0371579573525042,6.60421370452234e-06
"T4_1",745,0.170842748331874,0.0372507209766364,6.86002847608213e-06
"T4_1",747,0.170424480948021,0.0371966840219406,7.00115912496179e-06
"T4_1",748,0.170656021307138,0.0371961510307585,6.80811156044593e-06
"T4_1",749,0.171016178215893,0.037104399268819,6.19859762572042e-06
"T4_1",750,0.169771933079051,0.0371440188349722,7.35379548368159e-06
"T4_1",751,0.169245949375241,0.0371974756666093,8.059736373934e-06
"T4_1",752,0.167104497977242,0.0369911587794227,9.30118140587298e-06
"T4_1",755,0.169245124387284,0.0371899778598745,8.0279199765294e-06
"T4_1",761,0.168433548704168,0.0371308524407705,8.56266454062653e-06
"T4_1",763,0.170745162715634,0.0371630046365234,6.61428825220656e-06
"T4_1",771,0.173391241434621,0.0373105161179827,5.22420027545268e-06
"T4_1",783,0.168868568462022,0.0371298691026437,8.1269271197743e-06
"T4_1",784,0.171744119370604,0.037248453710068,6.15124741383486e-06
