"advertiser_caste","alternative_groom_caste","stated_preference","shortlist_gap","outside_income_premium","inside_income_discount","premium_lower","premium_upper","valid_draws"
"Brahmin","Baidya","reference",0.0211804378225179,0.0627916460406326,0.0590818024158914,-0.224056929534072,0.499107959766603,1999
"Brahmin","Baidya","only_within",0.0991587597169426,0.329903416936566,0.248065696151453,-0.234346238193332,1.98414260750782,1999
"Brahmin","Baidya","no_bar",-0.0403085297585435,-0.109433177326202,-0.12288036623422,-0.350965478853182,0.286687449152022,1999
"Brahmin","Kshatriya","reference",0.104980942283495,0.352353701396278,0.260548480055536,-0.140915530993648,1.30302230640905,1999
"Brahmin","Kshatriya","only_within",0.164154093211454,0.603172080471533,0.376236642228777,-0.230647222724991,2.57878121032747,1999
"Brahmin","Kshatriya","no_bar",0.0382574009995877,0.11627765699035,0.104165532887088,-0.327196918202523,0.965711594566342,1999
"Brahmin","Kayastha","reference",0.170706027924246,0.633659635880328,0.387877390102051,0.309231786168697,1.0782908619948,1999
"Brahmin","Kayastha","only_within",0.211074007885741,0.834717919576122,0.454957086683368,-0.208860044017942,2.88938584734415,1999
"Brahmin","Kayastha","no_bar",0.0987479129374933,0.328333346050837,0.247176920632896,0.0536571941569919,0.732747559036978,1999
"Brahmin","Baisya and others","reference",0.189448605093238,0.724112261294273,0.419991364570825,0.339721371071917,1.26135314556749,1999
"Brahmin","Baisya and others","only_within",0.211011414088268,0.834387749824729,0.454858984914423,-0.391759649603681,3.32060503138339,1999
"Brahmin","Baisya and others","no_bar",0.11225591640364,0.380939318652031,0.275855219347274,0.0258782840716281,0.928307497152311,1999
"Brahmin","Sagdope and others","reference",0.198103173766585,0.767553423718085,0.434246237436785,0.319570395386335,1.38127554510382,1999
"Brahmin","Sagdope and others","only_within",0.20086081179515,0.781623888547146,0.43871430640983,-0.572963243753264,3.88205333918142,1999
"Brahmin","Sagdope and others","no_bar",0.115675911374141,0.394585553952553,0.282941088005833,-0.00576251615478025,1.0537478131907,1999
"Brahmin","Other castes","reference",0.160901916711115,0.588250972099532,0.370376585585787,-0.173096703040132,2.0058422745831,1999
"Brahmin","Other castes","only_within",0.144854383773215,0.516632942697594,0.340644679508723,-0.744244505349783,4.65245160255095,1999
"Brahmin","Other castes","no_bar",0.0732400806158256,0.234398261074554,0.189888683795219,-0.360590461773527,1.45829450222031,1999
"Brahmin","Scheduled castes","reference",0.281512460038723,1.24660227700345,0.554883385352118,0.539110076594842,2.39356070128088,1999
"Brahmin","Scheduled castes","only_within",0.246659756134358,1.0323824077622,0.507966612887054,-0.750738947782217,7.17025089147506,1999
"Brahmin","Scheduled castes","no_bar",0.188616050240588,0.719990010101629,0.41860127435222,0.190632993246685,1.62800011739476,1999
"Baidya","Kshatriya","reference",0.223344685713351,0.900604561455271,0.473851625803575,0.071996337176967,2.53361333019701,1999
"Baidya","Kshatriya","only_within",0.301323007607776,1.37828412553024,0.579528791675784,0.165979119660147,5.0430571071893,1999
"Baidya","Kshatriya","no_bar",0.16185571813229,0.59261259886666,0.372100910973816,-0.116970721572242,1.96545944187755,1999
"Baidya","Kayastha","reference",0.289069771354103,1.29595330911855,0.564451073099604,0.578739259561616,2.38522614104707,1999
"Baidya","Kayastha","only_within",0.348242922282062,1.7217792500917,0.632593275165019,0.347520839184553,4.65452379470671,1999
"Baidya","Kayastha","no_bar",0.222346230070196,0.895156110280866,0.472338983276793,0.309759095112466,1.79542399467649,1999
"Baidya","Baisya and others","reference",0.307812348523095,1.4230758749679,0.587301408787602,0.675786286133493,2.57809016264537,1999
"Baidya","Baisya and others","only_within",0.34818032848459,1.72128944772548,0.632527145969046,0.0945970948126434,5.02491397973735,1999
"Baidya","Baisya and others","no_bar",0.235854233536343,0.97020995930816,0.492439881711312,0.357887919928565,2.02018432717219,1999
"Baidya","Sagdope and others","reference",0.316466917196442,1.48412829888064,0.597444302514245,0.701272881686773,2.66749074445411,1999
"Baidya","Sagdope and others","only_within",0.338029726191472,1.64301497226103,0.621644216739141,-0.198614962317041,5.63892631209153,1999
"Baidya","Sagdope and others","no_bar",0.239274228506844,0.989679278729376,0.497406435956549,0.337524171734262,2.04363065741156,1999
"Baidya","Other castes","reference",0.279265660140972,1.23213574909542,0.551998573381904,0.164814912976088,3.16487002208758,1999
"Baidya","Other castes","only_within",0.282023298169537,1.24990448362411,0.555536687322292,-0.504822702154117,6.08935597971408,1999
"Baidya","Other castes","no_bar",0.196838397748528,0.761137303336195,0.432185101010774,-0.0757215775403075,2.37342289332289,1999
"Baidya","Scheduled castes","reference",0.39987620346858,2.15738591985216,0.683282302073855,1.02675751691158,4.10468612494921,1999
"Baidya","Scheduled castes","only_within",0.38382867053068,2.01501184823908,0.668326344858628,-0.485229334021526,9.486763690516,1999
"Baidya","Scheduled castes","no_bar",0.312214367373291,1.45393943241518,0.592491979716144,0.639962110033173,2.90747161829689,1999
"Kshatriya","Kayastha","reference",0.205269266893126,0.804350440355339,0.445783935518055,0.107777728917229,2.05908522936268,1999
"Kshatriya","Kayastha","only_within",0.283247588787551,1.25783842479302,0.557098511116148,0.160520201394026,4.37812484946947,1999
"Kshatriya","Kayastha","no_bar",0.143780299312065,0.511956407113015,0.338605269771344,-0.0495538483117692,1.45491234565021,1999
"Kshatriya","Baisya and others","reference",0.224011844062118,0.904253890812447,0.4748599413005,0.180595226686762,2.18909009635828,1999
"Kshatriya","Baisya and others","only_within",0.283184994990078,1.25743211167892,0.557018793687545,0.0642656996506687,3.85175034888453,1999
"Kshatriya","Baisya and others","no_bar",0.157288302778212,0.571834402017874,0.363800665823174,-0.0204484712575581,1.54206348684144,1999
"Kshatriya","Sagdope and others","reference",0.232666412735465,0.952233946649913,0.487766309096291,0.193811222080687,2.24753099548633,1999
"Kshatriya","Sagdope and others","only_within",0.27303439269696,1.19249991029698,0.543899639264045,-0.137851341908425,4.14539032807956,1999
"Kshatriya","Sagdope and others","no_bar",0.160708297748713,0.587367033911018,0.370025974688311,-0.0091136387187407,1.60540948083984,1999
"Kshatriya","Other castes","reference",0.195465155679995,0.754197311337937,0.429938699861936,-0.198206980528575,2.71767879119501,1999
"Kshatriya","Other castes","only_within",0.217027964675025,0.866397061800465,0.464208329263375,-0.502926613752893,4.68739760423321,1999
"Kshatriya","Other castes","no_bar",0.118272466990397,0.40503614195153,0.288274536047844,-0.330826298389509,1.91087646223105,1999
"Kshatriya","Scheduled castes","reference",0.316075699007603,1.4813355969526,0.596991232774749,0.472187023621467,3.4036871323855,1999
"Kshatriya","Scheduled castes","only_within",0.318833337036168,1.50108806653996,0.600174014910472,-0.466672023951049,6.59450610736548,1999
"Kshatriya","Scheduled castes","no_bar",0.23364843661516,0.957753995768476,0.489210594302748,0.245486717860675,2.24343452426797,1999
"Kayastha","Baisya and others","reference",0.158286758421367,0.576353324204382,0.365624454463773,0.333571763440179,0.929031805722206,1999
"Kayastha","Baisya and others","only_within",0.236265080315792,0.972538719107106,0.493039102191787,0.201578233247552,2.95520882578428,1999
"Kayastha","Baisya and others","no_bar",0.096797790840306,0.320906102882845,0.24294391719629,0.0879633336082492,0.681849219416731,1999
"Kayastha","Sagdope and others","reference",0.166941327094714,0.616071515607228,0.381215502938769,0.353745108029024,0.989686954826355,1999
"Kayastha","Sagdope and others","only_within",0.226114478022674,0.915801118591853,0.478025150786519,0.00721158490341655,2.71778873665605,1999
"Kayastha","Sagdope and others","no_bar",0.100217785810807,0.33395909894601,0.250351828035716,0.0723767291075363,0.713644393500095,1999
"Kayastha","Other castes","reference",0.129740070039244,0.452135545779646,0.311359051221968,-0.206050377726496,1.57301138654286,1999
"Kayastha","Other castes","only_within",0.170108050000739,0.630853238324445,0.386824040017598,-0.384360387187519,3.15011536155141,1999
"Kayastha","Other castes","no_bar",0.0577819550524912,0.180735586580983,0.153070330593095,-0.358947271256253,1.10069859111026,1999
"Kayastha","Scheduled castes","reference",0.250350613366852,1.0540651830067,0.513160532453883,0.575463402098613,1.80774372028266,1999
"Kayastha","Scheduled castes","only_within",0.271913422361882,1.18544470313112,0.542427223819809,-0.282143947771354,4.43616813750344,1999
"Kayastha","Scheduled castes","no_bar",0.173157924677254,0.645217331821987,0.392177567876363,0.302762751412337,1.24464076418127,1999
"Baisya and others","Sagdope and others","reference",0.148198749925721,0.531287064661074,0.346954582796444,0.24742240669262,0.920016311983096,1999
"Baisya and others","Sagdope and others","only_within",0.226177071820146,0.916145941860055,0.478119083649092,0.130535285156579,3.00606325901621,1999
"Baisya and others","Sagdope and others","no_bar",0.0867097823446599,0.283142806830607,0.220663518762948,0.0342203331461335,0.626526308620131,1999
"Baisya and others","Other castes","reference",0.110997492870251,0.375951717428423,0.273230312275096,-0.250863647702647,1.46975244001057,1999
"Baisya and others","Other castes","only_within",0.170170643798211,0.631146774087703,0.386934385129568,-0.282408413532697,2.89590130559728,1999
"Baisya and others","Other castes","no_bar",0.0442739515863441,0.135756243116736,0.119529383122029,-0.384191726259873,1.01778336620701,1999
"Baisya and others","Scheduled castes","reference",0.231608036197859,0.946302137208945,0.486205157522958,0.473681019303518,1.67534653209889,1999
"Baisya and others","Scheduled castes","only_within",0.271976016159354,1.18583805929826,0.542509567098928,-0.113823547590953,3.78068394370104,1999
"Baisya and others","Scheduled castes","no_bar",0.159649921211107,0.582543862602993,0.368105982000913,0.239621832130057,1.1005540279148,1999
"Sagdope and others","Other castes","reference",0.102342924196904,0.342134950567483,0.254918442011231,-0.274359355870635,1.40291245384598,1999
"Sagdope and others","Other castes","only_within",0.180321246091329,0.679454165263022,0.404568448080637,-0.186665120314045,3.27962338154375,1999
"Sagdope and others","Other castes","no_bar",0.0408539566158431,0.124642692647436,0.11082870449638,-0.395262848513531,1.00627614247026,1999
"Sagdope and others","Scheduled castes","reference",0.222953467524513,0.898467867458583,0.47325945456287,0.392549046587292,1.6875576471073,1999
"Sagdope and others","Scheduled castes","only_within",0.282126618452472,1.25057296596261,0.555668705203573,0.153640130357621,3.59068518960603,1999
"Sagdope and others","Scheduled castes","no_bar",0.156229926240606,0.56705842618694,0.361861700055907,0.188934829135849,1.14065893711594,1999
"Other castes","Scheduled castes","reference",0.260154724579983,1.11279164180792,0.526692561532334,0.153880712530071,3.21416985586969,1999
"Other castes","Scheduled castes","only_within",0.338133046474408,1.64380025396619,0.621756598858096,0.212084672785874,6.5739108236939,1999
"Other castes","Scheduled castes","no_bar",0.198665756998922,0.77041487522635,0.43516064285658,-0.055718652063592,2.634803695333,1999
