"model","variant","term","estimate","se","p","n","clusters","bonferroni","BH"
"T3_1","published","samecaste",0.131679118322361,0.0304291303944557,1.81954636002677e-05,5628,506,0.000254736490403748,0.000127368245201874
"T3_1","published","diff_above",-0.0118655251968407,0.014573227389461,0.415914006727592,5628,506,1,0.499492595145251
"T3_1","published","diff_below",0.0144933344743256,0.0117333299576673,0.217320119334509,5628,506,1,0.38031020883539
"T3_1","published","casteimportantmatch",0.095381919750693,0.0714287174951107,0.182365313874351,5628,506,1,0.38031020883539
"T3_1","published","casteimportantdiff",-0.0162793113249007,0.0286540780571604,0.570197558744463,5628,506,1,0.614058909417114
"T3_1","published","castenotimpmatch",-0.0559591154104218,0.0337802920651012,0.0982293950250215,5628,506,1,0.27504230607006
"T3_1","published","castenotimpdiff",-0.00842853003560095,0.0106283476000651,0.428136510124501,5628,506,1,0.499492595145251
"T4_1","published","samecaste",0.170695788792623,0.0371484073680764,6.59066676924691e-06,3944,277,9.22693347694567e-05,9.22693347694567e-05
"T4_1","published","diff_above",-0.017455131121741,0.0157326578030234,0.268187226650894,3944,277,1,0.417180130345835
"T4_1","published","diff_below",-0.0399315866177444,0.0159031289654147,0.0126132796794944,3944,277,0.176585915512922,0.0588619718376407
"T4_1","published","casteimportantmatch",0.123440705444702,0.0630322522698456,0.0511932565757928,3944,277,0.716705592061099,0.179176398015275
"T4_1","published","casteimportantdiff",0.00239872073770701,0.0236709251547603,0.919357187007184,3944,277,1,0.919357187007184
"T4_1","published","castenotimpmatch",-0.0564952951203307,0.0440783094318445,0.201022569376238,3944,277,1,0.38031020883539
"T4_1","published","castenotimpdiff",0.0121442306142095,0.0142975718895164,0.396399839493693,3944,277,1,0.499492595145251
