"model","term","published","reproduced","published_se","reproduced_se","coefficient_matches_rounding","se_matches_rounding"
"T3_1","samecaste",0.1317,0.131679118322361,0.0329,0.0329439034631292,TRUE,TRUE
"T3_1","diff_above",-0.0119,-0.0118655251968407,0.0151,0.0151407964741174,TRUE,TRUE
"T3_1","diff_below",0.0145,0.0144933344743256,0.0133,0.0133377920229704,TRUE,TRUE
"T3_1","casteimportantmatch",0.0954,0.095381919750693,0.1093,0.109268201889051,TRUE,TRUE
"T3_1","casteimportantdiff",-0.0163,-0.0162793113249007,0.04,0.0400471029268435,TRUE,TRUE
"T3_1","castenotimpmatch",-0.056,-0.0559591154104218,0.0366,0.0366153046890935,TRUE,TRUE
"T3_1","castenotimpdiff",-0.0084,-0.00842853003560095,0.0121,0.0120909547712348,TRUE,TRUE
"T3_3","samecaste",0.1347,0.13467519691176,0.0425,0.0425244613213569,TRUE,TRUE
"T3_3","diff_above",-0.0276,-0.0275705281487596,0.0197,0.0196874605891004,TRUE,TRUE
"T3_3","diff_below",0.0056,0.00560083155380447,0.016,0.0160455830852828,TRUE,TRUE
"T3_3","casteimportantmatch",0.0918,0.091769902262043,0.1093,0.109301960516809,TRUE,TRUE
"T3_3","casteimportantdiff",-0.0158,-0.0158286286328313,0.04,0.0400495465839214,TRUE,TRUE
"T3_3","castenotimpmatch",-0.0549,-0.0549482177662361,0.0367,0.0366339006860067,TRUE,FALSE
"T3_3","castenotimpdiff",-0.0098,-0.00980960684720926,0.0121,0.0121403377294835,TRUE,TRUE
"T4_1","samecaste",0.1707,0.170695788792623,0.0351,0.035078042167512,TRUE,TRUE
"T4_1","diff_above",-0.0175,-0.017455131121741,0.017,0.0170395777396564,TRUE,TRUE
"T4_1","diff_below",-0.0399,-0.0399315866177444,0.0172,0.0172412159082389,TRUE,TRUE
"T4_1","casteimportantmatch",0.1234,0.123440705444702,0.1409,0.140920083187064,TRUE,TRUE
"T4_1","casteimportantdiff",0.0024,0.00239872073770701,0.0596,0.059581356540689,TRUE,TRUE
"T4_1","castenotimpmatch",-0.0565,-0.0564952951203307,0.0428,0.0427866708533445,TRUE,TRUE
"T4_1","castenotimpdiff",0.0121,0.0121442306142095,0.0151,0.0151425795873193,TRUE,TRUE
"T4_3","samecaste",0.1769,0.176861357303958,0.0442,0.0442005360296336,TRUE,TRUE
"T4_3","diff_above",-0.0099,-0.0098507984057204,0.0232,0.0231647031187447,TRUE,TRUE
"T4_3","diff_below",-0.0301,-0.0301413338067814,0.022,0.0220124246152557,TRUE,TRUE
"T4_3","casteimportantmatch",0.1217,0.121676170860252,0.141,0.140972099740827,TRUE,TRUE
"T4_3","casteimportantdiff",0.001,0.000988431298268049,0.0596,0.0596237364618207,TRUE,TRUE
"T4_3","castenotimpmatch",-0.0574,-0.0573846368339328,0.0429,0.0429029359767083,TRUE,TRUE
"T4_3","castenotimpdiff",0.0118,0.0117923802781905,0.0152,0.0151637088246466,TRUE,TRUE
