"model","term","estimate","se","p","n"
"T3_1","caste_no3",0.124661951111923,0.0493453026175592,0.0115567077260313,5628
"T3_1","caste_no4",0.0564833667342919,0.0758003269614934,0.456209608193164,5628
"T3_1","caste_no5",-0.00363375507469685,0.0293898342068704,0.901605333442158,5628
"T3_1","caste_no6",-0.00776336405121782,0.0376251679702876,0.83653805084798,5628
"T3_1","caste_no7",0.00724428051081856,0.0439593020194686,0.869111783214981,5628
"T3_1","caste_no8",0.0440073454795516,0.103753389433184,0.671472005131567,5628
"T3_1","caste_no9",-0.0760888501136042,0.0628505277706031,0.226093012866635,5628
"T3_1","samecaste",0.131679118322361,0.0329439034631292,6.5042509965562e-05,5628
"T3_1","diff_above",-0.0118655251968407,0.0151407964741174,0.433265087530546,5628
"T3_1","diff_below",0.0144933344743256,0.0133377920229704,0.277249092977125,5628
"T3_1","nocaste_male",0.115941106245648,0.0417068097579444,0.00545749035965908,5628
"T3_1","samenocaste",-0.233241899780397,0.216815884480619,0.28208574407077,5628
"T3_1","casteimportantmatch",0.095381919750693,0.109268201889051,0.382750446015309,5628
"T3_1","casteimportantdiff",-0.0162793113249007,0.0400471029268435,0.684389420152384,5628
"T3_1","casteimportantno",0.155907486992475,0.110320212322107,0.157650469711462,5628
"T3_1","castenotimpmatch",-0.0559591154104218,0.0366153046890935,0.126500872498072,5628
"T3_1","castenotimpdiff",-0.00842853003560095,0.0120909547712348,0.485776058622392,5628
"T3_1","castenotimpno",-0.0901039535688638,0.0375205617714511,0.0163658087071852,5628
"T3_1","age_noage",-0.019584252108561,0.00855452985125556,0.0221003840604595,5628
"T3_1","noage_age",-0.0169455350624656,0.019111292269876,0.3752951457902,5628
"T3_1","diffage",-0.00192906675259195,0.00473329806982788,0.683619573905488,5628
"T3_1","diffagesq",-0.000817725251444083,0.000274288811814666,0.00288433880977449,5628
"T3_1","noage_male",0.424067397434686,0.230511525759566,0.0658737352672105,5628
"T3_1","samenoage",-0.970166741200234,0.653196880076125,0.137537369629143,5628
"T3_1","height_noheight",-0.0416194906983032,0.459122876457128,0.92777428160594,5628
"T3_1","noheight_height",-0.856674054673645,0.565002412926875,0.129523397101979,5628
"T3_1","diffheight",1.2507964956211,0.274482908741843,5.31293705012579e-06,5628
"T3_1","diffheightsq",-3.46947091173499,0.969199481843212,0.000347173257345851,5628
"T3_1","noheight_male",0.137348831664376,0.726197816359988,0.849995226275786,5628
"T3_1","samenoheight",-1.76998797549469,1.20737462019809,0.142715589797811,5628
"T3_1","edu_male3",0.0732054472491922,0.109674566424281,0.504496754248257,5628
"T3_1","edu_male4",0.121636643313808,0.118713523673359,0.305589884798377,5628
"T3_1","edu_male5",0.101894633234677,0.118255978226341,0.388923863558352,5628
"T3_1","edu_male6",0.224225334278742,0.121874618318321,0.0658555805311212,5628
"T3_1","edu_male7",0.258892451863729,0.124786316367819,0.0380659959403983,5628
"T3_1","sameedu_max",0.0411522301767801,0.0238748803720115,0.084829845175368,5628
"T3_1","moreedu",0.057105251710744,0.0379010118027066,0.131951293476474,5628
"T3_1","otheredu_dum_male",0.212594371778794,0.11429817073943,0.0629437213399248,5628
"T3_1","science_male",0.10017246018015,0.0213899402096642,2.89870207270231e-06,5628
"T3_1","comm_male",0.0529251423494061,0.0222048230015168,0.0171856235417843,5628
"T3_1","otherfield_male",0.0331993585556508,0.0518354915110302,0.521892527127093,5628
"T3_1","noedu_male",0.18747964798239,0.111382850875091,0.0923979382720186,5628
"T3_1","samenoedu",-0.0177178739028616,0.0768210479496298,0.817605143859741,5628
"T3_1","nofield_male",0.0309054998762436,0.0509702901503293,0.544313901899306,5628
"T3_1","logincome_male",0.0994733463805768,0.0148218131594327,2.14048787244505e-11,5628
"T3_1","noincome_male",0.939865966074975,0.138772448716609,1.40757933170578e-11,5628
"T3_1","calcutta_male",0.0734355767033125,0.0137479079540741,9.61675727136119e-08,5628
"T3_1","sameresstatus",0.0469096292814604,0.0351690806583444,0.18231903070027,5628
"T3_1","nores_male",0.0354698021155648,0.0519770798177258,0.49500943810656,5628
"T3_1","samenores",-0.0226832417167257,0.0556487878599508,0.683574087724438,5628
"T3_1","family_origin_male",-0.00602661794800581,0.0163832239871459,0.712998221593704,5628
"T3_1","samefamily_origin",0.0348036958703263,0.0193723454896114,0.0724641084393716,5628
"T3_1","nofamily_origin_male",-0.0331389481660445,0.0228415017742532,0.146891407917507,5628
"T3_1","samenofamily_origin",0.0528815407728485,0.0333848142438846,0.113256171607462,5628
"T3_1","logwage_male",0.10457554507989,0.0143921377382235,4.26182601911572e-13,5628
"T3_1","nowage_male",0.528083657759367,0.0789195163244948,2.44922784430718e-11,5628
"T3_2","age_noage",-0.0190342103343886,0.00858892933918966,0.0267265045970803,5628
"T3_2","noage_age",-0.0214062302293562,0.0192225793124767,0.265504233423672,5628
"T3_2","diffage",-0.00345358777096214,0.00473848438490234,0.466134298223331,5628
"T3_2","diffagesq",-0.000814395650372357,0.000275149170363669,0.00309226656498237,5628
"T3_2","noage_male",0.405250421990232,0.231360922492612,0.079903925424201,5628
"T3_2","samenoage",-1.12768895890277,0.656678660607903,0.0859923113667723,5628
"T3_2","height_noheight",0.0500212125601073,0.460919598215367,0.913583682658704,5628
"T3_2","noheight_height",-0.90626686072569,0.56740833496203,0.110282389768357,5628
"T3_2","diffheight",1.34550146861038,0.275415629294194,1.06414366634554e-06,5628
"T3_2","diffheightsq",-3.83983087610263,0.971804859841163,7.88021781873444e-05,5628
"T3_2","noheight_male",0.00124517701489524,0.729057361085935,0.998637338799143,5628
"T3_2","samenoheight",-1.67832301659219,1.21255068867766,0.166380610424202,5628
"T3_2","edu_male3",0.0907073697410511,0.110227692057983,0.410598289008823,5628
"T3_2","edu_male4",0.141291561674255,0.119244838709616,0.236117836114781,5628
"T3_2","edu_male5",0.113182111030649,0.118800722121405,0.340784556259358,5628
"T3_2","edu_male6",0.233029752130388,0.122433593191789,0.0570558161947613,5628
"T3_2","edu_male7",0.263567824930519,0.125366449844088,0.0355691180391159,5628
"T3_2","sameedu_max",0.0434762475295198,0.0239915779043537,0.0700225740508455,5628
"T3_2","moreedu",0.0645805660192562,0.0380789613587218,0.089953830905591,5628
"T3_2","otheredu_dum_male",0.23707378610921,0.11478553185922,0.0389392403448992,5628
"T3_2","science_male",0.0951339010718819,0.0214698208636415,9.5745287690887e-06,5628
"T3_2","comm_male",0.052493947352809,0.0223079869117841,0.0186532137891359,5628
"T3_2","otherfield_male",0.0321419027176038,0.0521158157517779,0.537433918530008,5628
"T3_2","noedu_male",0.216904762391283,0.11187671508979,0.0525829422099966,5628
"T3_2","samenoedu",-0.0203817719933874,0.0771635882937456,0.791684927707821,5628
"T3_2","nofield_male",0.0195715359166887,0.0512097355957914,0.702340945464634,5628
"T3_2","logincome_male",0.0953222728755726,0.0148251909804667,1.39515490213218e-10,5628
"T3_2","noincome_male",0.903075445695891,0.138888985759968,8.67742007315551e-11,5628
"T3_2","calcutta_male",0.0771300170033411,0.0137875397015171,2.33259548544118e-08,5628
"T3_2","sameresstatus",0.0445063133497875,0.0353332658286716,0.207866086020745,5628
"T3_2","nores_male",0.0349359317868971,0.052156978814452,0.503001199432246,5628
"T3_2","samenores",-0.0215508525720141,0.0558538741383354,0.69962874382301,5628
"T3_2","family_origin_male",-0.00139601745092014,0.016022600076574,0.930573183085818,5628
"T3_2","samefamily_origin",0.0512738388370499,0.0193867545312466,0.00819936520757885,5628
"T3_2","nofamily_origin_male",-0.0171136063358055,0.0224879962809059,0.446685956535967,5628
"T3_2","samenofamily_origin",0.0481858283574912,0.0335112785260507,0.15052430800517,5628
"T3_2","logwage_male",0.10926212409451,0.0144525593266996,4.75174209058696e-14,5628
"T3_2","nowage_male",0.553988336128874,0.079231792115423,3.06021076692644e-12,5628
"T3_3","caste_no3",0.121903775977766,0.0494617006696395,0.0137492260878639,5628
"T3_3","caste_no4",0.0487567049096394,0.0760599298404626,0.521532131112292,5628
"T3_3","caste_no5",-0.00817106218812263,0.0295849881578422,0.782413815334448,5628
"T3_3","caste_no6",-0.00525709415882094,0.0376729843689164,0.889024680013121,5628
"T3_3","caste_no7",0.0158473290044322,0.0444224937704483,0.721300502200013,5628
"T3_3","caste_no8",0.0463307616450467,0.103771026205718,0.655276092559976,5628
"T3_3","caste_no9",-0.0780140543830607,0.0629200024784837,0.215072519851359,5628
"T3_3","samecaste",0.13467519691176,0.0425244613213569,0.00154932377126816,5628
"T3_3","samemain_caste_rank",0.0273100882140416,0.0485131040367388,0.573498958379687,5628
"T3_3","diff_above",-0.0275705281487596,0.0196874605891004,0.16145166941142,5628
"T3_3","diff_below",0.00560083155380447,0.0160455830852828,0.727060634483906,5628
"T3_3","abovecaste",0.078277530620509,0.0576212712354078,0.174370911517845,5628
"T3_3","nocaste_male",0.144599045731068,0.0499912949455866,0.00383837127294996,5628
"T3_3","samenocaste",-0.263920086006314,0.218717760299621,0.227615752199777,5628
"T3_3","casteimportantmatch",0.091769902262043,0.109301960516809,0.401172455757858,5628
"T3_3","casteimportantdiff",-0.0158286286328313,0.0400495465839214,0.692692632708926,5628
"T3_3","casteimportantno",0.153007436948298,0.110342598738087,0.165607140103359,5628
"T3_3","castenotimpmatch",-0.0549482177662361,0.0366339006860067,0.133695362118322,5628
"T3_3","castenotimpdiff",-0.00980960684720926,0.0121403377294835,0.419118390808746,5628
"T3_3","castenotimpno",-0.0865103120321159,0.0376257138306469,0.0215321776182331,5628
"T3_3","age_noage",-0.019442003626129,0.00855579489494337,0.0231054031274471,5628
"T3_3","noage_age",-0.0164146893300551,0.0191159118446969,0.390550854877235,5628
"T3_3","diffage",-0.00193321352877581,0.00473356036412726,0.682993040630888,5628
"T3_3","diffagesq",-0.000811812838563881,0.000274328055053047,0.0030978952618864,5628
"T3_3","noage_male",0.420017558637096,0.230549731620943,0.06854294521238,5628
"T3_3","samenoage",-0.951516352222236,0.653353107478159,0.145355536986604,5628
"T3_3","height_noheight",-0.0596361696171197,0.459322606282423,0.896702095140228,5628
"T3_3","noheight_height",-0.833487727023059,0.565269390959846,0.14041012750346,5628
"T3_3","diffheight",1.24895300296344,0.274508853962999,5.49588681124982e-06,5628
"T3_3","diffheightsq",-3.44653985319712,0.969414349663718,0.000381024479208321,5628
"T3_3","noheight_male",0.166018502954969,0.726517040330013,0.819256769211953,5628
"T3_3","samenoheight",-1.76244644848825,1.20740451764076,0.144435009529617,5628
"T3_3","edu_male3",0.0751102013117098,0.109726232812066,0.493675886981986,5628
"T3_3","edu_male4",0.123779809797848,0.118782254106501,0.297427464383487,5628
"T3_3","edu_male5",0.10239640353464,0.118290506857846,0.386731359742931,5628
"T3_3","edu_male6",0.224527697174991,0.12189388629851,0.0655345949207114,5628
"T3_3","edu_male7",0.259471021661777,0.124808536059251,0.0376719305565382,5628
"T3_3","sameedu_max",0.0412692227453627,0.0238773814045918,0.0839808181308458,5628
"T3_3","moreedu",0.0571480220007108,0.0379111618960084,0.131765559969445,5628
"T3_3","otheredu_dum_male",0.213992264556717,0.114348239705293,0.0613460968732661,5628
"T3_3","science_male",0.0999291601794182,0.0213915654893253,3.0685554868804e-06,5628
"T3_3","comm_male",0.052623068408105,0.0222063207295997,0.0178381698235353,5628
"T3_3","otherfield_male",0.0325505807396781,0.0518429535087864,0.530118105390063,5628
"T3_3","noedu_male",0.18960699618628,0.111429343903516,0.0888937411532897,5628
"T3_3","samenoedu",-0.017141443852777,0.0768240025642232,0.823446326697368,5628
"T3_3","nofield_male",0.029287839313137,0.0509857567057953,0.565701163441569,5628
"T3_3","logincome_male",0.0992242235966762,0.0148263298409728,2.43257418345303e-11,5628
"T3_3","noincome_male",0.938102617834042,0.13880981510309,1.55481201637509e-11,5628
"T3_3","calcutta_male",0.0735346199046752,0.0137546479359388,9.37801133764596e-08,5628
"T3_3","sameresstatus",0.0463142472999502,0.0351741241088382,0.187994230751991,5628
"T3_3","nores_male",0.0359282677046063,0.0519811846882558,0.489485171225738,5628
"T3_3","samenores",-0.0224995213564491,0.055655624306709,0.686036248146969,5628
"T3_3","family_origin_male",-0.00616584494822333,0.0163890175183365,0.706770524660663,5628
"T3_3","samefamily_origin",0.0350840539518338,0.0193737174435204,0.0702140549171795,5628
"T3_3","nofamily_origin_male",-0.0330973725460245,0.02284349150409,0.147434303344154,5628
"T3_3","samenofamily_origin",0.0527843566893472,0.0333954256861008,0.114035083558257,5628
"T3_3","logwage_male",0.104955019997829,0.0143955533669391,3.55750956227422e-13,5628
"T3_3","nowage_male",0.529589974366277,0.0789306275352164,2.16570440546329e-11,5628
"T4_1","caste_nof3",0.0274870099085082,0.0534096331697962,0.606832498237338,3944
"T4_1","caste_nof4",0.089398640003641,0.0700330837697518,0.201853832338165,3944
"T4_1","caste_nof5",0.035166369078207,0.0339836289407023,0.300830126352023,3944
"T4_1","caste_nof6",0.0590184283867576,0.042733548311645,0.167339995184682,3944
"T4_1","caste_nof7",0.123203623316251,0.0502009980971824,0.0141664813231804,3944
"T4_1","caste_nof8",-0.115441263676143,0.0814744255640458,0.156597917509638,3944
"T4_1","caste_nof9",-0.0086992481431434,0.0714660091683675,0.903123054434695,3944
"T4_1","samecaste",0.170695788792623,0.035078042167512,1.18646770825856e-06,3944
"T4_1","diff_above",-0.017455131121741,0.0170395777396564,0.305720902005722,3944
"T4_1","diff_below",-0.0399315866177444,0.0172412159082389,0.0206110713423425,3944
"T4_1","nocaste_female",0.153610330632792,0.0458635714108223,0.000818507128637714,3944
"T4_1","samenocaste",0.360650551263452,0.214899309968114,0.0933886874655944,3944
"T4_1","casteimportantmatch",0.123440705444702,0.140920083187064,0.381108712344077,3944
"T4_1","casteimportantdiff",0.00239872073770701,0.059581356540689,0.967888399745392,3944
"T4_1","casteimportantno",0.0963841140802991,0.147314706606508,0.51297727000847,3944
"T4_1","castenotimpmatch",-0.0564952951203307,0.0427866708533445,0.186786965180907,3944
"T4_1","castenotimpdiff",0.0121442306142095,0.0151425795873193,0.422610262545589,3944
"T4_1","castenotimpno",-0.0415980419219542,0.0466014928023566,0.372113104614339,3944
"T4_1","age_noage",0.0221680014785627,0.014721636191904,0.132203192520461,3944
"T4_1","noage_age",0.00657776217878893,0.00835684469211214,0.43126871566449,3944
"T4_1","diffage",0.044284403057056,0.00825673017484304,8.67847968641593e-08,3944
"T4_1","diffagesq",-0.00234590737226094,0.000575766811486015,4.7124016499944e-05,3944
"T4_1","noage_female",-0.0337523728674023,0.268732082077021,0.900056666265993,3944
"T4_1","samenoage",0.514132233478452,0.547541794963512,0.347802483028042,3944
"T4_1","height_noheight",0.454332896560879,0.409044779482307,0.266764254403653,3944
"T4_1","noheight_height",-0.752907255792864,0.511931481305683,0.141454332413306,3944
"T4_1","diffheight",0.722800660514318,0.332915960441346,0.0299870064121024,3944
"T4_1","diffheightsq",-6.25321491444013,1.24505177558776,5.34859884857574e-07,3944
"T4_1","noheight_female",1.30037374478372,0.858696860448633,0.130022820958677,3944
"T4_1","samenoheight",-0.495208139838319,1.07835399372147,0.646099565452273,3944
"T4_1","edu_female3",0.104326212274085,0.0623406804344231,0.0943184346761113,3944
"T4_1","edu_female4",0.0831971572397879,0.140262733219276,0.553116415633812,3944
"T4_1","edu_female5",0.0966052340288638,0.087928885514507,0.271983288904575,3944
"T4_1","edu_female6",0.167896199176598,0.0913226675758962,0.0660717121425756,3944
"T4_1","edu_female7",0.262599296620013,0.103091881250046,0.0108991496375213,3944
"T4_1","sameedu_max",0.0173849263689689,0.030673932133599,0.570908750972651,3944
"T4_1","moreedu",-0.00572488815175044,0.0418936436653981,0.891312775771412,3944
"T4_1","otheredu_dum_female",0.212534361406999,0.0822374685150099,0.00979381994414676,3944
"T4_1","science_female",0.0456480108191304,0.0192117524934714,0.0175511594531865,3944
"T4_1","comm_female",0.0781397637155992,0.0259158845242384,0.00258656899211567,3944
"T4_1","otherfield_female",0.0153758649116324,0.0742027861433091,0.835854328949942,3944
"T4_1","samenoedu",-0.0926400644430546,0.0936328406498728,0.322535183826537,3944
"T4_1","noedu_female",0.160193936115451,0.085909326108951,0.0623064891255126,3944
"T4_1","nofield_female",-0.0985122655742105,0.0613760200261717,0.108567815906552,3944
"T4_1","skinrank_female",-0.0505880059148873,0.0100995608997379,5.73556579517596e-07,3944
"T4_1","noskin_female",-0.0848778389609859,0.0254537548441182,0.00086287513705607,3944
"T4_1","calcutta_female",0.0620204311448538,0.0189682847592036,0.00108675264515809,3944
"T4_1","sameresstatus",-0.0437455711280304,0.0288775228663185,0.129893945718813,3944
"T4_1","nores_female",0.0180370460624586,0.0300934737289907,0.54896554701134,3944
"T4_1","samenores",-0.0378412036861,0.0405077646339555,0.350277857024171,3944
"T4_1","family_origin_female",0.0115233399312956,0.0185401734612526,0.534287868928995,3944
"T4_1","samefamily_origin",0.0926096978519673,0.0214072750834054,1.55891328343064e-05,3944
"T4_1","nofamily_origin_female",0.0613682031448618,0.0270766427871665,0.0234819981347423,3944
"T4_1","samenofamily_origin",-0.082833543253868,0.0367671115528751,0.0243236803634532,3944
"T4_1","beauty_female",0.0070599274153143,0.0189951714832369,0.710160689187131,3944
"T4_1","vbeauty_female",0.0531605313826743,0.029956618616981,0.0760508840386561,3944
"T4_1","nobeauty_female",0.00377403109877186,0.0169730150591164,0.824050286216085,3944
"T4_2","age_noage",0.0193492530239273,0.014820596448726,0.191783288450381,3944
"T4_2","noage_age",0.00571610100643076,0.00840052282913494,0.496265609558943,3944
"T4_2","diffage",0.0471292755220774,0.00828913334432795,1.40585090486128e-08,3944
"T4_2","diffagesq",-0.00246745000604479,0.000578557737294197,2.05155216454441e-05,3944
"T4_2","noage_female",-0.00162891144591111,0.270121100998454,0.995188876936931,3944
"T4_2","samenoage",0.369445170144978,0.550476128674758,0.502175668375321,3944
"T4_2","height_noheight",0.617731242884137,0.410320717522673,0.132286760861385,3944
"T4_2","noheight_height",-0.737057768135231,0.514032437849833,0.151694389195282,3944
"T4_2","diffheight",0.682934255082382,0.334829325769051,0.0414576100307487,3944
"T4_2","diffheightsq",-6.15176770338015,1.25223388436159,9.38297028966249e-07,3944
"T4_2","noheight_female",1.27193988172096,0.862232731844617,0.140253611252514,3944
"T4_2","samenoheight",-0.197539102600909,1.08135299874665,0.855061103663801,3944
"T4_2","edu_female3",0.113283582639135,0.0627715662622495,0.0712051838986455,3944
"T4_2","edu_female4",0.0701487944649459,0.140875589266684,0.618550492123611,3944
"T4_2","edu_female5",0.122394893453506,0.0884239506470398,0.166387687321869,3944
"T4_2","edu_female6",0.192812665500044,0.091814288169754,0.0357951714977655,3944
"T4_2","edu_female7",0.283545310958205,0.103518422433537,0.00619123406139799,3944
"T4_2","sameedu_max",0.00842238476175441,0.0308524117730755,0.784876816822952,3944
"T4_2","moreedu",-0.00984137283172021,0.0421543655477352,0.815417128063542,3944
"T4_2","otheredu_dum_female",0.220123900543278,0.0827633828751126,0.00785594496206455,3944
"T4_2","science_female",0.0422921221808093,0.0192357850612476,0.0279680924112163,3944
"T4_2","comm_female",0.0818926990925297,0.0260446014878999,0.00167815342830895,3944
"T4_2","otherfield_female",0.0162159811372271,0.0741370591700842,0.826872868409471,3944
"T4_2","samenoedu",-0.0933745217812366,0.0941027841260126,0.3211364000675,3944
"T4_2","noedu_female",0.162880865754296,0.0864411882577562,0.0596047060781989,3944
"T4_2","nofield_female",-0.0891305744297708,0.0617003821454935,0.148664817026829,3944
"T4_2","skinrank_female",-0.0518021102147756,0.0101524236422299,3.52500151009982e-07,3944
"T4_2","noskin_female",-0.0903036920023875,0.025581485895251,0.000420658199304952,3944
"T4_2","calcutta_female",0.0587839311757202,0.0190101881683977,0.00200166230289355,3944
"T4_2","sameresstatus",-0.0455313775708592,0.029030187036915,0.116871546549901,3944
"T4_2","nores_female",0.00728625554827044,0.0301881844720135,0.809288844148382,3944
"T4_2","samenores",-0.0252248080014252,0.040612053937868,0.534562136315186,3944
"T4_2","family_origin_female",0.0169958652764414,0.0181272851869194,0.348520285641395,3944
"T4_2","samefamily_origin",0.106722748036823,0.021442959057887,6.75609444649789e-07,3944
"T4_2","nofamily_origin_female",0.0647365313782377,0.0268232563040992,0.0158516306956935,3944
"T4_2","samenofamily_origin",-0.0926455285116269,0.036905661067136,0.0121048860381723,3944
"T4_2","beauty_female",0.00999206452151519,0.0190750359970992,0.600429204502427,3944
"T4_2","vbeauty_female",0.0575135163360495,0.0301019543146372,0.0561316637408715,3944
"T4_2","nobeauty_female",0.00613896590778904,0.0170398239313652,0.718664951323888,3944
"T4_3","caste_nof3",0.0232409153124332,0.053746749915559,0.665465465441046,3944
"T4_3","caste_nof4",0.0808368051985903,0.0709895649546691,0.254898099171064,3944
"T4_3","caste_nof5",0.0311779756779457,0.0344119509366679,0.364984845220859,3944
"T4_3","caste_nof6",0.0586865840163442,0.0427734260560432,0.170138230657398,3944
"T4_3","caste_nof7",0.127072831483712,0.0504847116854564,0.0118770143585679,3944
"T4_3","caste_nof8",-0.11284661492716,0.0815835034872275,0.166687957697518,3944
"T4_3","caste_nof9",-0.0126043844977598,0.0717004914190585,0.86046709170457,3944
"T4_3","samecaste",0.176861357303958,0.0442005360296336,6.42494099223797e-05,3944
"T4_3","samemain_caste_rank",-0.0330688409734416,0.0554030313260202,0.550626402472372,3944
"T4_3","diff_above",-0.0098507984057204,0.0231647031187447,0.670679534809977,3944
"T4_3","diff_below",-0.0301413338067814,0.0220124246152557,0.170994706718818,3944
"T4_3","abovecaste",-0.0476842486979074,0.067903353525691,0.482576660844921,3944
"T4_3","nocaste_female",0.125253399623476,0.0601421222501044,0.0373558254572894,3944
"T4_3","samenocaste",0.388803416887399,0.218547631612492,0.075318545026741,3944
"T4_3","casteimportantmatch",0.121676170860252,0.140972099740827,0.388127566731109,3944
"T4_3","casteimportantdiff",0.000988431298268049,0.0596237364618207,0.986774339461783,3944
"T4_3","casteimportantno",0.0937711437888673,0.147388091246661,0.524673871245467,3944
"T4_3","castenotimpmatch",-0.0573846368339328,0.0429029359767083,0.181128887317072,3944
"T4_3","castenotimpdiff",0.0117923802781905,0.0151637088246466,0.43681383852683,3944
"T4_3","castenotimpno",-0.0416775390482801,0.0467057263497581,0.372268494691009,3944
"T4_3","age_noage",0.0221226254460896,0.0147253245533546,0.133093657257948,3944
"T4_3","noage_age",0.0067521693282201,0.00836219725621254,0.419452705116917,3944
"T4_3","diffage",0.0443042409223024,0.00825891222913781,8.63192371702915e-08,3944
"T4_3","diffagesq",-0.00234385166362322,0.000575926414908051,4.80806016908155e-05,3944
"T4_3","noage_female",-0.0383591664700651,0.268867959687368,0.88655943911835,3944
"T4_3","samenoage",0.518070997827992,0.547681424376022,0.344245112707351,3944
"T4_3","height_noheight",0.455366782765596,0.409310292379167,0.265987813769146,3944
"T4_3","noheight_height",-0.75694989804714,0.512063243412653,0.139432131166618,3944
"T4_3","diffheight",0.715308371231039,0.333140553232794,0.0318464400577382,3944
"T4_3","diffheightsq",-6.23750672444963,1.24550406127101,5.76279987685973e-07,3944
"T4_3","noheight_female",1.30605485237787,0.858903511553834,0.128446068195968,3944
"T4_3","samenoheight",-0.50053058887591,1.0787679195799,0.642687509694579,3944
"T4_3","edu_female3",0.103813670656816,0.0623596730797834,0.0960481740873395,3944
"T4_3","edu_female4",0.0807944507731203,0.140333368746076,0.564832057049988,3944
"T4_3","edu_female5",0.0964596989445224,0.0879712890693117,0.272937277052332,3944
"T4_3","edu_female6",0.167811569325772,0.0913676498633684,0.0663418983582301,3944
"T4_3","edu_female7",0.262399392332445,0.103113236955906,0.0109763060162034,3944
"T4_3","sameedu_max",0.0173423670469053,0.030680974262726,0.571940066617621,3944
"T4_3","moreedu",-0.00574037700333196,0.0419037309244393,0.891046627573291,3944
"T4_3","otheredu_dum_female",0.212319789394541,0.0822548069089843,0.00988359325357802,3944
"T4_3","science_female",0.0457317845898011,0.0192165017358666,0.0173728437609736,3944
"T4_3","comm_female",0.078478477074473,0.0259330540268646,0.00249400536955652,3944
"T4_3","otherfield_female",0.015268423567493,0.0742304778145816,0.837045131565232,3944
"T4_3","samenoedu",-0.0930214981632887,0.0936545826472023,0.320659508435352,3944
"T4_3","noedu_female",0.160391824907292,0.0859288939638744,0.0620434841546952,3944
"T4_3","nofield_female",-0.0981544461352712,0.0614289065793017,0.11016296047914,3944
"T4_3","skinrank_female",-0.0507696145505523,0.0101064909247873,5.32080283079723e-07,3944
"T4_3","noskin_female",-0.085435552663758,0.0254796243287041,0.000807377234451776,3944
"T4_3","calcutta_female",0.0620675944359412,0.0189730287637542,0.00108038609973983,3944
"T4_3","sameresstatus",-0.0438197010775147,0.0288896754745774,0.129406180654141,3944
"T4_3","nores_female",0.0182857103512599,0.0301019944745184,0.54358494945749,3944
"T4_3","samenores",-0.0381635213454069,0.0405232545575384,0.346374268395813,3944
"T4_3","family_origin_female",0.0121207632075408,0.0185613867556202,0.513791714768782,3944
"T4_3","samefamily_origin",0.0931771481711974,0.0214399789978629,1.42494900315048e-05,3944
"T4_3","nofamily_origin_female",0.0614907175764778,0.0270935120913294,0.0232922400869065,3944
"T4_3","samenofamily_origin",-0.0823342410470583,0.0367807516654776,0.0252482817686561,3944
"T4_3","beauty_female",0.00707007309908141,0.0190048345137908,0.709903936427583,3944
"T4_3","vbeauty_female",0.0533026299659016,0.0299632568085026,0.0753348994666038,3944
"T4_3","nobeauty_female",0.00392232773282205,0.016977610750953,0.817305038260308,3944
"T3_5","caste_no3",0.694413489717995,0.282443880253124,0.0139484098955964,5628
"T3_5","caste_no4",0.558465698550473,0.402268129336238,0.16504809223951,5628
"T3_5","caste_no5",0.0159542614809319,0.166127117796574,0.923491609855117,5628
"T3_5","caste_no6",-0.00850633039850677,0.212754748264699,0.96810758895436,5628
"T3_5","caste_no7",0.0587645118472438,0.246663676616986,0.811696974642881,5628
"T3_5","caste_no8",0.583695971926795,0.6346630468764,0.357732544249542,5628
"T3_5","caste_no9",-0.553380481817445,0.401447626226737,0.168060550986238,5628
"T3_5","samecaste",0.860345390362044,0.206768869249405,3.16990490033975e-05,5628
"T3_5","diff_above",-0.0788332397841071,0.0927997782052837,0.395604159911444,5628
"T3_5","diff_below",0.139240414584409,0.0903316694765527,0.12321090371806,5628
"T3_5","nocaste_male",0.777978699481779,0.250609791082046,0.00190702240145936,5628
"T3_5","samenocaste",-2.65696870295465,1.29661249330341,0.0404463026702015,5628
"T3_5","casteimportantmatch",41.0617727881557,3424.33926167492,0.990432674183819,5628
"T3_5","casteimportantdiff",-13.6048667537225,1141.44679497788,0.99049026536173,5628
"T3_5","casteimportantno",41.3060358888612,3424.33926831947,0.990375764052165,5628
"T3_5","castenotimpmatch",-0.495056453135375,0.218730319326103,0.0236160415862791,5628
"T3_5","castenotimpdiff",-0.0528384732299123,0.0785846919631667,0.501344257366172,5628
"T3_5","castenotimpno",-0.619684087861059,0.22321945180549,0.00550118218198612,5628
"T3_5","age_noage",-0.104373247144748,0.0487667842027462,0.0323343410381841,5628
"T3_5","noage_age",-0.0914594272611345,0.129822126897571,0.481122702303566,5628
"T3_5","diffage",0.164651131948865,0.0457650598379786,0.000320984940347154,5628
"T3_5","diffagesq",-0.0203311761110754,0.00347616004461075,4.95293625174242e-09,5628
"T3_5","noage_male",2.55442283218335,1.31608084150225,0.0522665801273453,5628
"T3_5","samenoage",-5.03016887674121,4.23810977561068,0.235271127219734,5628
"T3_5","height_noheight",-0.206766807860795,2.56390399154917,0.935724038913684,5628
"T3_5","noheight_height",-4.04158173557761,3.15746054278689,0.20054154477827,5628
"T3_5","diffheight",8.18032420592258,1.71276564626898,1.78735732522755e-06,5628
"T3_5","diffheightsq",-22.4170111348279,5.98813991125109,0.0001814252101009,5628
"T3_5","noheight_male",0.867103195650303,4.05423169774405,0.830643691578717,5628
"T3_5","samenoheight",-8.79952012434572,6.73041262451453,0.191067886886294,5628
"T3_5","edu_male3",0.0769364782357871,0.647764100538324,0.905455698254079,5628
"T3_5","edu_male4",0.33910306901212,0.699473541922968,0.627819951076497,5628
"T3_5","edu_male5",0.270748865825772,0.694190012229613,0.696520823427534,5628
"T3_5","edu_male6",0.935634333333834,0.715423410402188,0.190939448357757,5628
"T3_5","edu_male7",1.17084430951008,0.731858360377647,0.109637711871231,5628
"T3_5","sameedu_max",0.248179695528585,0.139323489610492,0.0748602159540323,5628
"T3_5","moreedu",0.355570929054442,0.21662757745922,0.100715919660755,5628
"T3_5","otheredu_dum_male",0.89654795593131,0.669823576623827,0.180738802208702,5628
"T3_5","science_male",0.594524559825061,0.125173555009696,2.03817435499554e-06,5628
"T3_5","comm_male",0.309613620921501,0.131232192613112,0.0183103840259504,5628
"T3_5","otherfield_male",0.222893147726142,0.277387803878134,0.421660704353195,5628
"T3_5","noedu_male",0.818578222487539,0.654633193955029,0.211139590139117,5628
"T3_5","samenoedu",-0.282510532884136,0.434089441004967,0.51516797846788,5628
"T3_5","nofield_male",0.195567134257446,0.305958355394855,0.522695907359707,5628
"T3_5","logincome_male",0.601004257948212,0.0853042382743482,1.84901807835081e-12,5628
"T3_5","noincome_male",5.72243818048197,0.803877924991645,1.09075282429585e-12,5628
"T3_5","calcutta_male",0.40889842669134,0.0777057263702207,1.42388118532317e-07,5628
"T3_5","sameresstatus",0.298863819076591,0.206011717620589,0.146859872188149,5628
"T3_5","nores_male",0.178169293095946,0.31013687284704,0.565638968244683,5628
"T3_5","samenores",-0.11188395572527,0.330536067155333,0.734992132706043,5628
"T3_5","family_origin_male",0.0615666757726061,0.0937625850881529,0.511423315970943,5628
"T3_5","samefamily_origin",0.26409926015731,0.112742110024464,0.0191546390418388,5628
"T3_5","nofamily_origin_male",-0.122444810738336,0.134391729870064,0.362240704176257,5628
"T3_5","samenofamily_origin",0.201631805983073,0.191056510836377,0.291264522199694,5628
"T3_5","logwage_male",0.558080330873643,0.0836806094057623,2.5725159400302e-11,5628
"T3_5","nowage_male",2.80423888729935,0.463717078137208,1.47288212298638e-09,5628
"T4_5","caste_nof3",0.239741558981015,0.29446533728776,0.41555395850564,3944
"T4_5","caste_nof4",0.488153870735109,0.379545510116726,0.198389418113911,3944
"T4_5","caste_nof5",0.318421739698143,0.187635238914208,0.089691885410974,3944
"T4_5","caste_nof6",0.372668286197882,0.232911360174844,0.109588954314332,3944
"T4_5","caste_nof7",0.86032828485656,0.279966449464309,0.00211940339374457,3944
"T4_5","caste_nof8",-0.75207975580951,0.508497687543256,0.139134178060461,3944
"T4_5","caste_nof9",0.102804818952451,0.420128626556848,0.806689937070491,3944
"T4_5","samecaste",1.04542779937437,0.205229820438882,3.50703134561518e-07,3944
"T4_5","diff_above",-0.199032176290016,0.108132905608197,0.0656764679392216,3944
"T4_5","diff_below",-0.295834815732027,0.0989697521851273,0.00279760481631544,3944
"T4_5","nocaste_female",0.925986863038787,0.259293237885478,0.000355355419273544,3944
"T4_5","samenocaste",1.42547376966392,1.31597992366577,0.278718204210717,3944
"T4_5","casteimportantmatch",1.57565789294512,1.71034945349873,0.356920389417349,3944
"T4_5","casteimportantdiff",0.0673827657814443,0.685680366091499,0.921716792067121,3944
"T4_5","casteimportantno",1.46781295539765,1.72637991939874,0.395199493564137,3944
"T4_5","castenotimpmatch",-0.259929390618199,0.242432511411584,0.283642710219944,3944
"T4_5","castenotimpdiff",0.11939343836283,0.0879617315074399,0.174675146720713,3944
"T4_5","castenotimpno",-0.144543618632924,0.264151425538555,0.584241443905654,3944
"T4_5","age_noage",0.0765271282614409,0.0855449391686715,0.37100954299565,3944
"T4_5","noage_age",0.0442880601095036,0.049368882328204,0.369673818245045,3944
"T4_5","diffage",0.293273460974898,0.0544603053634863,7.24097743333903e-08,3944
"T4_5","diffagesq",-0.0149983716400038,0.00382688764597051,8.88401360362259e-05,3944
"T4_5","noage_female",-0.304493638888814,1.57136761106329,0.846351126208033,3944
"T4_5","samenoage",1.16605007973729,3.43101010806035,0.733964817778695,3944
"T4_5","height_noheight",2.42171575714844,2.73402508325629,0.375741802358746,3944
"T4_5","noheight_height",-3.12093762237528,2.79536827572878,0.264222106084256,3944
"T4_5","diffheight",10.2633563418938,2.67575563745604,0.000125214700352384,3944
"T4_5","diffheightsq",-60.1848795126793,10.2198335613403,3.88475123557575e-09,3944
"T4_5","noheight_female",5.69655189022236,4.68638056710018,0.224154602284826,3944
"T4_5","samenoheight",-1.4442185478432,6.3869992959464,0.821109274835892,3944
"T4_5","edu_female3",0.612229354723274,0.389621515686387,0.116102811485047,3944
"T4_5","edu_female4",0.528283518587871,0.819330727465328,0.519073362077369,3944
"T4_5","edu_female5",0.37444677449173,0.529364388711279,0.47934797476005,3944
"T4_5","edu_female6",0.852710855710851,0.546434212620693,0.118641654626485,3944
"T4_5","edu_female7",1.6228914670185,0.606755241184518,0.00747949627853757,3944
"T4_5","sameedu_max",0.0296470530156083,0.16363745205997,0.856230036431292,3944
"T4_5","moreedu",-0.139958826086664,0.235232222432977,0.551855821522853,3944
"T4_5","otheredu_dum_female",1.22864897633584,0.487712387623562,0.011761913335889,3944
"T4_5","science_female",0.307356758569328,0.102631024984517,0.00274647962432898,3944
"T4_5","comm_female",0.489507839376705,0.137855201143867,0.000383939476542689,3944
"T4_5","otherfield_female",-0.217394049207139,0.421814633022072,0.606288791374307,3944
"T4_5","samenoedu",-0.34383944922994,0.593378562245534,0.562278479517716,3944
"T4_5","noedu_female",0.694923184998149,0.515555053626205,0.177686474903585,3944
"T4_5","nofield_female",-0.776443453715734,0.355184513078793,0.0288135233113653,3944
"T4_5","skinrank_female",-0.30042164524058,0.0595239236178119,4.48627702407882e-07,3944
"T4_5","noskin_female",-0.439458651252705,0.142046876741757,0.00197638673447109,3944
"T4_5","calcutta_female",0.391501085623781,0.106380770253684,0.000233063338560725,3944
"T4_5","sameresstatus",-0.149218077746586,0.159250513808534,0.348757439324171,3944
"T4_5","nores_female",0.145278712705278,0.167552548822388,0.385907174620642,3944
"T4_5","samenores",-0.171963682481959,0.222956841111784,0.440536917558236,3944
"T4_5","family_origin_female",0.0589150158146872,0.105082100672374,0.575031382761228,3944
"T4_5","samefamily_origin",0.647249946567298,0.124613597365157,2.05761704848423e-07,3944
"T4_5","nofamily_origin_female",0.456886456496468,0.154970919863393,0.00319622259674304,3944
"T4_5","samenofamily_origin",-0.518995777051274,0.207181868965244,0.012244271217253,3944
"T4_5","beauty_female",0.0919857651262644,0.103472654621084,0.37401048036662,3944
"T4_5","vbeauty_female",0.327871928287613,0.156926806041734,0.0366780020746572,3944
"T4_5","nobeauty_female",0.0673730441849891,0.0944538130616911,0.475665774851625,3944
