"statistic","estimate","lower","upper","bootstrap_draws","seed"
"middle_lower_same_caste",0.146388915876306,0.0840886844713325,0.206105074140779,1999,114408
"upper_background_same_caste",0.0905718756422364,-0.0140353663641713,0.193291110578597,1999,114408
"middle_lower_income",0.347470705199937,0.282744339814079,0.397203365925357,1999,114408
"upper_income",0.349854588724975,0.220301999340149,0.474782938031837,1999,114408
"same_caste_group_difference",-0.0558170402340694,-0.140546243675207,0.0344512403474679,1999,114408
"income_difference",0.00238388352503804,-0.116738455615704,0.129364247100936,1999,114408
"middle_lower_premium",0.523939233453365,0.274208080132622,0.860993521382553,1999,114408
"upper_premium",0.295483965465313,-0.0410668891269104,0.826814249146286,1999,114408
"premium_difference",-0.228455267988051,-0.585592713854363,0.231292510899241,1999,114408
