"model","variant","term","estimate","se","p","n","clusters"
"T3_1","published","caste_no3",0.124661951111923,0.0563502797895982,0.0273948450001857,5628,506
"T3_1","published","caste_no4",0.0564833667342919,0.0862225100684168,0.512709113971598,5628,506
"T3_1","published","caste_no5",-0.00363375507469685,0.0307090756589939,0.905854524734321,5628,506
"T3_1","published","caste_no6",-0.00776336405121782,0.0384188581678972,0.839942046410329,5628,506
"T3_1","published","caste_no7",0.00724428051081856,0.0445285155443414,0.870828724979632,5628,506
"T3_1","published","caste_no8",0.0440073454795516,0.105326099189737,0.676256356514247,5628,506
"T3_1","published","caste_no9",-0.0760888501136042,0.0594863461381163,0.20145006843603,5628,506
"T3_1","published","samecaste",0.131679118322361,0.0304291303944557,1.81954636002677e-05,5628,506
"T3_1","published","diff_above",-0.0118655251968407,0.014573227389461,0.415914006727592,5628,506
"T3_1","published","diff_below",0.0144933344743256,0.0117333299576673,0.217320119334509,5628,506
"T3_1","published","nocaste_male",0.115941106245648,0.0417998790000672,0.00574704873598844,5628,506
"T3_1","published","samenocaste",-0.233241899780397,0.0370460215876433,6.64124732072332e-10,5628,506
"T3_1","published","casteimportantmatch",0.095381919750693,0.0714287174951107,0.182365313874351,5628,506
"T3_1","published","casteimportantdiff",-0.0162793113249007,0.0286540780571604,0.570197558744463,5628,506
"T3_1","published","casteimportantno",0.155907486992475,0.0638516116187582,0.0149597875289946,5628,506
"T3_1","published","castenotimpmatch",-0.0559591154104218,0.0337802920651012,0.0982293950250215,5628,506
"T3_1","published","castenotimpdiff",-0.00842853003560095,0.0106283476000651,0.428136510124501,5628,506
"T3_1","published","castenotimpno",-0.0901039535688638,0.0360100099317378,0.0126578020430494,5628,506
"T3_1","published","age_noage",-0.019584252108561,0.0081845732459073,0.0170835685843549,5628,506
"T3_1","published","noage_age",-0.0169455350624656,0.0203760845337514,0.406006117671817,5628,506
"T3_1","published","diffage",-0.00192906675259195,0.00575144031571592,0.737458239852572,5628,506
"T3_1","published","diffagesq",-0.000817725251444083,0.000378072942940183,0.0310192381646554,5628,506
"T3_1","published","noage_male",0.424067397434686,0.215193752634823,0.0493118946237015,5628,506
"T3_1","published","samenoage",-0.970166741200234,0.726663224683164,0.182445740748793,5628,506
"T3_1","published","height_noheight",-0.0416194906983032,0.411462726473971,0.919471464295972,5628,506
"T3_1","published","noheight_height",-0.856674054673645,0.548331046672211,0.118836678859373,5628,506
"T3_1","published","diffheight",1.2507964956211,0.282515788391902,1.16999147455338e-05,5628,506
"T3_1","published","diffheightsq",-3.46947091173499,0.966571755519268,0.00036369676405544,5628,506
"T3_1","published","noheight_male",0.137348831664376,0.649558410560622,0.832621802118445,5628,506
"T3_1","published","samenoheight",-1.76998797549469,1.11852933377926,0.114178791860359,5628,506
"T3_1","published","edu_male3",0.0732054472491922,0.0882226485770914,0.407054878004384,5628,506
"T3_1","published","edu_male4",0.121636643313808,0.0988836190570853,0.219232742362662,5628,506
"T3_1","published","edu_male5",0.101894633234677,0.0986769064951204,0.30228130862374,5628,506
"T3_1","published","edu_male6",0.224225334278742,0.105809192597899,0.0345653850616946,5628,506
"T3_1","published","edu_male7",0.258892451863729,0.111672563123274,0.0208305859516205,5628,506
"T3_1","published","sameedu_max",0.0411522301767801,0.026049462101395,0.114785038765702,5628,506
"T3_1","published","moreedu",0.057105251710744,0.0450898686533735,0.205926437700494,5628,506
"T3_1","published","otheredu_dum_male",0.212594371778794,0.0960308590769617,0.0272876774986881,5628,506
"T3_1","published","science_male",0.10017246018015,0.0204166733196007,1.25338602126747e-06,5628,506
"T3_1","published","comm_male",0.0529251423494061,0.021616892819178,0.0146914362414846,5628,506
"T3_1","published","otherfield_male",0.0331993585556508,0.0530968746028714,0.532082778603437,5628,506
"T3_1","published","noedu_male",0.18747964798239,0.0930192700319424,0.0443822999548743,5628,506
"T3_1","published","samenoedu",-0.0177178739028616,0.0971188751025247,0.855314637204031,5628,506
"T3_1","published","nofield_male",0.0309054998762436,0.0519253130887069,0.551982145601735,5628,506
"T3_1","published","logincome_male",0.0994733463805768,0.017857988169766,4.14133873000272e-08,5628,506
"T3_1","published","noincome_male",0.939865966074975,0.164708726253457,1.97058918577425e-08,5628,506
"T3_1","published","calcutta_male",0.0734355767033125,0.0136029576397639,1.03576298143811e-07,5628,506
"T3_1","published","sameresstatus",0.0469096292814604,0.0349937903100848,0.180681361054402,5628,506
"T3_1","published","nores_male",0.0354698021155648,0.0536504159144247,0.50883161238821,5628,506
"T3_1","published","samenores",-0.0226832417167257,0.0572663546501461,0.692198060803755,5628,506
"T3_1","published","family_origin_male",-0.00602661794800581,0.0157228351080257,0.701656036206073,5628,506
"T3_1","published","samefamily_origin",0.0348036958703263,0.0176597524902598,0.0492933872428807,5628,506
"T3_1","published","nofamily_origin_male",-0.0331389481660445,0.0211931239660068,0.118522642982506,5628,506
"T3_1","published","samenofamily_origin",0.0528815407728485,0.0331915507989961,0.111735859415893,5628,506
"T3_1","published","logwage_male",0.10457554507989,0.0141798137922225,6.78680051972186e-13,5628,506
"T3_1","published","nowage_male",0.528083657759367,0.0768826454905118,1.91167505424158e-11,5628,506
"T3_1","unweighted","caste_no3",0.12587707132989,0.0583364857459302,0.0314160657876298,5628,506
"T3_1","unweighted","caste_no4",0.0924551550638573,0.0961236655687865,0.336592546939674,5628,506
"T3_1","unweighted","caste_no5",-0.00352891369332709,0.0321833737950223,0.912730347045025,5628,506
"T3_1","unweighted","caste_no6",-0.00376373066469243,0.0409163734331016,0.926745695761678,5628,506
"T3_1","unweighted","caste_no7",0.00859936681298899,0.04741569468317,0.856156846687805,5628,506
"T3_1","unweighted","caste_no8",0.04515842964614,0.11013575056612,0.681961367862677,5628,506
"T3_1","unweighted","caste_no9",-0.0832563756095885,0.0639210732496302,0.193343586707473,5628,506
"T3_1","unweighted","samecaste",0.158902114728389,0.0332095934190185,2.25013721221042e-06,5628,506
"T3_1","unweighted","diff_above",-0.0124218938593927,0.0170214708620283,0.46586429892655,5628,506
"T3_1","unweighted","diff_below",0.0151926155735475,0.012559448797858,0.226976789750008,5628,506
"T3_1","unweighted","nocaste_male",0.137721085849125,0.0444837980582711,0.00207057073184149,5628,506
"T3_1","unweighted","samenocaste",-0.462152074228448,0.0413068305740834,4.11491450778539e-26,5628,506
"T3_1","unweighted","casteimportantmatch",0.104642749203905,0.0607551632000058,0.0856151390538539,5628,506
"T3_1","unweighted","casteimportantdiff",-0.0271959563847912,0.0243040356931884,0.26367666002292,5628,506
"T3_1","unweighted","casteimportantno",0.167702749991111,0.054309526885711,0.00212658927872168,5628,506
"T3_1","unweighted","castenotimpmatch",-0.078744459012544,0.0355178269253646,0.0270649177934995,5628,506
"T3_1","unweighted","castenotimpdiff",-0.00585586815237462,0.0116962131848139,0.616826024528788,5628,506
"T3_1","unweighted","castenotimpno",-0.104597467816328,0.0387474661532743,0.00717795434958876,5628,506
"T3_1","unweighted","age_noage",-0.0187080413037647,0.00793528035636925,0.0187750939172443,5628,506
"T3_1","unweighted","noage_age",-0.0105447796881506,0.0193378609416974,0.585793497367685,5628,506
"T3_1","unweighted","diffage",-0.00238976191333701,0.00563483965465357,0.671670064319386,5628,506
"T3_1","unweighted","diffagesq",-0.000854726298227506,0.000360323649380192,0.018060798371558,5628,506
"T3_1","unweighted","noage_male",0.387032117288858,0.210335032937472,0.0663439586527016,5628,506
"T3_1","unweighted","samenoage",-0.674920552225397,0.718602272849562,0.348070425457373,5628,506
"T3_1","unweighted","height_noheight",-0.118396072313616,0.477710208575954,0.804358338049433,5628,506
"T3_1","unweighted","noheight_height",-0.774245647150446,0.61064492527315,0.205412689007643,5628,506
"T3_1","unweighted","diffheight",1.40416513756788,0.305960926889838,5.61690582554889e-06,5628,506
"T3_1","unweighted","diffheightsq",-3.7040480613478,1.03941840604203,0.000400543557044186,5628,506
"T3_1","unweighted","noheight_male",0.278829564902539,0.754291396534016,0.711792570851339,5628,506
"T3_1","unweighted","samenoheight",-1.78774605003692,1.26553222299719,0.158376507704415,5628,506
"T3_1","unweighted","edu_male3",0.0444061968639223,0.0990508691098441,0.654116655536975,5628,506
"T3_1","unweighted","edu_male4",0.0791123798763062,0.110905096233246,0.475968589416511,5628,506
"T3_1","unweighted","edu_male5",0.0583341693509911,0.109145057695001,0.59325535161559,5628,506
"T3_1","unweighted","edu_male6",0.18936916953681,0.116117536657621,0.103547466738443,5628,506
"T3_1","unweighted","edu_male7",0.232418312432397,0.121642699847816,0.056613767875164,5628,506
"T3_1","unweighted","sameedu_max",0.0448612441611268,0.0275614890045183,0.104216772348113,5628,506
"T3_1","unweighted","moreedu",0.0756440099531844,0.0472034195421648,0.109667870071688,5628,506
"T3_1","unweighted","otheredu_dum_male",0.182960179399889,0.106830081176819,0.0873948492483349,5628,506
"T3_1","unweighted","science_male",0.111159596785614,0.0225457586620662,1.11506111140107e-06,5628,506
"T3_1","unweighted","comm_male",0.0551441356187139,0.0239316948473902,0.0216146911781356,5628,506
"T3_1","unweighted","otherfield_male",0.0367211926925752,0.0581790769248416,0.528211516286639,5628,506
"T3_1","unweighted","noedu_male",0.174409132366064,0.104158527865623,0.0946596591568029,5628,506
"T3_1","unweighted","samenoedu",-0.0705381875122288,0.10544931167159,0.503845927065062,5628,506
"T3_1","unweighted","nofield_male",0.024329600946689,0.0568157107367046,0.668673818747016,5628,506
"T3_1","unweighted","logincome_male",0.108526914955426,0.0189838336560687,1.85883388778032e-08,5628,506
"T3_1","unweighted","noincome_male",1.02711698556591,0.175205554300247,8.24882757588344e-09,5628,506
"T3_1","unweighted","calcutta_male",0.0806904306518333,0.014772358674984,7.39048428998236e-08,5628,506
"T3_1","unweighted","sameresstatus",0.0505001834352742,0.0385557458167933,0.190860187092354,5628,506
"T3_1","unweighted","nores_male",0.0452910683847534,0.0598274232067798,0.449385798887281,5628,506
"T3_1","unweighted","samenores",-0.0345015796116143,0.063445258352602,0.586818572871835,5628,506
"T3_1","unweighted","family_origin_male",0.0070697715409984,0.016758111718289,0.673298263083177,5628,506
"T3_1","unweighted","samefamily_origin",0.0507150056433875,0.0190006295320334,0.00784974518782464,5628,506
"T3_1","unweighted","nofamily_origin_male",-0.0221948349877679,0.023092909928232,0.336956631718797,5628,506
"T3_1","unweighted","samenofamily_origin",0.0467883738268972,0.0348397492946688,0.179888334376636,5628,506
"T3_1","unweighted","logwage_male",0.108247473128069,0.0150358173267933,2.20685638109328e-12,5628,506
"T3_1","unweighted","nowage_male",0.544565549850766,0.0814616062268468,6.13046717515471e-11,5628,506
"T3_1","equal_advertiser","caste_no3",0.12888740834444,0.0590608730603462,0.0295488855391419,5628,506
"T3_1","equal_advertiser","caste_no4",0.056664741036023,0.0845817913474825,0.503202131960356,5628,506
"T3_1","equal_advertiser","caste_no5",0.0010347446102729,0.0308400775200534,0.973247699268239,5628,506
"T3_1","equal_advertiser","caste_no6",-0.00678495871581884,0.0393130263168767,0.863044388607872,5628,506
"T3_1","equal_advertiser","caste_no7",0.0214755395817017,0.0441163739232547,0.626616274788683,5628,506
"T3_1","equal_advertiser","caste_no8",0.0722950476066006,0.0943301049958359,0.443793563083072,5628,506
"T3_1","equal_advertiser","caste_no9",-0.0907832263726355,0.0591364905679169,0.125373890159336,5628,506
"T3_1","equal_advertiser","samecaste",0.133533965291987,0.0302452551136002,1.23596702329418e-05,5628,506
"T3_1","equal_advertiser","diff_above",-0.0134886424522198,0.0151690531512351,0.374307629586407,5628,506
"T3_1","equal_advertiser","diff_below",0.0167759723394994,0.0122456708144897,0.171310876656373,5628,506
"T3_1","equal_advertiser","nocaste_male",0.122562184915883,0.0421297725769315,0.00378377143324363,5628,506
"T3_1","equal_advertiser","samenocaste",-0.234093375062474,0.0384314474587639,2.22300497561931e-09,5628,506
"T3_1","equal_advertiser","casteimportantmatch",0.116483596740964,0.0652712693659639,0.0749251978874635,5628,506
"T3_1","equal_advertiser","casteimportantdiff",-0.00122852519554045,0.0282373462195273,0.965314497617369,5628,506
"T3_1","equal_advertiser","casteimportantno",0.186745285661998,0.0619972432306611,0.00272406339111879,5628,506
"T3_1","equal_advertiser","castenotimpmatch",-0.0689899419199022,0.0340754135396917,0.0434316060658827,5628,506
"T3_1","equal_advertiser","castenotimpdiff",-0.0105364833004461,0.011212580697728,0.347819738745519,5628,506
"T3_1","equal_advertiser","castenotimpno",-0.109449146031873,0.0381461504580506,0.00428742186194805,5628,506
"T3_1","equal_advertiser","age_noage",-0.0199850566017925,0.0110999763474798,0.0723847117373099,5628,506
"T3_1","equal_advertiser","noage_age",-0.0138149520945782,0.0182446714981564,0.449280344306121,5628,506
"T3_1","equal_advertiser","diffage",0.00531200263719808,0.00748097583706223,0.477989629533929,5628,506
"T3_1","equal_advertiser","diffagesq",-0.00120636123860027,0.00049551724580239,0.0152557202886664,5628,506
"T3_1","equal_advertiser","noage_male",0.464816565219832,0.287856714137943,0.10698947940904,5628,506
"T3_1","equal_advertiser","samenoage",-0.936683152150788,0.683883652429893,0.171404019963596,5628,506
"T3_1","equal_advertiser","height_noheight",0.0152548961586766,0.461058489298178,0.97361853511438,5628,506
"T3_1","equal_advertiser","noheight_height",-0.237201405935993,0.750532720272378,0.75209964801025,5628,506
"T3_1","equal_advertiser","diffheight",1.08918334221614,0.331363136493012,0.00108316990875836,5628,506
"T3_1","equal_advertiser","diffheightsq",-2.91866115719825,1.13095648458603,0.0101410761495589,5628,506
"T3_1","equal_advertiser","noheight_male",0.0292785650787192,0.730169794393757,0.968030607024987,5628,506
"T3_1","equal_advertiser","samenoheight",-0.61438683436606,1.47261402933048,0.676703336622525,5628,506
"T3_1","equal_advertiser","edu_male3",0.0769413499212078,0.0954300904654718,0.420473151415972,5628,506
"T3_1","equal_advertiser","edu_male4",0.147138398083987,0.105102339120384,0.162141240273284,5628,506
"T3_1","equal_advertiser","edu_male5",0.131445836532576,0.105117556151757,0.211708782216593,5628,506
"T3_1","equal_advertiser","edu_male6",0.252692808423725,0.110824363342808,0.0230165951181131,5628,506
"T3_1","equal_advertiser","edu_male7",0.298617438038461,0.116942316575679,0.0109559525604375,5628,506
"T3_1","equal_advertiser","sameedu_max",0.043194049912901,0.0266793599198485,0.10607023796716,5628,506
"T3_1","equal_advertiser","moreedu",0.0406992601794306,0.0458706894354571,0.375360913157939,5628,506
"T3_1","equal_advertiser","otheredu_dum_male",0.23562882368492,0.101228204045851,0.020322280979011,5628,506
"T3_1","equal_advertiser","science_male",0.0987468568281426,0.0210356968761148,3.45172875766217e-06,5628,506
"T3_1","equal_advertiser","comm_male",0.0530173239851547,0.022626119210442,0.0195066779854029,5628,506
"T3_1","equal_advertiser","otherfield_male",0.0408684173197848,0.0552032799930857,0.45944632531429,5628,506
"T3_1","equal_advertiser","noedu_male",0.211595712941558,0.0998982433911498,0.0346534042386703,5628,506
"T3_1","equal_advertiser","samenoedu",-0.0174772975179153,0.105234205968639,0.86816045849114,5628,506
"T3_1","equal_advertiser","nofield_male",0.0455818704440929,0.0503257954256453,0.365507677515356,5628,506
"T3_1","equal_advertiser","logincome_male",0.0938671281164497,0.0190593050978892,1.14482583222325e-06,5628,506
"T3_1","equal_advertiser","noincome_male",0.880428571166418,0.176632604366087,8.55046334965229e-07,5628,506
"T3_1","equal_advertiser","calcutta_male",0.0660442170294826,0.0138604603240566,2.47326282145798e-06,5628,506
"T3_1","equal_advertiser","sameresstatus",0.054806289996908,0.0371732256737193,0.141010881344381,5628,506
"T3_1","equal_advertiser","nores_male",0.0279698131669981,0.0537581533263197,0.603089690609082,5628,506
"T3_1","equal_advertiser","samenores",-0.0212958249466483,0.0577073080635254,0.71225878118864,5628,506
"T3_1","equal_advertiser","family_origin_male",-0.0003204195269613,0.0163318540977311,0.984354817548771,5628,506
"T3_1","equal_advertiser","samefamily_origin",0.0353267812763684,0.0193296408417717,0.0682000655090226,5628,506
"T3_1","equal_advertiser","nofamily_origin_male",-0.0414784696355352,0.0225224995480621,0.0661131871202271,5628,506
"T3_1","equal_advertiser","samenofamily_origin",0.079707114277595,0.0336373991227106,0.018182420640699,5628,506
"T3_1","equal_advertiser","logwage_male",0.0919219803657486,0.0155446612142328,6.17856378522844e-09,5628,506
"T3_1","equal_advertiser","nowage_male",0.462014347403478,0.085057676073654,8.68822275011277e-08,5628,506
"T3_1","caste_typo_fixed","caste_no3",0.124661951111923,0.0563502797895982,0.0273948450001857,5628,506
"T3_1","caste_typo_fixed","caste_no4",0.0564833667342919,0.0862225100684168,0.512709113971598,5628,506
"T3_1","caste_typo_fixed","caste_no5",-0.00363375507469685,0.0307090756589939,0.905854524734321,5628,506
"T3_1","caste_typo_fixed","caste_no6",-0.00776336405121782,0.0384188581678972,0.839942046410329,5628,506
"T3_1","caste_typo_fixed","caste_no7",0.00724428051081856,0.0445285155443414,0.870828724979632,5628,506
"T3_1","caste_typo_fixed","caste_no8",0.0440073454795516,0.105326099189737,0.676256356514247,5628,506
"T3_1","caste_typo_fixed","caste_no9",-0.0760888501136042,0.0594863461381163,0.20145006843603,5628,506
"T3_1","caste_typo_fixed","samecaste",0.131679118322361,0.0304291303944557,1.81954636002677e-05,5628,506
"T3_1","caste_typo_fixed","diff_above",-0.0118655251968407,0.014573227389461,0.415914006727592,5628,506
"T3_1","caste_typo_fixed","diff_below",0.0144933344743256,0.0117333299576673,0.217320119334509,5628,506
"T3_1","caste_typo_fixed","nocaste_male",0.115941106245648,0.0417998790000672,0.00574704873598844,5628,506
"T3_1","caste_typo_fixed","samenocaste",-0.233241899780397,0.0370460215876433,6.64124732072332e-10,5628,506
"T3_1","caste_typo_fixed","casteimportantmatch",0.095381919750693,0.0714287174951107,0.182365313874351,5628,506
"T3_1","caste_typo_fixed","casteimportantdiff",-0.0162793113249007,0.0286540780571604,0.570197558744463,5628,506
"T3_1","caste_typo_fixed","casteimportantno",0.155907486992475,0.0638516116187582,0.0149597875289946,5628,506
"T3_1","caste_typo_fixed","castenotimpmatch",-0.0559591154104218,0.0337802920651012,0.0982293950250215,5628,506
"T3_1","caste_typo_fixed","castenotimpdiff",-0.00842853003560095,0.0106283476000651,0.428136510124501,5628,506
"T3_1","caste_typo_fixed","castenotimpno",-0.0901039535688638,0.0360100099317378,0.0126578020430494,5628,506
"T3_1","caste_typo_fixed","age_noage",-0.019584252108561,0.0081845732459073,0.0170835685843549,5628,506
"T3_1","caste_typo_fixed","noage_age",-0.0169455350624656,0.0203760845337514,0.406006117671817,5628,506
"T3_1","caste_typo_fixed","diffage",-0.00192906675259195,0.00575144031571592,0.737458239852572,5628,506
"T3_1","caste_typo_fixed","diffagesq",-0.000817725251444083,0.000378072942940183,0.0310192381646554,5628,506
"T3_1","caste_typo_fixed","noage_male",0.424067397434686,0.215193752634823,0.0493118946237015,5628,506
"T3_1","caste_typo_fixed","samenoage",-0.970166741200234,0.726663224683164,0.182445740748793,5628,506
"T3_1","caste_typo_fixed","height_noheight",-0.0416194906983032,0.411462726473971,0.919471464295972,5628,506
"T3_1","caste_typo_fixed","noheight_height",-0.856674054673645,0.548331046672211,0.118836678859373,5628,506
"T3_1","caste_typo_fixed","diffheight",1.2507964956211,0.282515788391902,1.16999147455338e-05,5628,506
"T3_1","caste_typo_fixed","diffheightsq",-3.46947091173499,0.966571755519268,0.00036369676405544,5628,506
"T3_1","caste_typo_fixed","noheight_male",0.137348831664376,0.649558410560622,0.832621802118445,5628,506
"T3_1","caste_typo_fixed","samenoheight",-1.76998797549469,1.11852933377926,0.114178791860359,5628,506
"T3_1","caste_typo_fixed","edu_male3",0.0732054472491922,0.0882226485770914,0.407054878004384,5628,506
"T3_1","caste_typo_fixed","edu_male4",0.121636643313808,0.0988836190570853,0.219232742362662,5628,506
"T3_1","caste_typo_fixed","edu_male5",0.101894633234677,0.0986769064951204,0.30228130862374,5628,506
"T3_1","caste_typo_fixed","edu_male6",0.224225334278742,0.105809192597899,0.0345653850616946,5628,506
"T3_1","caste_typo_fixed","edu_male7",0.258892451863729,0.111672563123274,0.0208305859516205,5628,506
"T3_1","caste_typo_fixed","sameedu_max",0.0411522301767801,0.026049462101395,0.114785038765702,5628,506
"T3_1","caste_typo_fixed","moreedu",0.057105251710744,0.0450898686533735,0.205926437700494,5628,506
"T3_1","caste_typo_fixed","otheredu_dum_male",0.212594371778794,0.0960308590769617,0.0272876774986881,5628,506
"T3_1","caste_typo_fixed","science_male",0.10017246018015,0.0204166733196007,1.25338602126747e-06,5628,506
"T3_1","caste_typo_fixed","comm_male",0.0529251423494061,0.021616892819178,0.0146914362414846,5628,506
"T3_1","caste_typo_fixed","otherfield_male",0.0331993585556508,0.0530968746028714,0.532082778603437,5628,506
"T3_1","caste_typo_fixed","noedu_male",0.18747964798239,0.0930192700319424,0.0443822999548743,5628,506
"T3_1","caste_typo_fixed","samenoedu",-0.0177178739028616,0.0971188751025247,0.855314637204031,5628,506
"T3_1","caste_typo_fixed","nofield_male",0.0309054998762436,0.0519253130887069,0.551982145601735,5628,506
"T3_1","caste_typo_fixed","logincome_male",0.0994733463805768,0.017857988169766,4.14133873000272e-08,5628,506
"T3_1","caste_typo_fixed","noincome_male",0.939865966074975,0.164708726253457,1.97058918577425e-08,5628,506
"T3_1","caste_typo_fixed","calcutta_male",0.0734355767033125,0.0136029576397639,1.03576298143811e-07,5628,506
"T3_1","caste_typo_fixed","sameresstatus",0.0469096292814604,0.0349937903100848,0.180681361054402,5628,506
"T3_1","caste_typo_fixed","nores_male",0.0354698021155648,0.0536504159144247,0.50883161238821,5628,506
"T3_1","caste_typo_fixed","samenores",-0.0226832417167257,0.0572663546501461,0.692198060803755,5628,506
"T3_1","caste_typo_fixed","family_origin_male",-0.00602661794800581,0.0157228351080257,0.701656036206073,5628,506
"T3_1","caste_typo_fixed","samefamily_origin",0.0348036958703263,0.0176597524902598,0.0492933872428807,5628,506
"T3_1","caste_typo_fixed","nofamily_origin_male",-0.0331389481660445,0.0211931239660068,0.118522642982506,5628,506
"T3_1","caste_typo_fixed","samenofamily_origin",0.0528815407728485,0.0331915507989961,0.111735859415893,5628,506
"T3_1","caste_typo_fixed","logwage_male",0.10457554507989,0.0141798137922225,6.78680051972186e-13,5628,506
"T3_1","caste_typo_fixed","nowage_male",0.528083657759367,0.0768826454905118,1.91167505424158e-11,5628,506
"T3_1","known_caste","caste_no3",0.0818122730888903,0.0652345419294282,0.210381383125856,3940,502
"T3_1","known_caste","caste_no4",0.00638088214376583,0.0885914845989367,0.942610033275397,3940,502
"T3_1","known_caste","caste_no5",-0.0569245503276575,0.0427296045618296,0.183398822968471,3940,502
"T3_1","known_caste","caste_no6",-0.0678177711760884,0.0562543647089836,0.228557909279782,3940,502
"T3_1","known_caste","caste_no7",-0.05533267889439,0.06572380053817,0.40024722550294,3940,502
"T3_1","known_caste","caste_no8",-0.0867267802409548,0.13328041936807,0.515532600950907,3940,502
"T3_1","known_caste","caste_no9",-0.174492612418073,0.0796264965640389,0.0288833552147492,3940,502
"T3_1","known_caste","samecaste",0.129797871453004,0.0330113369526746,9.61370725104467e-05,3940,502
"T3_1","known_caste","diff_above",-0.0220047921140719,0.0203704712096283,0.280559550527064,3940,502
"T3_1","known_caste","casteimportantmatch",0.124939468041334,0.0957632801635526,0.192604251981463,3940,502
"T3_1","known_caste","casteimportantdiff",-0.0273176566849205,0.0391023095004652,0.485113681890773,3940,502
"T3_1","known_caste","castenotimpmatch",-0.0456137775319476,0.0364249983112532,0.211057308604938,3940,502
"T3_1","known_caste","castenotimpdiff",-0.00412628084416254,0.0123352875531761,0.738134504341205,3940,502
"T3_1","known_caste","age_noage",-0.0151214766056604,0.0107279836718267,0.159297234727578,3940,502
"T3_1","known_caste","noage_age",-0.0142184211070942,0.0161526001184081,0.379142757439808,3940,502
"T3_1","known_caste","diffage",0.00777387930018351,0.00839532794499245,0.354903834445784,3940,502
"T3_1","known_caste","diffagesq",-0.00191618109535011,0.000522708711777376,0.000272825332764032,3940,502
"T3_1","known_caste","noage_male",0.343033384526529,0.295206661276211,0.245784262480646,3940,502
"T3_1","known_caste","samenoage",-1.17020870294265,0.569008437076451,0.0402444098861401,3940,502
"T3_1","known_caste","height_noheight",-0.425593570264455,0.64321962320265,0.508492468364743,3940,502
"T3_1","known_caste","noheight_height",-1.07849913186545,0.737747126189867,0.144400534366963,3940,502
"T3_1","known_caste","diffheight",1.29385756771041,0.330628212703014,0.000103610091844328,3940,502
"T3_1","known_caste","diffheightsq",-3.58216436793406,1.12389715949069,0.00152591521228256,3940,502
"T3_1","known_caste","noheight_male",0.751975020063319,1.0149375339587,0.459096526004747,3940,502
"T3_1","known_caste","samenoheight",-2.74959010433693,1.61104020351453,0.0884942735926685,3940,502
"T3_1","known_caste","edu_male3",0.139404299934347,0.102068499189285,0.172617195128818,3940,502
"T3_1","known_caste","edu_male4",0.147240726284857,0.11275686378903,0.19221136068468,3940,502
"T3_1","known_caste","edu_male5",0.104240679187611,0.113212861726413,0.357624392411504,3940,502
"T3_1","known_caste","edu_male6",0.23521149458092,0.122404309217745,0.0552237085437128,3940,502
"T3_1","known_caste","edu_male7",0.259121378512287,0.130581514970195,0.0477603082070297,3940,502
"T3_1","known_caste","sameedu_max",0.060489789085636,0.0324182058981292,0.0626366474714475,3940,502
"T3_1","known_caste","moreedu",0.0915924342460931,0.0555379341970651,0.0997361848696962,3940,502
"T3_1","known_caste","otheredu_dum_male",0.251178761181589,0.110678602381597,0.0236656523203617,3940,502
"T3_1","known_caste","science_male",0.0813395976305148,0.0236989910704207,0.000648259681603916,3940,502
"T3_1","known_caste","comm_male",0.0480554023938138,0.0245021241731324,0.0504003990820187,3940,502
"T3_1","known_caste","otherfield_male",-0.00391427337099416,0.0721662150501099,0.956765818125076,3940,502
"T3_1","known_caste","noedu_male",0.208370003958718,0.108321555076027,0.0549679491800605,3940,502
"T3_1","known_caste","samenoedu",-0.283648515443965,0.084770506272285,0.000881186368756427,3940,502
"T3_1","known_caste","nofield_male",0.00117267318863097,0.059265210216351,0.984221267287538,3940,502
"T3_1","known_caste","logincome_male",0.108107571736891,0.0207889522748182,2.90514272185614e-07,3940,502
"T3_1","known_caste","noincome_male",1.00749082114333,0.191298875478234,2.06694555178128e-07,3940,502
"T3_1","known_caste","calcutta_male",0.0576595020322766,0.0162942848812945,0.000439644704767152,3940,502
"T3_1","known_caste","sameresstatus",0.0336923353552664,0.0396403483441203,0.395758573447313,3940,502
"T3_1","known_caste","nores_male",0.0414572678956911,0.0739066253863389,0.575088437830749,3940,502
"T3_1","known_caste","samenores",-0.0943465670722879,0.0781390048596229,0.227840295943813,3940,502
"T3_1","known_caste","family_origin_male",-0.00592654006124977,0.0178252061168382,0.739665247740888,3940,502
"T3_1","known_caste","samefamily_origin",0.0168060841588766,0.0202435192716883,0.406823524247704,3940,502
"T3_1","known_caste","nofamily_origin_male",-0.0632844164738271,0.0258227973972868,0.0145979126970778,3940,502
"T3_1","known_caste","samenofamily_origin",0.0657544505515185,0.044423026360886,0.13945150987212,3940,502
"T3_1","known_caste","logwage_male",0.115137869655113,0.0164142745789813,7.51624890918929e-12,3940,502
"T3_1","known_caste","nowage_male",0.584709641144574,0.0893870956213597,1.50774748589859e-10,3940,502
"T3_1","weight_trim99","caste_no3",0.124770784180893,0.0563542550751892,0.0272717061338595,5628,506
"T3_1","weight_trim99","caste_no4",0.0548009345724334,0.0861721627471273,0.525099015812176,5628,506
"T3_1","weight_trim99","caste_no5",-0.0038551723790947,0.0307853448359327,0.900393265816703,5628,506
"T3_1","weight_trim99","caste_no6",-0.00837173774111163,0.0384595335789005,0.827769076582992,5628,506
"T3_1","weight_trim99","caste_no7",0.00691353305294796,0.0445987963623364,0.876870533974257,5628,506
"T3_1","weight_trim99","caste_no8",0.043828438641967,0.105372550671401,0.677632132387658,5628,506
"T3_1","weight_trim99","caste_no9",-0.0752798630747239,0.0595598036001529,0.206835601705239,5628,506
"T3_1","weight_trim99","samecaste",0.131732661641402,0.0303915984259016,1.76380346630893e-05,5628,506
"T3_1","weight_trim99","diff_above",-0.0119507159484523,0.0145725302903128,0.412554457425351,5628,506
"T3_1","weight_trim99","diff_below",0.0147720800449723,0.0117190295726594,0.20806366541458,5628,506
"T3_1","weight_trim99","nocaste_male",0.115719191566347,0.0418090615747267,0.00585081015974912,5628,506
"T3_1","weight_trim99","samenocaste",-0.233220808016875,0.037073785391406,6.85429533715936e-10,5628,506
"T3_1","weight_trim99","casteimportantmatch",0.0946853408062645,0.0714670876050516,0.185810008927198,5628,506
"T3_1","weight_trim99","casteimportantdiff",-0.0164450950011581,0.0286708040769406,0.566505145376765,5628,506
"T3_1","weight_trim99","casteimportantno",0.155648910588239,0.0639031274186145,0.0152078217545439,5628,506
"T3_1","weight_trim99","castenotimpmatch",-0.0562379747566801,0.0338095648482239,0.0968578669679045,5628,506
"T3_1","weight_trim99","castenotimpdiff",-0.00845906574622856,0.010626539779144,0.426387461643048,5628,506
"T3_1","weight_trim99","castenotimpno",-0.0905507359884157,0.0360452592430387,0.0123108640669832,5628,506
"T3_1","weight_trim99","age_noage",-0.0195047300308921,0.00818652808397061,0.0175627280067594,5628,506
"T3_1","weight_trim99","noage_age",-0.016921513535191,0.0203685064421312,0.40649701550166,5628,506
"T3_1","weight_trim99","diffage",-0.00198912021918981,0.00574267517328495,0.729205035076729,5628,506
"T3_1","weight_trim99","diffagesq",-0.000814527124726292,0.000377164369543615,0.0312730611947123,5628,506
"T3_1","weight_trim99","noage_male",0.422170589286779,0.215285060857426,0.0504300296176948,5628,506
"T3_1","weight_trim99","samenoage",-0.96780480120114,0.726621613360334,0.183485951038536,5628,506
"T3_1","weight_trim99","height_noheight",-0.0418438990058149,0.41115001259417,0.918977390700534,5628,506
"T3_1","weight_trim99","noheight_height",-0.85329491789852,0.55078593986313,0.12195251557848,5628,506
"T3_1","weight_trim99","diffheight",1.25041629427958,0.282415452681467,1.16880896655591e-05,5628,506
"T3_1","weight_trim99","diffheightsq",-3.46729517833868,0.966197293261671,0.000364869196133737,5628,506
"T3_1","weight_trim99","noheight_male",0.137340191843794,0.649040447438674,0.832500592368406,5628,506
"T3_1","weight_trim99","samenoheight",-1.76397069920641,1.12184837043927,0.116488988875251,5628,506
"T3_1","weight_trim99","edu_male3",0.0780510452813651,0.0893469732030965,0.382766398010518,5628,506
"T3_1","weight_trim99","edu_male4",0.127239005179682,0.0997160701201446,0.202537473883074,5628,506
"T3_1","weight_trim99","edu_male5",0.107780095808135,0.0995269337267953,0.279358987605539,5628,506
"T3_1","weight_trim99","edu_male6",0.230630762120564,0.106484361944975,0.0307887838965973,5628,506
"T3_1","weight_trim99","edu_male7",0.265486432860445,0.112244103946896,0.0183944160251882,5628,506
"T3_1","weight_trim99","sameedu_max",0.0405035812345615,0.026075442655047,0.120972466404028,5628,506
"T3_1","weight_trim99","moreedu",0.0561174000865814,0.0451362487320764,0.214338253874132,5628,506
"T3_1","weight_trim99","otheredu_dum_male",0.218032159668288,0.0969568577021975,0.0249584068661834,5628,506
"T3_1","weight_trim99","science_male",0.100394751833972,0.0204440438949761,1.22740978901687e-06,5628,506
"T3_1","weight_trim99","comm_male",0.0527423516604883,0.0216378545211623,0.0151331017974302,5628,506
"T3_1","weight_trim99","otherfield_male",0.0329988417986788,0.0530869729632938,0.534485674798327,5628,506
"T3_1","weight_trim99","noedu_male",0.192781847382386,0.0938772135761165,0.0405333784799131,5628,506
"T3_1","weight_trim99","samenoedu",-0.0165064289056253,0.0971065012395508,0.865091786380252,5628,506
"T3_1","weight_trim99","nofield_male",0.0310458352730833,0.0519149743834521,0.550099272072964,5628,506
"T3_1","weight_trim99","logincome_male",0.0995536297729812,0.017858815673414,4.04750588871144e-08,5628,506
"T3_1","weight_trim99","noincome_male",0.940435457659945,0.164726534153366,1.93995077445675e-08,5628,506
"T3_1","weight_trim99","calcutta_male",0.073645845746709,0.0136090430694779,9.66948578204999e-08,5628,506
"T3_1","weight_trim99","sameresstatus",0.0467923383316388,0.0349923398658259,0.181753935977097,5628,506
"T3_1","weight_trim99","nores_male",0.0356888265003429,0.0536392342717297,0.506130866733747,5628,506
"T3_1","weight_trim99","samenores",-0.0228337735787756,0.0572757085149017,0.690309169621771,5628,506
"T3_1","weight_trim99","family_origin_male",-0.00594185270989393,0.0157443959051188,0.706038800526641,5628,506
"T3_1","weight_trim99","samefamily_origin",0.0346363475141999,0.017690847790219,0.0507957294040121,5628,506
"T3_1","weight_trim99","nofamily_origin_male",-0.0335453833421152,0.0212232534093919,0.114596603820939,5628,506
"T3_1","weight_trim99","samenofamily_origin",0.0533391462328069,0.0332228293876945,0.109009629801223,5628,506
"T3_1","weight_trim99","logwage_male",0.104505049593015,0.0141874625094212,7.21064930881022e-13,5628,506
"T3_1","weight_trim99","nowage_male",0.527808939836055,0.0769239854799701,2.00272620767391e-11,5628,506
"T4_1","published","caste_nof3",0.0274870099085082,0.0508142336077849,0.588991231519689,3944,277
"T4_1","published","caste_nof4",0.089398640003641,0.0753023464277638,0.236171116958858,3944,277
"T4_1","published","caste_nof5",0.035166369078207,0.0341023849224133,0.303349960626271,3944,277
"T4_1","published","caste_nof6",0.0590184283867576,0.043063366051397,0.171643855248183,3944,277
"T4_1","published","caste_nof7",0.123203623316251,0.0500012091232852,0.0143489618305865,3944,277
"T4_1","published","caste_nof8",-0.115441263676143,0.067784897333329,0.0896839173458136,3944,277
"T4_1","published","caste_nof9",-0.0086992481431434,0.0678738955850222,0.898109516763053,3944,277
"T4_1","published","samecaste",0.170695788792623,0.0371484073680764,6.59066676924691e-06,3944,277
"T4_1","published","diff_above",-0.017455131121741,0.0157326578030234,0.268187226650894,3944,277
"T4_1","published","diff_below",-0.0399315866177444,0.0159031289654147,0.0126132796794944,3944,277
"T4_1","published","nocaste_female",0.153610330632792,0.0475115846564055,0.00137321572311723,3944,277
"T4_1","published","samenocaste",0.360650551263452,0.214717709424967,0.0941570310461836,3944,277
"T4_1","published","casteimportantmatch",0.123440705444702,0.0630322522698456,0.0511932565757928,3944,277
"T4_1","published","casteimportantdiff",0.00239872073770701,0.0236709251547603,0.919357187007184,3944,277
"T4_1","published","casteimportantno",0.0963841140802991,0.073151287989868,0.188730361139559,3944,277
"T4_1","published","castenotimpmatch",-0.0564952951203307,0.0440783094318445,0.201022569376238,3944,277
"T4_1","published","castenotimpdiff",0.0121442306142095,0.0142975718895164,0.396399839493693,3944,277
"T4_1","published","castenotimpno",-0.0415980419219542,0.0432685352788031,0.337196388862229,3944,277
"T4_1","published","age_noage",0.0221680014785627,0.0276284831864902,0.423034829300961,3944,277
"T4_1","published","noage_age",0.00657776217878893,0.00826459432558932,0.426776154419979,3944,277
"T4_1","published","diffage",0.044284403057056,0.00711330759218289,1.77875397345827e-09,3944,277
"T4_1","published","diffagesq",-0.00234590737226094,0.00057607343817357,6.08820018422425e-05,3944,277
"T4_1","published","noage_female",-0.0337523728674023,0.27960438972814,0.904004810353682,3944,277
"T4_1","published","samenoage",0.514132233478452,0.856858807931936,0.548985359886195,3944,277
"T4_1","published","height_noheight",0.454332896560879,0.395535180558368,0.251693371208116,3944,277
"T4_1","published","noheight_height",-0.752907255792864,0.451131199436862,0.0962647685837054,3944,277
"T4_1","published","diffheight",0.722800660514318,0.282627444900415,0.011079682353096,3944,277
"T4_1","published","diffheightsq",-6.25321491444013,1.22802424986677,6.56700118670257e-07,3944,277
"T4_1","published","noheight_female",1.30037374478372,0.757471241375574,0.0871503910815462,3944,277
"T4_1","published","samenoheight",-0.495208139838319,0.960345571659781,0.606507360767476,3944,277
"T4_1","published","edu_female3",0.104326212274085,0.0584102155078584,0.0751815242885547,3944,277
"T4_1","published","edu_female4",0.0831971572397879,0.129276002257337,0.520393699059674,3944,277
"T4_1","published","edu_female5",0.0966052340288638,0.0828142685815633,0.244407641999253,3944,277
"T4_1","published","edu_female6",0.167896199176598,0.0882362769745587,0.0581068881076039,3944,277
"T4_1","published","edu_female7",0.262599296620013,0.103393159663455,0.0116399400970196,3944,277
"T4_1","published","sameedu_max",0.0173849263689689,0.0330544826555808,0.599346939307365,3944,277
"T4_1","published","moreedu",-0.00572488815175044,0.0465429789688442,0.902194887050879,3944,277
"T4_1","published","otheredu_dum_female",0.212534361406999,0.0785893334223028,0.00726869592600772,3944,277
"T4_1","published","science_female",0.0456480108191304,0.0216124630989052,0.0355749715011884,3944,277
"T4_1","published","comm_female",0.0781397637155992,0.026824380459323,0.00387235336759044,3944,277
"T4_1","published","otherfield_female",0.0153758649116324,0.0699829542670315,0.82626042466126,3944,277
"T4_1","published","samenoedu",-0.0926400644430546,0.094285577924552,0.326690668108862,3944,277
"T4_1","published","noedu_female",0.160193936115451,0.0810030392753659,0.0489652725534189,3944,277
"T4_1","published","nofield_female",-0.0985122655742105,0.0589375170725848,0.095762325274334,3944,277
"T4_1","published","skinrank_female",-0.0505880059148873,0.00951488677343603,2.18346435713678e-07,3944,277
"T4_1","published","noskin_female",-0.0848778389609859,0.0252852446801563,0.000899240698196724,3944,277
"T4_1","published","calcutta_female",0.0620204311448538,0.020547432791464,0.00277859788071831,3944,277
"T4_1","published","sameresstatus",-0.0437455711280304,0.0321003286061764,0.174063837718359,3944,277
"T4_1","published","nores_female",0.0180370460624586,0.0298783228438624,0.546550008134465,3944,277
"T4_1","published","samenores",-0.0378412036861,0.0411072573838574,0.358090350899574,3944,277
"T4_1","published","family_origin_female",0.0115233399312956,0.019340580957044,0.551789455058426,3944,277
"T4_1","published","samefamily_origin",0.0926096978519673,0.0226438437892145,5.66858086180421e-05,3944,277
"T4_1","published","nofamily_origin_female",0.0613682031448618,0.0274146607039639,0.025984630575769,3944,277
"T4_1","published","samenofamily_origin",-0.082833543253868,0.0372356889511185,0.026918631997725,3944,277
"T4_1","published","beauty_female",0.0070599274153143,0.0194849254074644,0.717384469811719,3944,277
"T4_1","published","vbeauty_female",0.0531605313826743,0.0280588638851714,0.0591896062138479,3944,277
"T4_1","published","nobeauty_female",0.00377403109877186,0.0164482191808571,0.818689725416572,3944,277
"T4_1","unweighted","caste_nof3",0.0461270271571998,0.0586002292629068,0.431870897476861,3944,277
"T4_1","unweighted","caste_nof4",0.100893946847172,0.0858908094828697,0.241136494286783,3944,277
"T4_1","unweighted","caste_nof5",0.0641154605223534,0.0407527495395843,0.116799735209704,3944,277
"T4_1","unweighted","caste_nof6",0.0768022514093278,0.0507593274380724,0.131406917385024,3944,277
"T4_1","unweighted","caste_nof7",0.160972718473303,0.0583759049197281,0.00621284215819415,3944,277
"T4_1","unweighted","caste_nof8",-0.106386094863128,0.0713441974599209,0.137059732406741,3944,277
"T4_1","unweighted","caste_nof9",0.0366107711548563,0.0795537745129946,0.645733894544507,3944,277
"T4_1","unweighted","samecaste",0.198639495020329,0.03918568352657,7.33253999100348e-07,3944,277
"T4_1","unweighted","diff_above",-0.0263704117260566,0.0160714993659937,0.101974184354916,3944,277
"T4_1","unweighted","diff_below",-0.0567457250952362,0.0188736719468692,0.00288508690027063,3944,277
"T4_1","unweighted","nocaste_female",0.177499728701757,0.0555901687616322,0.00157099827692941,3944,277
"T4_1","unweighted","samenocaste",0.329077198030234,0.238317812085048,0.168447280538916,3944,277
"T4_1","unweighted","casteimportantmatch",0.140615824374047,0.0708726898867428,0.0482393372344431,3944,277
"T4_1","unweighted","casteimportantdiff",-0.0075754485050283,0.0282627074505007,0.788871126073492,3944,277
"T4_1","unweighted","casteimportantno",0.111303052821055,0.0863210194989485,0.198335624812139,3944,277
"T4_1","unweighted","castenotimpmatch",-0.0415280499409747,0.0503008195727705,0.409747533053668,3944,277
"T4_1","unweighted","castenotimpdiff",0.0163026067926818,0.0161503226822252,0.313652981271164,3944,277
"T4_1","unweighted","castenotimpno",-0.0202002947085647,0.0496302458944663,0.684311844975485,3944,277
"T4_1","unweighted","age_noage",0.0168008110809023,0.0263833100170124,0.524784921587554,3944,277
"T4_1","unweighted","noage_age",0.00810490626088728,0.007884464653152,0.304869153555425,3944,277
"T4_1","unweighted","diffage",0.0540761133929032,0.00877522550173969,2.52979410360912e-09,3944,277
"T4_1","unweighted","diffagesq",-0.00268993332920975,0.000684268231187082,0.000106977250665135,3944,277
"T4_1","unweighted","noage_female",-0.0556197528959207,0.271892695549913,0.838062705430647,3944,277
"T4_1","unweighted","samenoage",0.449435538879044,0.826308753395145,0.586944206824252,3944,277
"T4_1","unweighted","height_noheight",0.511803444572568,0.43364089550138,0.238918115521753,3944,277
"T4_1","unweighted","noheight_height",-0.700958273679762,0.556774377250131,0.20910750583339,3944,277
"T4_1","unweighted","diffheight",0.962044929604712,0.388066746672678,0.0137700729509605,3944,277
"T4_1","unweighted","diffheightsq",-7.69614460186747,1.61247399751729,2.94873088345162e-06,3944,277
"T4_1","unweighted","noheight_female",1.22142419102331,0.936543538027747,0.193257758791954,3944,277
"T4_1","unweighted","samenoheight",-0.318226892072346,1.13572046249685,0.779535300558885,3944,277
"T4_1","unweighted","edu_female3",0.0879351290493478,0.0647995195607123,0.175879263018494,3944,277
"T4_1","unweighted","edu_female4",0.0511463579971507,0.147088512080412,0.728311729842786,3944,277
"T4_1","unweighted","edu_female5",0.0358913396616261,0.100857793038187,0.722216621228347,3944,277
"T4_1","unweighted","edu_female6",0.131435789028751,0.108231188724933,0.2256336126123,3944,277
"T4_1","unweighted","edu_female7",0.291230601891065,0.134963642443791,0.0318025780035394,3944,277
"T4_1","unweighted","sameedu_max",0.00240949504086181,0.0359787178367393,0.946654066001895,3944,277
"T4_1","unweighted","moreedu",-0.036159807841602,0.0521749376751327,0.488861332846233,3944,277
"T4_1","unweighted","otheredu_dum_female",0.197920760881214,0.0983403908237386,0.0451269140656871,3944,277
"T4_1","unweighted","science_female",0.0620853687315373,0.0239793322356962,0.010132430187887,3944,277
"T4_1","unweighted","comm_female",0.100628770281249,0.0325621963820915,0.00220344627118486,3944,277
"T4_1","unweighted","otherfield_female",-0.0395073200136706,0.0821507529848336,0.630959728504578,3944,277
"T4_1","unweighted","samenoedu",-0.0585216029919158,0.105345611084275,0.57898897120495,3944,277
"T4_1","unweighted","noedu_female",0.0925762375190825,0.0967243117353833,0.339347095933078,3944,277
"T4_1","unweighted","nofield_female",-0.150789424159078,0.0716287832404628,0.0361818700715171,3944,277
"T4_1","unweighted","skinrank_female",-0.0570066368651483,0.0106650535529452,1.89429095098199e-07,3944,277
"T4_1","unweighted","noskin_female",-0.0865564326613824,0.0290826267645904,0.00317686410268059,3944,277
"T4_1","unweighted","calcutta_female",0.0757088264676991,0.022969768306304,0.00110897049159889,3944,277
"T4_1","unweighted","sameresstatus",-0.031375740906946,0.035216638354872,0.373739954674488,3944,277
"T4_1","unweighted","nores_female",0.021583651514349,0.0342891639418701,0.529568742895514,3944,277
"T4_1","unweighted","samenores",-0.0262469765474248,0.047462836501873,0.580710631427074,3944,277
"T4_1","unweighted","family_origin_female",0.0125219238372673,0.0221699677339982,0.572658571142473,3944,277
"T4_1","unweighted","samefamily_origin",0.123090558282149,0.0255792202999893,2.46143683046314e-06,3944,277
"T4_1","unweighted","nofamily_origin_female",0.0840117737568121,0.0312631180871229,0.00764169724559658,3944,277
"T4_1","unweighted","samenofamily_origin",-0.100225771671774,0.0418529577314964,0.0173005476197505,3944,277
"T4_1","unweighted","beauty_female",0.0203194874015741,0.0236117609841599,0.390223850144382,3944,277
"T4_1","unweighted","vbeauty_female",0.0684401847893123,0.0314066624725977,0.0301653457129626,3944,277
"T4_1","unweighted","nobeauty_female",0.015527930631313,0.0196983234677211,0.431205422407614,3944,277
"T4_1","equal_advertiser","caste_nof3",0.0361667460486797,0.050866433405898,0.477675993300664,3944,277
"T4_1","equal_advertiser","caste_nof4",0.099314141902427,0.0743190088063828,0.182544629435067,3944,277
"T4_1","equal_advertiser","caste_nof5",0.0395906366793658,0.0333543664893765,0.23626003094794,3944,277
"T4_1","equal_advertiser","caste_nof6",0.0659213301868586,0.0424051638478187,0.121197028293222,3944,277
"T4_1","equal_advertiser","caste_nof7",0.126688594717884,0.0491152888993275,0.0104146138359961,3944,277
"T4_1","equal_advertiser","caste_nof8",-0.116159345921507,0.0662700320022752,0.0807434342132824,3944,277
"T4_1","equal_advertiser","caste_nof9",-0.00922961682702214,0.0660998596707659,0.889053056609477,3944,277
"T4_1","equal_advertiser","samecaste",0.174052417509567,0.0379638034730872,6.8990133063812e-06,3944,277
"T4_1","equal_advertiser","diff_above",-0.0130658744307032,0.0159245994427445,0.412648466284189,3944,277
"T4_1","equal_advertiser","diff_below",-0.0431471539921968,0.0155750042827868,0.00598095267389687,3944,277
"T4_1","equal_advertiser","nocaste_female",0.161109388454845,0.0471278147588295,0.000724516840212852,3944,277
"T4_1","equal_advertiser","samenocaste",0.370703010392828,0.212897720554085,0.0827582570344943,3944,277
"T4_1","equal_advertiser","casteimportantmatch",0.126160557480076,0.0608816943682596,0.039172961342162,3944,277
"T4_1","equal_advertiser","casteimportantdiff",0.00335530740083012,0.0229856930920279,0.884048680469458,3944,277
"T4_1","equal_advertiser","casteimportantno",0.101375131007639,0.0703403336952618,0.150659178346346,3944,277
"T4_1","equal_advertiser","castenotimpmatch",-0.0542542291900805,0.0445057983219439,0.223870864148818,3944,277
"T4_1","equal_advertiser","castenotimpdiff",0.0116566353942004,0.0142857301884194,0.41522461283854,3944,277
"T4_1","equal_advertiser","castenotimpno",-0.0430565225638617,0.0448889181060343,0.338307897218795,3944,277
"T4_1","equal_advertiser","age_noage",0.0189933309755087,0.0265697739263769,0.475307611851589,3944,277
"T4_1","equal_advertiser","noage_age",0.00419677418884439,0.00766380904708671,0.584402664438166,3944,277
"T4_1","equal_advertiser","diffage",0.0451326225846052,0.00730268895834274,2.29006616297425e-09,3944,277
"T4_1","equal_advertiser","diffagesq",-0.00241581858641164,0.000589880202595489,5.54098380912986e-05,3944,277
"T4_1","equal_advertiser","noage_female",0.0363796721202364,0.26401036499602,0.89050182095024,3944,277
"T4_1","equal_advertiser","samenoage",0.137108999884918,0.847629303702077,0.871616469573264,3944,277
"T4_1","equal_advertiser","height_noheight",0.501277978568288,0.411226336628104,0.223891388793548,3944,277
"T4_1","equal_advertiser","noheight_height",-0.803705052963652,0.430260046661524,0.0628283815111666,3944,277
"T4_1","equal_advertiser","diffheight",0.684602700077712,0.273331092922339,0.0128335929722519,3944,277
"T4_1","equal_advertiser","diffheightsq",-6.06617978071406,1.18793094313629,6.12562636231881e-07,3944,277
"T4_1","equal_advertiser","noheight_female",1.3883177292907,0.720853036342916,0.0551392679070185,3944,277
"T4_1","equal_advertiser","samenoheight",-0.514319817817101,0.945276172075961,0.586815525341497,3944,277
"T4_1","equal_advertiser","edu_female3",0.0908737147972222,0.0555390698784417,0.102934918528449,3944,277
"T4_1","equal_advertiser","edu_female4",0.0532799584660976,0.127630438441929,0.676670215700674,3944,277
"T4_1","equal_advertiser","edu_female5",0.0816310330530804,0.0803614198644393,0.310614841789638,3944,277
"T4_1","equal_advertiser","edu_female6",0.14895693683959,0.0856982210371776,0.0832984763776146,3944,277
"T4_1","equal_advertiser","edu_female7",0.24647524457272,0.100413751380481,0.0147218411808957,3944,277
"T4_1","equal_advertiser","sameedu_max",0.0229881926941263,0.032969668689545,0.486231517365483,3944,277
"T4_1","equal_advertiser","moreedu",0.00295849865961207,0.0465046367538682,0.949321018711051,3944,277
"T4_1","equal_advertiser","otheredu_dum_female",0.204148511971713,0.0780621137246363,0.00940774654250248,3944,277
"T4_1","equal_advertiser","science_female",0.0377198804730624,0.0211420950003228,0.0755038486278489,3944,277
"T4_1","equal_advertiser","comm_female",0.0718757891117659,0.0265291465290742,0.00716399129386232,3944,277
"T4_1","equal_advertiser","otherfield_female",0.010204173344291,0.0647884106303559,0.874965985113639,3944,277
"T4_1","equal_advertiser","samenoedu",-0.109377083163042,0.0910346896844306,0.230591944731378,3944,277
"T4_1","equal_advertiser","noedu_female",0.155837422837728,0.0777241624637764,0.0459387458756567,3944,277
"T4_1","equal_advertiser","nofield_female",-0.103404172676286,0.0580051534438464,0.0757387578790052,3944,277
"T4_1","equal_advertiser","skinrank_female",-0.0466101314750767,0.00950136148563282,1.59343334265314e-06,3944,277
"T4_1","equal_advertiser","noskin_female",-0.0770854165014706,0.0255833439223138,0.00282593270209673,3944,277
"T4_1","equal_advertiser","calcutta_female",0.0591927797708037,0.0197046599111328,0.00290913693079044,3944,277
"T4_1","equal_advertiser","sameresstatus",-0.0348814698432262,0.0308320753941045,0.258895293453308,3944,277
"T4_1","equal_advertiser","nores_female",0.0184263644064617,0.0287893313160594,0.52267662618078,3944,277
"T4_1","equal_advertiser","samenores",-0.0491187700819285,0.0400775444458674,0.221396534407562,3944,277
"T4_1","equal_advertiser","family_origin_female",0.0110773624278997,0.0191194066094353,0.562806770087456,3944,277
"T4_1","equal_advertiser","samefamily_origin",0.0925041488790878,0.0224150171259108,4.8737629477569e-05,3944,277
"T4_1","equal_advertiser","nofamily_origin_female",0.0593594367362522,0.0268847309043895,0.0280719744032924,3944,277
"T4_1","equal_advertiser","samenofamily_origin",-0.0802352473942368,0.0359813856501817,0.0265578246980492,3944,277
"T4_1","equal_advertiser","beauty_female",0.0107711368240552,0.0188810361679915,0.568820501308993,3944,277
"T4_1","equal_advertiser","vbeauty_female",0.0472033378795851,0.0269612806596312,0.0810943859385159,3944,277
"T4_1","equal_advertiser","nobeauty_female",0.00434042339027731,0.0164158355280706,0.79166545447626,3944,277
"T4_1","caste_typo_fixed","caste_nof3",0.0274870099085082,0.0508142336077849,0.588991231519689,3944,277
"T4_1","caste_typo_fixed","caste_nof4",0.089398640003641,0.0753023464277638,0.236171116958858,3944,277
"T4_1","caste_typo_fixed","caste_nof5",0.035166369078207,0.0341023849224133,0.303349960626271,3944,277
"T4_1","caste_typo_fixed","caste_nof6",0.0590184283867576,0.043063366051397,0.171643855248183,3944,277
"T4_1","caste_typo_fixed","caste_nof7",0.123203623316251,0.0500012091232852,0.0143489618305865,3944,277
"T4_1","caste_typo_fixed","caste_nof8",-0.115441263676143,0.067784897333329,0.0896839173458136,3944,277
"T4_1","caste_typo_fixed","caste_nof9",-0.0086992481431434,0.0678738955850222,0.898109516763053,3944,277
"T4_1","caste_typo_fixed","samecaste",0.170695788792623,0.0371484073680764,6.59066676924691e-06,3944,277
"T4_1","caste_typo_fixed","diff_above",-0.017455131121741,0.0157326578030234,0.268187226650894,3944,277
"T4_1","caste_typo_fixed","diff_below",-0.0399315866177444,0.0159031289654147,0.0126132796794944,3944,277
"T4_1","caste_typo_fixed","nocaste_female",0.153610330632792,0.0475115846564055,0.00137321572311723,3944,277
"T4_1","caste_typo_fixed","samenocaste",0.360650551263452,0.214717709424967,0.0941570310461836,3944,277
"T4_1","caste_typo_fixed","casteimportantmatch",0.123440705444702,0.0630322522698456,0.0511932565757928,3944,277
"T4_1","caste_typo_fixed","casteimportantdiff",0.00239872073770701,0.0236709251547603,0.919357187007184,3944,277
"T4_1","caste_typo_fixed","casteimportantno",0.0963841140802991,0.073151287989868,0.188730361139559,3944,277
"T4_1","caste_typo_fixed","castenotimpmatch",-0.0564952951203307,0.0440783094318445,0.201022569376238,3944,277
"T4_1","caste_typo_fixed","castenotimpdiff",0.0121442306142095,0.0142975718895164,0.396399839493693,3944,277
"T4_1","caste_typo_fixed","castenotimpno",-0.0415980419219542,0.0432685352788031,0.337196388862229,3944,277
"T4_1","caste_typo_fixed","age_noage",0.0221680014785627,0.0276284831864902,0.423034829300961,3944,277
"T4_1","caste_typo_fixed","noage_age",0.00657776217878893,0.00826459432558932,0.426776154419979,3944,277
"T4_1","caste_typo_fixed","diffage",0.044284403057056,0.00711330759218289,1.77875397345827e-09,3944,277
"T4_1","caste_typo_fixed","diffagesq",-0.00234590737226094,0.00057607343817357,6.08820018422425e-05,3944,277
"T4_1","caste_typo_fixed","noage_female",-0.0337523728674023,0.27960438972814,0.904004810353682,3944,277
"T4_1","caste_typo_fixed","samenoage",0.514132233478452,0.856858807931936,0.548985359886195,3944,277
"T4_1","caste_typo_fixed","height_noheight",0.454332896560879,0.395535180558368,0.251693371208116,3944,277
"T4_1","caste_typo_fixed","noheight_height",-0.752907255792864,0.451131199436862,0.0962647685837054,3944,277
"T4_1","caste_typo_fixed","diffheight",0.722800660514318,0.282627444900415,0.011079682353096,3944,277
"T4_1","caste_typo_fixed","diffheightsq",-6.25321491444013,1.22802424986677,6.56700118670257e-07,3944,277
"T4_1","caste_typo_fixed","noheight_female",1.30037374478372,0.757471241375574,0.0871503910815462,3944,277
"T4_1","caste_typo_fixed","samenoheight",-0.495208139838319,0.960345571659781,0.606507360767476,3944,277
"T4_1","caste_typo_fixed","edu_female3",0.104326212274085,0.0584102155078584,0.0751815242885547,3944,277
"T4_1","caste_typo_fixed","edu_female4",0.0831971572397879,0.129276002257337,0.520393699059674,3944,277
"T4_1","caste_typo_fixed","edu_female5",0.0966052340288638,0.0828142685815633,0.244407641999253,3944,277
"T4_1","caste_typo_fixed","edu_female6",0.167896199176598,0.0882362769745587,0.0581068881076039,3944,277
"T4_1","caste_typo_fixed","edu_female7",0.262599296620013,0.103393159663455,0.0116399400970196,3944,277
"T4_1","caste_typo_fixed","sameedu_max",0.0173849263689689,0.0330544826555808,0.599346939307365,3944,277
"T4_1","caste_typo_fixed","moreedu",-0.00572488815175044,0.0465429789688442,0.902194887050879,3944,277
"T4_1","caste_typo_fixed","otheredu_dum_female",0.212534361406999,0.0785893334223028,0.00726869592600772,3944,277
"T4_1","caste_typo_fixed","science_female",0.0456480108191304,0.0216124630989052,0.0355749715011884,3944,277
"T4_1","caste_typo_fixed","comm_female",0.0781397637155992,0.026824380459323,0.00387235336759044,3944,277
"T4_1","caste_typo_fixed","otherfield_female",0.0153758649116324,0.0699829542670315,0.82626042466126,3944,277
"T4_1","caste_typo_fixed","samenoedu",-0.0926400644430546,0.094285577924552,0.326690668108862,3944,277
"T4_1","caste_typo_fixed","noedu_female",0.160193936115451,0.0810030392753659,0.0489652725534189,3944,277
"T4_1","caste_typo_fixed","nofield_female",-0.0985122655742105,0.0589375170725848,0.095762325274334,3944,277
"T4_1","caste_typo_fixed","skinrank_female",-0.0505880059148873,0.00951488677343603,2.18346435713678e-07,3944,277
"T4_1","caste_typo_fixed","noskin_female",-0.0848778389609859,0.0252852446801563,0.000899240698196724,3944,277
"T4_1","caste_typo_fixed","calcutta_female",0.0620204311448538,0.020547432791464,0.00277859788071831,3944,277
"T4_1","caste_typo_fixed","sameresstatus",-0.0437455711280304,0.0321003286061764,0.174063837718359,3944,277
"T4_1","caste_typo_fixed","nores_female",0.0180370460624586,0.0298783228438624,0.546550008134465,3944,277
"T4_1","caste_typo_fixed","samenores",-0.0378412036861,0.0411072573838574,0.358090350899574,3944,277
"T4_1","caste_typo_fixed","family_origin_female",0.0115233399312956,0.019340580957044,0.551789455058426,3944,277
"T4_1","caste_typo_fixed","samefamily_origin",0.0926096978519673,0.0226438437892145,5.66858086180421e-05,3944,277
"T4_1","caste_typo_fixed","nofamily_origin_female",0.0613682031448618,0.0274146607039639,0.025984630575769,3944,277
"T4_1","caste_typo_fixed","samenofamily_origin",-0.082833543253868,0.0372356889511185,0.026918631997725,3944,277
"T4_1","caste_typo_fixed","beauty_female",0.0070599274153143,0.0194849254074644,0.717384469811719,3944,277
"T4_1","caste_typo_fixed","vbeauty_female",0.0531605313826743,0.0280588638851714,0.0591896062138479,3944,277
"T4_1","caste_typo_fixed","nobeauty_female",0.00377403109877186,0.0164482191808571,0.818689725416572,3944,277
"T4_1","known_caste","caste_nof3",-0.0431363843978084,0.0525283101629152,0.412244806131501,2829,275
"T4_1","known_caste","caste_nof4",-0.0385798717627199,0.0943074801325848,0.682796113407298,2829,275
"T4_1","known_caste","caste_nof5",-0.122780610261973,0.0513199610056033,0.0174100684753033,2829,275
"T4_1","known_caste","caste_nof6",-0.127796646214294,0.0617733239463181,0.0395026896703442,2829,275
"T4_1","known_caste","caste_nof7",-0.100100985635567,0.0807385572655384,0.216104085837628,2829,275
"T4_1","known_caste","caste_nof8",-0.348854045542531,0.0957590157773689,0.000322183876894705,2829,275
"T4_1","known_caste","caste_nof9",-0.322053829514777,0.114180167719592,0.00514408305074404,2829,275
"T4_1","known_caste","samecaste",0.178724358512127,0.0396032372650767,9.50175323075943e-06,2829,275
"T4_1","known_caste","diff_above",0.0252383923813086,0.022487718534674,0.262709367426181,2829,275
"T4_1","known_caste","casteimportantmatch",0.118089889720273,0.0681897318642253,0.084437499652231,2829,275
"T4_1","known_caste","casteimportantdiff",-0.0138233874954871,0.0287068549089419,0.63051987045216,2829,275
"T4_1","known_caste","castenotimpmatch",-0.0673058865376402,0.0480189036168324,0.162150340321477,2829,275
"T4_1","known_caste","castenotimpdiff",0.00954538045260782,0.0155563871202845,0.539989526575246,2829,275
"T4_1","known_caste","age_noage",0.0365454717368621,0.030589859784171,0.233240363336233,2829,275
"T4_1","known_caste","noage_age",-0.0036158473099363,0.00878438095077855,0.68093806362001,2829,275
"T4_1","known_caste","diffage",0.0465059204833356,0.0107521232267435,2.13578874716356e-05,2829,275
"T4_1","known_caste","diffagesq",-0.00236869411436185,0.000911735460599111,0.00988386254118755,2829,275
"T4_1","known_caste","noage_female",0.330442883009507,0.319411020557879,0.301796859424441,2829,275
"T4_1","known_caste","samenoage",0.861608582355923,0.961555494666948,0.371008838589251,2829,275
"T4_1","known_caste","height_noheight",0.514286076219048,0.452505449640877,0.256727779503472,2829,275
"T4_1","known_caste","noheight_height",-1.09251767309831,0.651540439666936,0.0947176477428773,2829,275
"T4_1","known_caste","diffheight",0.679406916485747,0.336144834720134,0.0442341034463764,2829,275
"T4_1","known_caste","diffheightsq",-5.87154927054177,1.45374779220115,6.9777905744166e-05,2829,275
"T4_1","known_caste","noheight_female",1.93219097317628,1.10186331617663,0.0806228845156602,2829,275
"T4_1","known_caste","samenoheight",-0.917330068691111,1.29167719147641,0.478193264362012,2829,275
"T4_1","known_caste","edu_female3",0.0754466676490266,0.0768503579321048,0.327096585890059,2829,275
"T4_1","known_caste","edu_female4",-0.0122284199713691,0.135229130384786,0.92801364407372,2829,275
"T4_1","known_caste","edu_female5",0.112417470509791,0.103724378799563,0.279402019772415,2829,275
"T4_1","known_caste","edu_female6",0.179661338218893,0.11033704878424,0.104611441746299,2829,275
"T4_1","known_caste","edu_female7",0.237898558852118,0.120167555923896,0.0487351351945303,2829,275
"T4_1","known_caste","sameedu_max",0.0140338060716393,0.0401243554895461,0.726789155701743,2829,275
"T4_1","known_caste","moreedu",-0.00904618206817991,0.0569869673564632,0.873989679706097,2829,275
"T4_1","known_caste","otheredu_dum_female",0.211662094855658,0.100302990273282,0.0357452259307791,2829,275
"T4_1","known_caste","science_female",0.0671745228600555,0.0249390878922744,0.00750576951634956,2829,275
"T4_1","known_caste","comm_female",0.10076536661456,0.0326451337098242,0.002231420207255,2829,275
"T4_1","known_caste","otherfield_female",0.0931772085079596,0.0875969711848402,0.288399550462833,2829,275
"T4_1","known_caste","samenoedu",-0.200999766446693,0.102201842313847,0.0502275660307274,2829,275
"T4_1","known_caste","noedu_female",0.219775832045979,0.12040492327168,0.0690434178575072,2829,275
"T4_1","known_caste","nofield_female",-0.0683841031125945,0.069720111433214,0.327538103043937,2829,275
"T4_1","known_caste","skinrank_female",-0.0406679791285964,0.0117423537035766,0.000618852891340325,2829,275
"T4_1","known_caste","noskin_female",-0.0614090185792689,0.0314149847325744,0.0516271516596703,2829,275
"T4_1","known_caste","calcutta_female",0.0698438628866003,0.0243879157662557,0.00450859930985988,2829,275
"T4_1","known_caste","sameresstatus",-0.0400045650555567,0.0376070804258835,0.288378136407359,2829,275
"T4_1","known_caste","nores_female",0.0380091651399657,0.0368479613801258,0.303209767508513,2829,275
"T4_1","known_caste","samenores",-0.0444289620481502,0.0492355536798793,0.367649945352775,2829,275
"T4_1","known_caste","family_origin_female",-0.0020093111682819,0.0222733505520207,0.928185097414706,2829,275
"T4_1","known_caste","samefamily_origin",0.0958808143175291,0.0255646034421913,0.000215323734832924,2829,275
"T4_1","known_caste","nofamily_origin_female",0.0542402515563357,0.0384877045587789,0.15988400664861,2829,275
"T4_1","known_caste","samenofamily_origin",-0.0818735717379628,0.0477749752065053,0.0877086664749873,2829,275
"T4_1","known_caste","beauty_female",0.0328417407261863,0.0226468075903705,0.148154587116955,2829,275
"T4_1","known_caste","vbeauty_female",0.0400527867435261,0.0325783265048565,0.219965142345266,2829,275
"T4_1","known_caste","nobeauty_female",-0.0014474990208778,0.0208655434351331,0.944743562163794,2829,275
"T4_1","weight_trim99","caste_nof3",0.0263022666895327,0.0507177869167837,0.604454926691257,3944,277
"T4_1","weight_trim99","caste_nof4",0.0889531988509133,0.0752565453409584,0.238223257807473,3944,277
"T4_1","weight_trim99","caste_nof5",0.0377159489559789,0.0340370353478661,0.268789540262929,3944,277
"T4_1","weight_trim99","caste_nof6",0.0575935425485866,0.0429602153502473,0.181144601341973,3944,277
"T4_1","weight_trim99","caste_nof7",0.124168349107878,0.0499871440424589,0.0135849182169207,3944,277
"T4_1","weight_trim99","caste_nof8",-0.114124296814061,0.0685667763221545,0.0971622289133761,3944,277
"T4_1","weight_trim99","caste_nof9",-0.00684853470680009,0.0678048640268886,0.91962094347258,3944,277
"T4_1","weight_trim99","samecaste",0.167713784505982,0.0363304002467772,5.9910359977201e-06,3944,277
"T4_1","weight_trim99","diff_above",-0.0183636214781654,0.0155395873851042,0.238329395978429,3944,277
"T4_1","weight_trim99","diff_below",-0.039757366742159,0.0158942229726401,0.0129507985013356,3944,277
"T4_1","weight_trim99","nocaste_female",0.15193873344133,0.0469146787440828,0.00134794694259394,3944,277
"T4_1","weight_trim99","samenocaste",0.362416324875234,0.214958441666345,0.0929291064520627,3944,277
"T4_1","weight_trim99","casteimportantmatch",0.122651571922721,0.0625086479753929,0.0507492712171084,3944,277
"T4_1","weight_trim99","casteimportantdiff",0.0019950412848418,0.0234650008040659,0.932305540950529,3944,277
"T4_1","weight_trim99","casteimportantno",0.0947813256560819,0.0725726588699365,0.192633269860468,3944,277
"T4_1","weight_trim99","castenotimpmatch",-0.0538203764763906,0.0437041302804714,0.21919494187307,3944,277
"T4_1","weight_trim99","castenotimpdiff",0.012006472313835,0.0143223286065143,0.402585120155034,3944,277
"T4_1","weight_trim99","castenotimpno",-0.0417120128388343,0.043077791079784,0.333744760535289,3944,277
"T4_1","weight_trim99","age_noage",0.0220818390041037,0.0276189425063546,0.424677713751142,3944,277
"T4_1","weight_trim99","noage_age",0.00643635605567602,0.00826857620991579,0.436993188843686,3944,277
"T4_1","weight_trim99","diffage",0.0445303882910799,0.00713836834701218,1.6576123299755e-09,3944,277
"T4_1","weight_trim99","diffagesq",-0.00235656273087646,0.000576906902925832,5.7852738901221e-05,3944,277
"T4_1","weight_trim99","noage_female",-0.0286414339960187,0.279621728620487,0.918490374864063,3944,277
"T4_1","weight_trim99","samenoage",0.505577227929567,0.856566295918694,0.555514626188081,3944,277
"T4_1","weight_trim99","height_noheight",0.456007692080106,0.3956567256194,0.250099098604133,3944,277
"T4_1","weight_trim99","noheight_height",-0.77040314351296,0.450939154181267,0.0886787311115917,3944,277
"T4_1","weight_trim99","diffheight",0.71985281968479,0.282497825371491,0.011371096800729,3944,277
"T4_1","weight_trim99","diffheightsq",-6.28079436861496,1.23054496773536,6.19806099540358e-07,3944,277
"T4_1","weight_trim99","noheight_female",1.32889621148184,0.757014864884469,0.0802929746023125,3944,277
"T4_1","weight_trim99","samenoheight",-0.520457979808548,0.960431376534141,0.588324449669834,3944,277
"T4_1","weight_trim99","edu_female3",0.107057041032409,0.057547823238561,0.0639046239604054,3944,277
"T4_1","weight_trim99","edu_female4",0.0787319804201661,0.127615648576559,0.537778849399421,3944,277
"T4_1","weight_trim99","edu_female5",0.10068775960472,0.082350844170348,0.222498063264053,3944,277
"T4_1","weight_trim99","edu_female6",0.17069521814438,0.0877847489180445,0.0528540287679471,3944,277
"T4_1","weight_trim99","edu_female7",0.266381549260684,0.102873977881216,0.0101244852869827,3944,277
"T4_1","weight_trim99","sameedu_max",0.0166397775027362,0.0325068781470292,0.609140945326246,3944,277
"T4_1","weight_trim99","moreedu",-0.00594240153809564,0.0456625616108394,0.896552611930558,3944,277
"T4_1","weight_trim99","otheredu_dum_female",0.212502365711372,0.0778834708795064,0.00677140019544498,3944,277
"T4_1","weight_trim99","science_female",0.0447233888338704,0.0210939258370395,0.0348811635334821,3944,277
"T4_1","weight_trim99","comm_female",0.0771116399225013,0.0267136167302034,0.00420208412475009,3944,277
"T4_1","weight_trim99","otherfield_female",0.0151449662202269,0.0698943334149839,0.828614888540111,3944,277
"T4_1","weight_trim99","samenoedu",-0.0923800626040673,0.0941614743865426,0.327411843634061,3944,277
"T4_1","weight_trim99","noedu_female",0.162665133884343,0.0797946217850514,0.0424481507649946,3944,277
"T4_1","weight_trim99","nofield_female",-0.0979479478309935,0.0589064406913853,0.0974933418558078,3944,277
"T4_1","weight_trim99","skinrank_female",-0.0503152107228065,0.00942046447329814,1.93378531181015e-07,3944,277
"T4_1","weight_trim99","noskin_female",-0.0849806719782018,0.0251689826715403,0.000839950937312004,3944,277
"T4_1","weight_trim99","calcutta_female",0.0614670656839286,0.0201554979660796,0.00251376403667864,3944,277
"T4_1","weight_trim99","sameresstatus",-0.0428732379112584,0.0322129861980352,0.184310375623187,3944,277
"T4_1","weight_trim99","nores_female",0.0176060556814927,0.0300218530449082,0.558058287153486,3944,277
"T4_1","weight_trim99","samenores",-0.0405059003669971,0.0408560307631575,0.322343965474782,3944,277
"T4_1","weight_trim99","family_origin_female",0.0118115160405017,0.0195284477544913,0.545784635799231,3944,277
"T4_1","weight_trim99","samefamily_origin",0.0929623713703973,0.0230000222466394,6.88330089444698e-05,3944,277
"T4_1","weight_trim99","nofamily_origin_female",0.0618707909621061,0.0274534153624936,0.0250020813716267,3944,277
"T4_1","weight_trim99","samenofamily_origin",-0.0830596427335951,0.0372546651654082,0.0265847281048375,3944,277
"T4_1","weight_trim99","beauty_female",0.00826157176088825,0.0194066843662565,0.670652738041535,3944,277
"T4_1","weight_trim99","vbeauty_female",0.0517239532437451,0.0279624592821233,0.0654164533064138,3944,277
"T4_1","weight_trim99","nobeauty_female",0.00450835715789481,0.0165143758508859,0.785060506448086,3944,277
