"scenario","population","output_name","outcome","coefficient","published_table8_cell","requested_draws","completed_draws","valid_draws","unidentified_draws","estimation_error_draws","batch_complete","all_requested_draws_identified","mean","p025","p975","n_min","n_max","interval_label"
"feature_corrected","full_market","beta_age_female_long","diff_age","samecaste",TRUE,250,250,250,0,0,TRUE,TRUE,0.2904971805627,-0.109119714548699,0.799773170993365,7356,7649,"Supplied-draw percentiles among identified coefficients; partial if batch incomplete"
"original","full_market","beta_age_female_long","diff_age","samecaste",TRUE,250,250,250,0,0,TRUE,TRUE,0.197249090086334,-0.301430153385898,0.659993759855413,7387,7662,"Supplied-draw percentiles among identified coefficients; partial if batch incomplete"
"feature_corrected","verified_interview_subset","beta_age_female_long","diff_age","samecaste",TRUE,250,250,247,3,0,TRUE,FALSE,0.353811233338665,-0.592034224718477,1.32641741370958,476,530,"Supplied-draw percentiles among identified coefficients; partial if batch incomplete"
"original","verified_interview_subset","beta_age_female_long","diff_age","samecaste",TRUE,250,250,249,1,0,TRUE,FALSE,0.393242129657095,-0.529474995800608,1.56594873391355,475,531,"Supplied-draw percentiles among identified coefficients; partial if batch incomplete"
"feature_corrected","full_market","beta_age_female_long2","diff_age","highercaste_female",TRUE,250,250,246,4,0,TRUE,FALSE,-0.127213749421797,-1.59249816909713,1.50326809263261,7356,7649,"Supplied-draw percentiles among identified coefficients; partial if batch incomplete"
"original","full_market","beta_age_female_long2","diff_age","highercaste_female",TRUE,250,250,245,5,0,TRUE,FALSE,-0.428624705254636,-1.84459881888997,1.08172113726405,7387,7662,"Supplied-draw percentiles among identified coefficients; partial if batch incomplete"
"feature_corrected","verified_interview_subset","beta_age_female_long2","diff_age","highercaste_female",TRUE,250,250,179,71,0,TRUE,FALSE,-0.0786833836168431,-3.09362272806254,2.28109378968427,476,530,"Supplied-draw percentiles among identified coefficients; partial if batch incomplete"
"original","verified_interview_subset","beta_age_female_long2","diff_age","highercaste_female",TRUE,250,250,181,69,0,TRUE,FALSE,-0.0799604802399247,-3.03921047096164,2.42409423413221,475,531,"Supplied-draw percentiles among identified coefficients; partial if batch incomplete"
"feature_corrected","full_market","beta_age_male_long","diff_age","samecaste",TRUE,250,250,250,0,0,TRUE,TRUE,-0.139922187907175,-0.822100581586321,0.497860423703037,7356,7649,"Supplied-draw percentiles among identified coefficients; partial if batch incomplete"
"original","full_market","beta_age_male_long","diff_age","samecaste",TRUE,250,250,250,0,0,TRUE,TRUE,-0.205656733368412,-1.23887403778957,0.514424143338662,7387,7662,"Supplied-draw percentiles among identified coefficients; partial if batch incomplete"
"feature_corrected","verified_interview_subset","beta_age_male_long","diff_age","samecaste",TRUE,250,250,221,29,0,TRUE,FALSE,-0.271376933067012,-2.82714108345809,1.9254452321859,476,530,"Supplied-draw percentiles among identified coefficients; partial if batch incomplete"
"original","verified_interview_subset","beta_age_male_long","diff_age","samecaste",TRUE,250,250,228,22,0,TRUE,FALSE,-0.397831467173291,-3.87967973250699,3.02084131939693,475,531,"Supplied-draw percentiles among identified coefficients; partial if batch incomplete"
"feature_corrected","full_market","beta_age_male_long2","diff_age","highercaste",TRUE,250,250,250,0,0,TRUE,TRUE,0.154451309925867,-0.71433164809679,1.09917061850826,7356,7649,"Supplied-draw percentiles among identified coefficients; partial if batch incomplete"
"original","full_market","beta_age_male_long2","diff_age","highercaste",TRUE,250,250,250,0,0,TRUE,TRUE,0.0585851000312739,-0.958773184321113,0.81959317209937,7387,7662,"Supplied-draw percentiles among identified coefficients; partial if batch incomplete"
"feature_corrected","verified_interview_subset","beta_age_male_long2","diff_age","highercaste",TRUE,250,250,217,33,0,TRUE,FALSE,-0.0324585930553647,-3.09171279796395,2.45099101692285,476,530,"Supplied-draw percentiles among identified coefficients; partial if batch incomplete"
"original","verified_interview_subset","beta_age_male_long2","diff_age","highercaste",TRUE,250,250,218,32,0,TRUE,FALSE,-0.18677381836901,-3.75879005560901,2.50209573392477,475,531,"Supplied-draw percentiles among identified coefficients; partial if batch incomplete"
"feature_corrected","full_market","beta_b_female_long","beautiful_female","samecaste",TRUE,250,250,250,0,0,TRUE,TRUE,0.0270682067227784,-0.0681889470052718,0.131018212924194,5691,6285,"Supplied-draw percentiles among identified coefficients; partial if batch incomplete"
"original","full_market","beta_b_female_long","beautiful_female","samecaste",TRUE,250,250,250,0,0,TRUE,TRUE,0.0437770796045316,-0.085127247766368,0.146472545438688,5703,6283,"Supplied-draw percentiles among identified coefficients; partial if batch incomplete"
"feature_corrected","verified_interview_subset","beta_b_female_long","beautiful_female","samecaste",TRUE,250,250,245,5,0,TRUE,FALSE,0.0165718720861393,-0.253855022712741,0.354221802370992,388,455,"Supplied-draw percentiles among identified coefficients; partial if batch incomplete"
"original","verified_interview_subset","beta_b_female_long","beautiful_female","samecaste",TRUE,250,250,243,7,0,TRUE,FALSE,0.0641198476014536,-0.311060464931984,0.575852554837806,386,452,"Supplied-draw percentiles among identified coefficients; partial if batch incomplete"
"feature_corrected","full_market","beta_b_female_long2","beautiful_female","highercaste_female",TRUE,250,250,248,2,0,TRUE,FALSE,0.00665186868035926,-0.416752784297585,0.385345812218829,5691,6285,"Supplied-draw percentiles among identified coefficients; partial if batch incomplete"
"original","full_market","beta_b_female_long2","beautiful_female","highercaste_female",TRUE,250,250,245,5,0,TRUE,FALSE,0.00626579122132092,-0.515351903668404,0.409963929376113,5703,6283,"Supplied-draw percentiles among identified coefficients; partial if batch incomplete"
"feature_corrected","verified_interview_subset","beta_b_female_long2","beautiful_female","highercaste_female",TRUE,250,250,172,78,0,TRUE,FALSE,-0.0409108257626606,-0.742329249217683,0.823112664250627,388,455,"Supplied-draw percentiles among identified coefficients; partial if batch incomplete"
"original","verified_interview_subset","beta_b_female_long2","beautiful_female","highercaste_female",TRUE,250,250,169,81,0,TRUE,FALSE,-0.0620103069237229,-0.907525045489358,0.766302018929492,386,452,"Supplied-draw percentiles among identified coefficients; partial if batch incomplete"
"feature_corrected","full_market","beta_edu_female_long","edu_max_female","samecaste",TRUE,250,250,250,0,0,TRUE,TRUE,0.32293296248556,-0.187982575062348,0.836466270085223,6574,7478,"Supplied-draw percentiles among identified coefficients; partial if batch incomplete"
"original","full_market","beta_edu_female_long","edu_max_female","samecaste",TRUE,250,250,250,0,0,TRUE,TRUE,0.386045983608074,-0.0776625325440091,0.891843691493621,6510,7545,"Supplied-draw percentiles among identified coefficients; partial if batch incomplete"
"feature_corrected","verified_interview_subset","beta_edu_female_long","edu_max_female","samecaste",TRUE,250,250,247,3,0,TRUE,FALSE,0.366241976946451,-0.580557612714635,1.01988223679625,449,520,"Supplied-draw percentiles among identified coefficients; partial if batch incomplete"
"original","verified_interview_subset","beta_edu_female_long","edu_max_female","samecaste",TRUE,250,250,249,1,0,TRUE,FALSE,0.360611140659458,-0.59867414847545,0.944845900049416,456,524,"Supplied-draw percentiles among identified coefficients; partial if batch incomplete"
"feature_corrected","full_market","beta_edu_female_long_age","diff_age","edu_max_female",TRUE,250,250,250,0,0,TRUE,TRUE,-0.555487887111681,-0.941463443413361,-0.288466610882722,6655,7633,"Supplied-draw percentiles among identified coefficients; partial if batch incomplete"
"original","full_market","beta_edu_female_long_age","diff_age","edu_max_female",TRUE,250,250,250,0,0,TRUE,TRUE,-0.568752454654972,-0.930664780789297,-0.299627687270069,6584,7620,"Supplied-draw percentiles among identified coefficients; partial if batch incomplete"
"feature_corrected","verified_interview_subset","beta_edu_female_long_age","diff_age","edu_max_female",TRUE,250,250,250,0,0,TRUE,TRUE,-0.605368449580846,-1.12398963956165,-0.284374547127068,444,516,"Supplied-draw percentiles among identified coefficients; partial if batch incomplete"
"original","verified_interview_subset","beta_edu_female_long_age","diff_age","edu_max_female",TRUE,250,250,250,0,0,TRUE,TRUE,-0.61255767785409,-1.06307327501856,-0.265725708966291,447,513,"Supplied-draw percentiles among identified coefficients; partial if batch incomplete"
"feature_corrected","full_market","beta_edu_female_long_b","beautiful_female","edu_max_female",TRUE,250,250,250,0,0,TRUE,TRUE,-0.0123861414209527,-0.099563661716796,0.0612426761026865,5262,6223,"Supplied-draw percentiles among identified coefficients; partial if batch incomplete"
"original","full_market","beta_edu_female_long_b","beautiful_female","edu_max_female",TRUE,250,250,250,0,0,TRUE,TRUE,-0.0110284962749642,-0.0968644575141583,0.0659317780350066,5215,6223,"Supplied-draw percentiles among identified coefficients; partial if batch incomplete"
"feature_corrected","verified_interview_subset","beta_edu_female_long_b","beautiful_female","edu_max_female",TRUE,250,250,250,0,0,TRUE,TRUE,-0.0262498022478669,-0.126688963381695,0.0516704941483121,366,440,"Supplied-draw percentiles among identified coefficients; partial if batch incomplete"
"original","verified_interview_subset","beta_edu_female_long_b","beautiful_female","edu_max_female",TRUE,250,250,250,0,0,TRUE,TRUE,-0.0238406821390782,-0.122502863812715,0.067264839719345,369,437,"Supplied-draw percentiles among identified coefficients; partial if batch incomplete"
"feature_corrected","full_market","beta_edu_female_long_hg","diff_height","edu_max_female",TRUE,250,250,250,0,0,TRUE,TRUE,0.00163329689041749,-0.000908461309358123,0.00482977911707529,5981,6776,"Supplied-draw percentiles among identified coefficients; partial if batch incomplete"
"original","full_market","beta_edu_female_long_hg","diff_height","edu_max_female",TRUE,250,250,250,0,0,TRUE,TRUE,0.00181412084286408,-0.000825040264015435,0.00499554605596401,5911,6795,"Supplied-draw percentiles among identified coefficients; partial if batch incomplete"
"feature_corrected","verified_interview_subset","beta_edu_female_long_hg","diff_height","edu_max_female",TRUE,250,250,250,0,0,TRUE,TRUE,0.00156025232027015,-0.00217862001473782,0.0059947181245517,403,465,"Supplied-draw percentiles among identified coefficients; partial if batch incomplete"
"original","verified_interview_subset","beta_edu_female_long_hg","diff_height","edu_max_female",TRUE,250,250,250,0,0,TRUE,TRUE,0.00182375476942368,-0.00185006062127147,0.00594831203706074,402,468,"Supplied-draw percentiles among identified coefficients; partial if batch incomplete"
"feature_corrected","full_market","beta_edu_female_long_sk","skinrank_female","edu_max_female",TRUE,250,250,250,0,0,TRUE,TRUE,0.0937775331251656,0.0251276319144537,0.182037953298312,4924,6053,"Supplied-draw percentiles among identified coefficients; partial if batch incomplete"
"original","full_market","beta_edu_female_long_sk","skinrank_female","edu_max_female",TRUE,250,250,250,0,0,TRUE,TRUE,0.0926009912148419,0.0163543506932226,0.18175782550274,4882,6082,"Supplied-draw percentiles among identified coefficients; partial if batch incomplete"
"feature_corrected","verified_interview_subset","beta_edu_female_long_sk","skinrank_female","edu_max_female",TRUE,250,250,250,0,0,TRUE,TRUE,0.0957714838604119,-0.0084072792844464,0.203261235827426,326,434,"Supplied-draw percentiles among identified coefficients; partial if batch incomplete"
"original","verified_interview_subset","beta_edu_female_long_sk","skinrank_female","edu_max_female",TRUE,250,250,250,0,0,TRUE,TRUE,0.0924585646343908,-0.00611698285397117,0.226040373984629,330,430,"Supplied-draw percentiles among identified coefficients; partial if batch incomplete"
"feature_corrected","full_market","beta_edu_female_long_vb","vbeautiful_female","edu_max_female",TRUE,250,250,250,0,0,TRUE,TRUE,-0.0347770201643647,-0.0858852625627742,0.00254284139018031,5262,6223,"Supplied-draw percentiles among identified coefficients; partial if batch incomplete"
"original","full_market","beta_edu_female_long_vb","vbeautiful_female","edu_max_female",TRUE,250,250,250,0,0,TRUE,TRUE,-0.0364045165143802,-0.0870537072169017,0.00216564454749914,5215,6223,"Supplied-draw percentiles among identified coefficients; partial if batch incomplete"
"feature_corrected","verified_interview_subset","beta_edu_female_long_vb","vbeautiful_female","edu_max_female",TRUE,250,250,250,0,0,TRUE,TRUE,-0.04295833810964,-0.104709771234483,0.00381256512491792,366,440,"Supplied-draw percentiles among identified coefficients; partial if batch incomplete"
"original","verified_interview_subset","beta_edu_female_long_vb","vbeautiful_female","edu_max_female",TRUE,250,250,250,0,0,TRUE,TRUE,-0.04231423996122,-0.105523783035839,0.00244100790272182,369,437,"Supplied-draw percentiles among identified coefficients; partial if batch incomplete"
"feature_corrected","full_market","beta_edu_female_long2","edu_max_female","highercaste_female",TRUE,250,250,248,2,0,TRUE,FALSE,0.255922313844915,-1.13244052395128,1.37066708334278,6574,7478,"Supplied-draw percentiles among identified coefficients; partial if batch incomplete"
"original","full_market","beta_edu_female_long2","edu_max_female","highercaste_female",TRUE,250,250,247,3,0,TRUE,FALSE,0.201316218812182,-0.982204552479615,1.2971376937157,6510,7545,"Supplied-draw percentiles among identified coefficients; partial if batch incomplete"
"feature_corrected","verified_interview_subset","beta_edu_female_long2","edu_max_female","highercaste_female",TRUE,250,250,182,68,0,TRUE,FALSE,0.455079495738631,-1.40730747757182,1.86659497634826,449,520,"Supplied-draw percentiles among identified coefficients; partial if batch incomplete"
"original","verified_interview_subset","beta_edu_female_long2","edu_max_female","highercaste_female",TRUE,250,250,186,64,0,TRUE,FALSE,0.261395827567384,-1.8041809102061,1.76644037397007,456,524,"Supplied-draw percentiles among identified coefficients; partial if batch incomplete"
"feature_corrected","full_market","beta_edu_male_long","edu_max_male","samecaste",TRUE,250,250,250,0,0,TRUE,TRUE,0.295381462204412,-0.182307192112353,0.78881427098209,5909,6092,"Supplied-draw percentiles among identified coefficients; partial if batch incomplete"
"original","full_market","beta_edu_male_long","edu_max_male","samecaste",TRUE,250,250,250,0,0,TRUE,TRUE,0.215207938790768,-0.276958754016802,0.673753574175061,5937,6087,"Supplied-draw percentiles among identified coefficients; partial if batch incomplete"
"feature_corrected","verified_interview_subset","beta_edu_male_long","edu_max_male","samecaste",TRUE,250,250,213,37,0,TRUE,FALSE,-0.00372233278666463,-1.11312636967708,1.47678654161297,392,448,"Supplied-draw percentiles among identified coefficients; partial if batch incomplete"
"original","verified_interview_subset","beta_edu_male_long","edu_max_male","samecaste",TRUE,250,250,221,29,0,TRUE,FALSE,-0.137081880241438,-1.81642239425499,1.31101011158687,391,442,"Supplied-draw percentiles among identified coefficients; partial if batch incomplete"
"feature_corrected","full_market","beta_edu_male_long_ag","diff_age","edu_max_male",TRUE,250,250,250,0,0,TRUE,TRUE,-0.164858269501212,-0.335026363187923,-0.00368413973764389,6055,6173,"Supplied-draw percentiles among identified coefficients; partial if batch incomplete"
"original","full_market","beta_edu_male_long_ag","diff_age","edu_max_male",TRUE,250,250,250,0,0,TRUE,TRUE,-0.15045149168872,-0.308517473612758,0.0134228213452818,6049,6172,"Supplied-draw percentiles among identified coefficients; partial if batch incomplete"
"feature_corrected","verified_interview_subset","beta_edu_male_long_ag","diff_age","edu_max_male",TRUE,250,250,250,0,0,TRUE,TRUE,-0.144633942173742,-0.395826073721,0.113144595597453,392,444,"Supplied-draw percentiles among identified coefficients; partial if batch incomplete"
"original","verified_interview_subset","beta_edu_male_long_ag","diff_age","edu_max_male",TRUE,250,250,250,0,0,TRUE,TRUE,-0.156408222437403,-0.383776401652084,0.0400177013011967,387,439,"Supplied-draw percentiles among identified coefficients; partial if batch incomplete"
"feature_corrected","full_market","beta_edu_male_long_hg","diff_height","edu_max_male",TRUE,250,250,250,0,0,TRUE,TRUE,0.000472441831181591,-0.00108857350429617,0.00223229870351269,5375,5673,"Supplied-draw percentiles among identified coefficients; partial if batch incomplete"
"original","full_market","beta_edu_male_long_hg","diff_height","edu_max_male",TRUE,250,250,250,0,0,TRUE,TRUE,0.000469871770435635,-0.00115923566473228,0.00225599089804195,5390,5671,"Supplied-draw percentiles among identified coefficients; partial if batch incomplete"
"feature_corrected","verified_interview_subset","beta_edu_male_long_hg","diff_height","edu_max_male",TRUE,250,250,250,0,0,TRUE,TRUE,0.000182303446699617,-0.00309766394588307,0.00344664409388039,347,402,"Supplied-draw percentiles among identified coefficients; partial if batch incomplete"
"original","verified_interview_subset","beta_edu_male_long_hg","diff_height","edu_max_male",TRUE,250,250,250,0,0,TRUE,TRUE,0.000172312937299613,-0.0031320925381777,0.00378595634475358,350,400,"Supplied-draw percentiles among identified coefficients; partial if batch incomplete"
"feature_corrected","full_market","beta_edu_male_long_inc","logincome_male","edu_max_male",TRUE,250,250,250,0,0,TRUE,TRUE,-2656.2008981161,-6477.20417893553,777.378433002258,1408,1408,"Supplied-draw percentiles among identified coefficients; partial if batch incomplete"
"original","full_market","beta_edu_male_long_inc","logincome_male","edu_max_male",TRUE,250,250,250,0,0,TRUE,TRUE,-353.956312093259,-4060.46126403932,2803.35242311068,1408,1408,"Supplied-draw percentiles among identified coefficients; partial if batch incomplete"
"feature_corrected","verified_interview_subset","beta_edu_male_long_inc","logincome_male","edu_max_male",TRUE,250,250,250,0,0,TRUE,TRUE,-2011.08758127364,-11297.801075822,4081.89611745958,91,127,"Supplied-draw percentiles among identified coefficients; partial if batch incomplete"
"original","verified_interview_subset","beta_edu_male_long_inc","logincome_male","edu_max_male",TRUE,250,250,250,0,0,TRUE,TRUE,-482.635965699688,-6884.5029254694,4824.51162761257,92,127,"Supplied-draw percentiles among identified coefficients; partial if batch incomplete"
"feature_corrected","full_market","beta_edu_male_long_wag","logwage_male","edu_max_male",TRUE,250,250,250,0,0,TRUE,TRUE,0.130602490889023,0.06152583133934,0.198451044355046,4687,4687,"Supplied-draw percentiles among identified coefficients; partial if batch incomplete"
"original","full_market","beta_edu_male_long_wag","logwage_male","edu_max_male",TRUE,250,250,250,0,0,TRUE,TRUE,0.169759823364799,0.105073724853166,0.218931856023059,4687,4687,"Supplied-draw percentiles among identified coefficients; partial if batch incomplete"
"feature_corrected","verified_interview_subset","beta_edu_male_long_wag","logwage_male","edu_max_male",TRUE,250,250,250,0,0,TRUE,TRUE,0.104437729283382,0.0109306366918581,0.205360498255742,293,343,"Supplied-draw percentiles among identified coefficients; partial if batch incomplete"
"original","verified_interview_subset","beta_edu_male_long_wag","logwage_male","edu_max_male",TRUE,250,250,250,0,0,TRUE,TRUE,0.152833622452106,0.079014572804787,0.221676876423392,297,344,"Supplied-draw percentiles among identified coefficients; partial if batch incomplete"
"feature_corrected","full_market","beta_edu_male_long2","edu_max_male","highercaste",TRUE,250,250,250,0,0,TRUE,TRUE,0.197269844998219,-0.378011680382914,0.841333182861395,5909,6092,"Supplied-draw percentiles among identified coefficients; partial if batch incomplete"
"original","full_market","beta_edu_male_long2","edu_max_male","highercaste",TRUE,250,250,250,0,0,TRUE,TRUE,0.229983262900416,-0.535327112498049,0.895122005665091,5937,6087,"Supplied-draw percentiles among identified coefficients; partial if batch incomplete"
"feature_corrected","verified_interview_subset","beta_edu_male_long2","edu_max_male","highercaste",TRUE,250,250,209,41,0,TRUE,FALSE,-0.00642139600424076,-1.46803982780743,1.52443346135321,392,448,"Supplied-draw percentiles among identified coefficients; partial if batch incomplete"
"original","verified_interview_subset","beta_edu_male_long2","edu_max_male","highercaste",TRUE,250,250,213,37,0,TRUE,FALSE,-0.0174524384169491,-2.06375731212146,1.61178951292145,391,442,"Supplied-draw percentiles among identified coefficients; partial if batch incomplete"
"feature_corrected","full_market","beta_hg_female_long","diff_height","samecaste",TRUE,250,250,250,0,0,TRUE,TRUE,-0.0051929995593152,-0.0149581733650926,0.00628715747843103,6533,6898,"Supplied-draw percentiles among identified coefficients; partial if batch incomplete"
"original","full_market","beta_hg_female_long","diff_height","samecaste",TRUE,250,250,250,0,0,TRUE,TRUE,-0.00424506687008785,-0.0138101117058138,0.00600749412617539,6534,6902,"Supplied-draw percentiles among identified coefficients; partial if batch incomplete"
"feature_corrected","verified_interview_subset","beta_hg_female_long","diff_height","samecaste",TRUE,250,250,247,3,0,TRUE,FALSE,-0.00651919644078953,-0.0204499668907343,0.00809822146528505,424,477,"Supplied-draw percentiles among identified coefficients; partial if batch incomplete"
"original","verified_interview_subset","beta_hg_female_long","diff_height","samecaste",TRUE,250,250,245,5,0,TRUE,FALSE,-0.00513343255451242,-0.0204370783172352,0.0139280065683917,423,476,"Supplied-draw percentiles among identified coefficients; partial if batch incomplete"
"feature_corrected","full_market","beta_hg_female_long2","diff_height","highercaste_female",TRUE,250,250,243,7,0,TRUE,FALSE,-0.010459060792121,-0.0604750559340534,0.0184253204622901,6533,6898,"Supplied-draw percentiles among identified coefficients; partial if batch incomplete"
"original","full_market","beta_hg_female_long2","diff_height","highercaste_female",TRUE,250,250,243,7,0,TRUE,FALSE,-0.00684785388120322,-0.0514946430386203,0.0169562632334058,6534,6902,"Supplied-draw percentiles among identified coefficients; partial if batch incomplete"
"feature_corrected","verified_interview_subset","beta_hg_female_long2","diff_height","highercaste_female",TRUE,250,250,171,79,0,TRUE,FALSE,-0.00452646978105347,-0.0414249000040314,0.0373739647636127,424,477,"Supplied-draw percentiles among identified coefficients; partial if batch incomplete"
"original","verified_interview_subset","beta_hg_female_long2","diff_height","highercaste_female",TRUE,250,250,169,81,0,TRUE,FALSE,-0.00211746704717068,-0.0523872242605112,0.0402833805682479,423,476,"Supplied-draw percentiles among identified coefficients; partial if batch incomplete"
"feature_corrected","full_market","beta_hg_male_long","diff_height","samecaste",TRUE,250,250,250,0,0,TRUE,TRUE,0.00478046940734903,-0.016637670111362,0.018061523305304,6533,6898,"Supplied-draw percentiles among identified coefficients; partial if batch incomplete"
"original","full_market","beta_hg_male_long","diff_height","samecaste",TRUE,250,250,250,0,0,TRUE,TRUE,0.00552472570812305,-0.0165910917551433,0.0194740392702362,6534,6902,"Supplied-draw percentiles among identified coefficients; partial if batch incomplete"
"feature_corrected","verified_interview_subset","beta_hg_male_long","diff_height","samecaste",TRUE,250,250,211,39,0,TRUE,FALSE,0.0113093997816738,-0.0355646729403768,0.0553644736628466,424,477,"Supplied-draw percentiles among identified coefficients; partial if batch incomplete"
"original","verified_interview_subset","beta_hg_male_long","diff_height","samecaste",TRUE,250,250,221,29,0,TRUE,FALSE,0.0078719500679737,-0.0519776986223691,0.0596042673784805,423,476,"Supplied-draw percentiles among identified coefficients; partial if batch incomplete"
"feature_corrected","full_market","beta_hg_male_long2","diff_height","highercaste",TRUE,250,250,250,0,0,TRUE,TRUE,0.00598495084114936,-0.0163359962950955,0.0242072927240878,6533,6898,"Supplied-draw percentiles among identified coefficients; partial if batch incomplete"
"original","full_market","beta_hg_male_long2","diff_height","highercaste",TRUE,250,250,250,0,0,TRUE,TRUE,0.00680400340767344,-0.0150702500495042,0.0243673068037201,6534,6902,"Supplied-draw percentiles among identified coefficients; partial if batch incomplete"
"feature_corrected","verified_interview_subset","beta_hg_male_long2","diff_height","highercaste",TRUE,250,250,206,44,0,TRUE,FALSE,0.0128869656163759,-0.034613987292883,0.0714973299623251,424,477,"Supplied-draw percentiles among identified coefficients; partial if batch incomplete"
"original","verified_interview_subset","beta_hg_male_long2","diff_height","highercaste",TRUE,250,250,206,44,0,TRUE,FALSE,0.0104744594041023,-0.0515898242164004,0.066219500377874,423,476,"Supplied-draw percentiles among identified coefficients; partial if batch incomplete"
"feature_corrected","full_market","beta_inc_female_long","logincome_female","samecaste",FALSE,250,250,249,1,0,TRUE,FALSE,36339.9209600724,-48418.1538803126,132479.798966539,83,136,"Supplied-draw percentiles among identified coefficients; partial if batch incomplete"
"original","full_market","beta_inc_female_long","logincome_female","samecaste",FALSE,250,250,249,1,0,TRUE,FALSE,26701.8140535948,-47278.1122183168,100006.317053314,82,137,"Supplied-draw percentiles among identified coefficients; partial if batch incomplete"
"feature_corrected","verified_interview_subset","beta_inc_female_long","logincome_female","samecaste",FALSE,250,250,0,250,0,TRUE,FALSE,NA,NA,NA,5,18,"Supplied-draw percentiles among identified coefficients; partial if batch incomplete"
"original","verified_interview_subset","beta_inc_female_long","logincome_female","samecaste",FALSE,250,250,0,250,0,TRUE,FALSE,NA,NA,NA,5,18,"Supplied-draw percentiles among identified coefficients; partial if batch incomplete"
"feature_corrected","full_market","beta_inc_female_long2","logincome_female","highercaste_female",FALSE,250,250,127,123,0,TRUE,FALSE,34375.1457268136,-83303.0248078541,184250.851717987,83,136,"Supplied-draw percentiles among identified coefficients; partial if batch incomplete"
"original","full_market","beta_inc_female_long2","logincome_female","highercaste_female",FALSE,250,250,158,92,0,TRUE,FALSE,30640.5534438001,-79319.5707666067,222649.738509273,82,137,"Supplied-draw percentiles among identified coefficients; partial if batch incomplete"
"feature_corrected","verified_interview_subset","beta_inc_female_long2","logincome_female","highercaste_female",FALSE,250,250,0,250,0,TRUE,FALSE,NA,NA,NA,5,18,"Supplied-draw percentiles among identified coefficients; partial if batch incomplete"
"original","verified_interview_subset","beta_inc_female_long2","logincome_female","highercaste_female",FALSE,250,250,0,250,0,TRUE,FALSE,NA,NA,NA,5,18,"Supplied-draw percentiles among identified coefficients; partial if batch incomplete"
"feature_corrected","full_market","beta_inc_male_long","logincome_male","samecaste",TRUE,250,250,246,4,0,TRUE,FALSE,-1155.21388784307,-36106.4185771868,15470.8027517812,1640,1692,"Supplied-draw percentiles among identified coefficients; partial if batch incomplete"
"original","full_market","beta_inc_male_long","logincome_male","samecaste",TRUE,250,250,250,0,0,TRUE,TRUE,-1611.01839853847,-44118.7991595622,15826.7942794844,1648,1692,"Supplied-draw percentiles among identified coefficients; partial if batch incomplete"
"feature_corrected","verified_interview_subset","beta_inc_male_long","logincome_male","samecaste",TRUE,250,250,135,115,0,TRUE,FALSE,3759.22412229991,-31717.838303165,42760.6098788993,111,152,"Supplied-draw percentiles among identified coefficients; partial if batch incomplete"
"original","verified_interview_subset","beta_inc_male_long","logincome_male","samecaste",TRUE,250,250,143,107,0,TRUE,FALSE,2620.55534526185,-32539.6853709562,31273.0823828137,114,153,"Supplied-draw percentiles among identified coefficients; partial if batch incomplete"
"feature_corrected","full_market","beta_inc_male_long2","logincome_male","highercaste",TRUE,250,250,246,4,0,TRUE,FALSE,2533.22391755061,-37767.7866876472,37982.3473480093,1640,1692,"Supplied-draw percentiles among identified coefficients; partial if batch incomplete"
"original","full_market","beta_inc_male_long2","logincome_male","highercaste",TRUE,250,250,250,0,0,TRUE,TRUE,5391.70713187073,-38806.2196984878,34115.6520622528,1648,1692,"Supplied-draw percentiles among identified coefficients; partial if batch incomplete"
"feature_corrected","verified_interview_subset","beta_inc_male_long2","logincome_male","highercaste",TRUE,250,250,125,125,0,TRUE,FALSE,-3670.80178715111,-45402.775906561,30443.124654012,111,152,"Supplied-draw percentiles among identified coefficients; partial if batch incomplete"
"original","verified_interview_subset","beta_inc_male_long2","logincome_male","highercaste",TRUE,250,250,126,124,0,TRUE,FALSE,-1474.7282307489,-52397.3911382048,35566.9722439127,114,153,"Supplied-draw percentiles among identified coefficients; partial if batch incomplete"
"feature_corrected","full_market","beta_skin_female_long","skinrank_female","samecaste",TRUE,250,250,250,0,0,TRUE,TRUE,-0.17015805077069,-0.449535168695548,0.12700552671535,4994,6154,"Supplied-draw percentiles among identified coefficients; partial if batch incomplete"
"original","full_market","beta_skin_female_long","skinrank_female","samecaste",TRUE,250,250,250,0,0,TRUE,TRUE,-0.215880156942899,-0.475509163872463,0.12649505637252,4970,6148,"Supplied-draw percentiles among identified coefficients; partial if batch incomplete"
"feature_corrected","verified_interview_subset","beta_skin_female_long","skinrank_female","samecaste",TRUE,250,250,247,3,0,TRUE,FALSE,-0.143337397362379,-0.5400786684155,0.306105781242747,337,444,"Supplied-draw percentiles among identified coefficients; partial if batch incomplete"
"original","verified_interview_subset","beta_skin_female_long","skinrank_female","samecaste",TRUE,250,250,248,2,0,TRUE,FALSE,-0.194088785754191,-0.670503910035336,0.368667041619624,344,437,"Supplied-draw percentiles among identified coefficients; partial if batch incomplete"
"feature_corrected","full_market","beta_skin_female_long2","skinrank_female","highercaste_female",TRUE,250,250,248,2,0,TRUE,FALSE,-0.137480695002147,-0.850579046051327,0.474582643756231,4994,6154,"Supplied-draw percentiles among identified coefficients; partial if batch incomplete"
"original","full_market","beta_skin_female_long2","skinrank_female","highercaste_female",TRUE,250,250,247,3,0,TRUE,FALSE,-0.132118038464068,-0.744049743741071,0.533912304272303,4970,6148,"Supplied-draw percentiles among identified coefficients; partial if batch incomplete"
"feature_corrected","verified_interview_subset","beta_skin_female_long2","skinrank_female","highercaste_female",TRUE,250,250,176,74,0,TRUE,FALSE,-0.14675333683864,-1.26458560787839,1.15281054449075,337,444,"Supplied-draw percentiles among identified coefficients; partial if batch incomplete"
"original","verified_interview_subset","beta_skin_female_long2","skinrank_female","highercaste_female",TRUE,250,250,179,71,0,TRUE,FALSE,-0.0999738258314849,-1.15435365564144,1.33498917881894,344,437,"Supplied-draw percentiles among identified coefficients; partial if batch incomplete"
"feature_corrected","full_market","beta_vb_female_long","vbeautiful_female","samecaste",TRUE,250,250,250,0,0,TRUE,TRUE,0.0270815315779119,-0.0718930979781025,0.120083236121884,5691,6285,"Supplied-draw percentiles among identified coefficients; partial if batch incomplete"
"original","full_market","beta_vb_female_long","vbeautiful_female","samecaste",TRUE,250,250,250,0,0,TRUE,TRUE,0.0330559353123816,-0.0611993729616479,0.121741896551797,5703,6283,"Supplied-draw percentiles among identified coefficients; partial if batch incomplete"
"feature_corrected","verified_interview_subset","beta_vb_female_long","vbeautiful_female","samecaste",TRUE,250,250,245,5,0,TRUE,FALSE,-0.0234833848481329,-0.293544636514401,0.129430250950944,388,455,"Supplied-draw percentiles among identified coefficients; partial if batch incomplete"
"original","verified_interview_subset","beta_vb_female_long","vbeautiful_female","samecaste",TRUE,250,250,243,7,0,TRUE,FALSE,-0.015340657500032,-0.316960200386584,0.139436021607051,386,452,"Supplied-draw percentiles among identified coefficients; partial if batch incomplete"
"feature_corrected","full_market","beta_vb_female_long2","vbeautiful_female","highercaste_female",TRUE,250,250,248,2,0,TRUE,FALSE,0.0198753751543997,-0.132334406284612,0.179466142745043,5691,6285,"Supplied-draw percentiles among identified coefficients; partial if batch incomplete"
"original","full_market","beta_vb_female_long2","vbeautiful_female","highercaste_female",TRUE,250,250,245,5,0,TRUE,FALSE,0.030215503536471,-0.110159417296228,0.315878860036267,5703,6283,"Supplied-draw percentiles among identified coefficients; partial if batch incomplete"
"feature_corrected","verified_interview_subset","beta_vb_female_long2","vbeautiful_female","highercaste_female",TRUE,250,250,172,78,0,TRUE,FALSE,0.0466096159737878,-0.31955830380767,0.799442968378137,388,455,"Supplied-draw percentiles among identified coefficients; partial if batch incomplete"
"original","verified_interview_subset","beta_vb_female_long2","vbeautiful_female","highercaste_female",TRUE,250,250,169,81,0,TRUE,FALSE,0.0889501744190402,-0.480190521346761,0.955481221266731,386,452,"Supplied-draw percentiles among identified coefficients; partial if batch incomplete"
"feature_corrected","full_market","beta_wag_male_long","logwage_male","samecaste",TRUE,250,250,250,0,0,TRUE,TRUE,0.0761440868568683,-0.197274699285432,0.411340460670767,5683,5865,"Supplied-draw percentiles among identified coefficients; partial if batch incomplete"
"original","full_market","beta_wag_male_long","logwage_male","samecaste",TRUE,250,250,250,0,0,TRUE,TRUE,0.015806748199414,-0.279050110248176,0.302097998790529,5714,5861,"Supplied-draw percentiles among identified coefficients; partial if batch incomplete"
"feature_corrected","verified_interview_subset","beta_wag_male_long","logwage_male","samecaste",TRUE,250,250,227,23,0,TRUE,FALSE,0.0721662333874557,-0.786121520843138,0.885709950131333,362,423,"Supplied-draw percentiles among identified coefficients; partial if batch incomplete"
"original","verified_interview_subset","beta_wag_male_long","logwage_male","samecaste",TRUE,250,250,233,17,0,TRUE,FALSE,-0.0203474447102214,-0.733961092727295,0.789446233708854,366,410,"Supplied-draw percentiles among identified coefficients; partial if batch incomplete"
"feature_corrected","full_market","beta_wag_male_long2","logwage_male","highercaste",TRUE,250,250,250,0,0,TRUE,TRUE,0.0142628064119271,-0.42183158185372,0.403838737894271,5683,5865,"Supplied-draw percentiles among identified coefficients; partial if batch incomplete"
"original","full_market","beta_wag_male_long2","logwage_male","highercaste",TRUE,250,250,250,0,0,TRUE,TRUE,0.0302134255685317,-0.4722378337444,0.500943784088111,5714,5861,"Supplied-draw percentiles among identified coefficients; partial if batch incomplete"
"feature_corrected","verified_interview_subset","beta_wag_male_long2","logwage_male","highercaste",TRUE,250,250,222,28,0,TRUE,FALSE,0.0114518633279779,-1.05923093095695,0.873137799578671,362,423,"Supplied-draw percentiles among identified coefficients; partial if batch incomplete"
"original","verified_interview_subset","beta_wag_male_long2","logwage_male","highercaste",TRUE,250,250,224,26,0,TRUE,FALSE,-0.0136520331457093,-1.35253670765884,0.857037072744127,366,410,"Supplied-draw percentiles among identified coefficients; partial if batch incomplete"
"feature_corrected","full_market","beta_wage_female_long","logwage_female","samecaste",TRUE,250,250,250,0,0,TRUE,TRUE,0.060321653535254,-0.0727895112648125,0.156346508259639,1163,1529,"Supplied-draw percentiles among identified coefficients; partial if batch incomplete"
"original","full_market","beta_wage_female_long","logwage_female","samecaste",TRUE,250,250,250,0,0,TRUE,TRUE,0.0709202442207275,-0.0504131338977188,0.15621195128828,1167,1531,"Supplied-draw percentiles among identified coefficients; partial if batch incomplete"
"feature_corrected","verified_interview_subset","beta_wage_female_long","logwage_female","samecaste",TRUE,250,250,242,8,0,TRUE,FALSE,0.0986190973583625,-0.32003251761373,0.502992544481078,76,117,"Supplied-draw percentiles among identified coefficients; partial if batch incomplete"
"original","verified_interview_subset","beta_wage_female_long","logwage_female","samecaste",TRUE,250,250,245,5,0,TRUE,FALSE,0.116021391925026,-0.306409204560373,0.460324042069161,78,125,"Supplied-draw percentiles among identified coefficients; partial if batch incomplete"
"feature_corrected","full_market","beta_wage_female_long2","logwage_female","highercaste_female",TRUE,250,250,235,15,0,TRUE,FALSE,0.00457713289691051,-0.381133706523847,0.334329802908072,1163,1529,"Supplied-draw percentiles among identified coefficients; partial if batch incomplete"
"original","full_market","beta_wage_female_long2","logwage_female","highercaste_female",TRUE,250,250,234,16,0,TRUE,FALSE,-0.0435324527384033,-0.550428158902629,0.339676848146316,1167,1531,"Supplied-draw percentiles among identified coefficients; partial if batch incomplete"
"feature_corrected","verified_interview_subset","beta_wage_female_long2","logwage_female","highercaste_female",TRUE,250,250,102,148,0,TRUE,FALSE,0.0110440366207434,-0.787894542739971,1.04864764617751,76,117,"Supplied-draw percentiles among identified coefficients; partial if batch incomplete"
"original","verified_interview_subset","beta_wage_female_long2","logwage_female","highercaste_female",TRUE,250,250,74,176,0,TRUE,FALSE,-0.0962030828671066,-1.18208932694239,1.11232299791305,78,125,"Supplied-draw percentiles among identified coefficients; partial if batch incomplete"
