"comparison","population","definition","scenario","statistic","requested_pairs","valid_pairs","mean","median","p025","p975","negative_share","positive_share","zero_share"
"scenario_levels","full_market","broad_caste","feature_corrected","share",250,250,0.89926942356437,0.912843739312779,0.731767775603392,0.988173287054891,0,1,0
"scenario_levels","full_market","broad_caste","original","share",250,250,0.922946414201218,0.938437297715617,0.797327105229012,0.993312757201646,0,1,0
"scenario_levels","full_market","reported_caste","feature_corrected","share",250,250,0.896210837821048,0.909799383627154,0.72641878669276,0.985600411416817,0,1,0
"scenario_levels","full_market","reported_caste","original","share",250,250,0.919500771325004,0.934847483680502,0.791358505254964,0.99048353909465,0,1,0
"scenario_levels","verified_interview_men","broad_caste","feature_corrected","share",250,250,0.88238108307604,0.895678323412698,0.708,0.98828125,0,1,0
"scenario_levels","verified_interview_men","broad_caste","original","share",250,250,0.909500849842945,0.933070866141732,0.749019607843137,0.996031746031746,0,1,0
"scenario_levels","verified_interview_men","reported_caste","feature_corrected","share",250,250,0.879542332895677,0.891098039215686,0.701960784313725,0.988,0,1,0
"scenario_levels","verified_interview_men","reported_caste","original","share",250,250,0.905775669279451,0.928710355428679,0.74703557312253,0.992094861660079,0,1,0
"scenario_levels","verified_interview_subset","broad_caste","feature_corrected","share",250,250,0.901224955286661,0.911486503261135,0.742454728370221,0.992467043314501,0,1,0
"scenario_levels","verified_interview_subset","broad_caste","original","share",250,250,0.92751376266757,0.944964403135837,0.808678500986193,0.996289424860853,0,1,0
"scenario_levels","verified_interview_subset","reported_caste","feature_corrected","share",250,250,0.898767136929835,0.90840556447298,0.740594059405941,0.990384615384615,0,1,0
"scenario_levels","verified_interview_subset","reported_caste","original","share",250,250,0.923854705037395,0.93879740527811,0.804222648752399,0.994230769230769,0,1,0
"scenario_difference","full_market","broad_caste","corrected_minus_original","change",250,250,-0.0236769906368477,-0.0158678476839326,-0.0864267286245062,0.00802608456441645,0.848,0.152,0
"scenario_difference","full_market","reported_caste","corrected_minus_original","change",250,250,-0.0232899335039556,-0.0154841606796126,-0.0851326346064342,0.00771686405576699,0.836,0.164,0
"scenario_difference","verified_interview_men","broad_caste","corrected_minus_original","change",250,250,-0.0271197667669051,-0.01953125,-0.116422947131609,0.0209408664651631,0.804,0.18,0.016
"scenario_difference","verified_interview_men","reported_caste","corrected_minus_original","change",250,250,-0.0262333363837741,-0.0193374057874138,-0.112630564036638,0.0209317269076305,0.78,0.2,0.02
"scenario_difference","verified_interview_subset","broad_caste","corrected_minus_original","change",250,250,-0.0262888073809088,-0.0200137469497535,-0.110125217073394,0.0121384730196927,0.836,0.164,0
"scenario_difference","verified_interview_subset","reported_caste","corrected_minus_original","change",250,250,-0.0250875681075596,-0.0177694670090208,-0.101646824036623,0.0127306967984935,0.816,0.176,0.008
"common_sample_difference","common_matched_interview_women","broad_caste","corrected_minus_original","change",250,250,-0.0249288047883366,-0.0175458037825059,-0.115671641791045,0.0144927536231884,0.736,0.196,0.068
"common_sample_difference","common_matched_interview_women","reported_caste","corrected_minus_original","change",250,250,-0.0232119912293491,-0.0143371017471737,-0.107569721115538,0.0143884892086331,0.704,0.212,0.084
"common_sample_difference","common_matched_women","broad_caste","corrected_minus_original","change",250,250,-0.0230592457246993,-0.014769970438873,-0.0829615170105971,0.00832550020142377,0.844,0.156,0
"common_sample_difference","common_matched_women","reported_caste","corrected_minus_original","change",250,250,-0.0221373232725987,-0.0136808579551588,-0.081706636921361,0.00838993208150219,0.832,0.16,0.008
"common_sample_difference","full_market","broad_caste","corrected_minus_original","change",250,250,-0.0233620746628086,-0.0166598907017499,-0.0827722772277231,0.00819672131147547,0.844,0.148,0.008
"common_sample_difference","full_market","reported_caste","corrected_minus_original","change",250,250,-0.0230208085083312,-0.0163631494398402,-0.0821122112211218,0.00832899531493996,0.836,0.156,0.008
"common_sample_difference","male_caste_rank_1","broad_caste","corrected_minus_original","change",250,250,-0.0732013937076265,-0.0540172830286664,-0.282102131879028,0.0268423621278672,0.816,0.152,0.032
"common_sample_difference","male_caste_rank_1","reported_caste","corrected_minus_original","change",250,250,-0.0732013937076265,-0.0540172830286664,-0.282102131879028,0.0268423621278672,0.816,0.152,0.032
"common_sample_difference","male_caste_rank_2","broad_caste","corrected_minus_original","change",250,250,-0.0626383696528078,-0.0511188299292389,-0.21455938697318,0.0377358490566038,0.848,0.108,0.044
"common_sample_difference","male_caste_rank_2","reported_caste","corrected_minus_original","change",250,250,-0.0626383696528078,-0.0511188299292389,-0.21455938697318,0.0377358490566038,0.848,0.108,0.044
"common_sample_difference","male_caste_rank_3","broad_caste","corrected_minus_original","change",250,250,-0.0243299401551687,-0.015748031496063,-0.126050420168067,0.0409836065573771,0.648,0.168,0.184
"common_sample_difference","male_caste_rank_3","reported_caste","corrected_minus_original","change",250,250,-0.0243912839448221,-0.015748031496063,-0.126050420168067,0.0409836065573771,0.648,0.172,0.18
"common_sample_difference","male_caste_rank_4","broad_caste","corrected_minus_original","change",250,250,0.00112554246868926,0,-0.00659340659340661,0.0158380994280686,0.352,0.444,0.204
"common_sample_difference","male_caste_rank_4","reported_caste","corrected_minus_original","change",250,250,0.00112728673287675,0,-0.00659340659340661,0.0154049295774647,0.36,0.448,0.192
"common_sample_difference","male_caste_rank_5","broad_caste","corrected_minus_original","change",250,250,0.00307845010040186,0.00128865979381437,-0.0201560468140442,0.0259235255994815,0.368,0.588,0.044
"common_sample_difference","male_caste_rank_5","reported_caste","corrected_minus_original","change",250,250,0.00475601748206124,0.00259571815992053,-0.0123939986953686,0.0304601425793908,0.268,0.688,0.044
"common_sample_difference","male_caste_rank_6","broad_caste","corrected_minus_original","change",250,250,-0.00929648841548831,-0.00198412698412699,-0.065195586760281,0.00694444444444444,0.612,0.208,0.18
"common_sample_difference","male_caste_rank_6","reported_caste","corrected_minus_original","change",250,250,-0.00972798261022896,-0.00200100100100102,-0.0551654964894682,0.00607287449392712,0.644,0.228,0.128
"common_sample_difference","male_caste_rank_7","broad_caste","corrected_minus_original","change",250,250,0.0258133221520641,0.012196935891715,-0.116883116883117,0.195876288659794,0.308,0.58,0.112
"common_sample_difference","male_caste_rank_7","reported_caste","corrected_minus_original","change",250,250,0.0266612954944051,0.012987012987013,-0.116883116883117,0.186666666666667,0.304,0.592,0.104
"common_sample_difference","male_caste_rank_8","broad_caste","corrected_minus_original","change",250,250,-0.0321445332350408,0,-0.326704545454545,0.0470914127423823,0.448,0.132,0.42
"common_sample_difference","male_caste_rank_8","reported_caste","corrected_minus_original","change",250,250,-0.0309646402548442,0,-0.325657894736842,0.0453257790368272,0.464,0.316,0.22
"common_sample_difference","men_in_both_interview_samples","broad_caste","corrected_minus_original","change",250,250,-0.0235814288665492,-0.015625,-0.102836879432624,0.0132013201320132,0.772,0.168,0.06
"common_sample_difference","men_in_both_interview_samples","reported_caste","corrected_minus_original","change",250,250,-0.0228176630056109,-0.0137198557583953,-0.105263157894737,0.015151515151515,0.772,0.172,0.056
"common_sample_difference","verified_interview_men","broad_caste","corrected_minus_original","change",250,250,-0.0270587031781414,-0.0196850393700788,-0.118367346938775,0.0161943319838057,0.768,0.16,0.072
"common_sample_difference","verified_interview_men","reported_caste","corrected_minus_original","change",250,250,-0.0261805535560565,-0.0196078431372549,-0.114754098360656,0.0202429149797571,0.76,0.16,0.08
