"model","scheme","feature_column","term","estimate","n"
"T3_1","unweighted",1,"caste_no3",0.12587707132989,5628
"T3_1","unweighted",2,"caste_no4",0.0924551550638573,5628
"T3_1","unweighted",3,"caste_no5",-0.00352891369332709,5628
"T3_1","unweighted",4,"caste_no6",-0.00376373066469243,5628
"T3_1","unweighted",5,"caste_no7",0.00859936681298899,5628
"T3_1","unweighted",6,"caste_no8",0.04515842964614,5628
"T3_1","unweighted",7,"caste_no9",-0.0832563756095885,5628
"T3_1","unweighted",8,"samecaste",0.158902114728389,5628
"T3_1","unweighted",9,"diff_above",-0.0124218938593927,5628
"T3_1","unweighted",10,"diff_below",0.0151926155735475,5628
"T3_1","unweighted",11,"nocaste_male",0.137721085849125,5628
"T3_1","unweighted",12,"samenocaste",-0.462152074228448,5628
"T3_1","unweighted",13,"casteimportantmatch",0.104642749203905,5628
"T3_1","unweighted",14,"casteimportantdiff",-0.0271959563847912,5628
"T3_1","unweighted",15,"casteimportantno",0.167702749991111,5628
"T3_1","unweighted",16,"castenotimpmatch",-0.078744459012544,5628
"T3_1","unweighted",17,"castenotimpdiff",-0.00585586815237462,5628
"T3_1","unweighted",18,"castenotimpno",-0.104597467816328,5628
"T3_1","unweighted",19,"age_noage",-0.0187080413037647,5628
"T3_1","unweighted",20,"noage_age",-0.0105447796881506,5628
"T3_1","unweighted",21,"diffage",-0.00238976191333701,5628
"T3_1","unweighted",22,"diffagesq",-0.000854726298227506,5628
"T3_1","unweighted",23,"noage_male",0.387032117288858,5628
"T3_1","unweighted",24,"samenoage",-0.674920552225397,5628
"T3_1","unweighted",25,"height_noheight",-0.118396072313616,5628
"T3_1","unweighted",26,"noheight_height",-0.774245647150446,5628
"T3_1","unweighted",27,"diffheight",1.40416513756788,5628
"T3_1","unweighted",28,"diffheightsq",-3.7040480613478,5628
"T3_1","unweighted",29,"noheight_male",0.278829564902539,5628
"T3_1","unweighted",30,"samenoheight",-1.78774605003692,5628
"T3_1","unweighted",31,"edu_male3",0.0444061968639223,5628
"T3_1","unweighted",32,"edu_male4",0.0791123798763062,5628
"T3_1","unweighted",33,"edu_male5",0.0583341693509911,5628
"T3_1","unweighted",34,"edu_male6",0.18936916953681,5628
"T3_1","unweighted",35,"edu_male7",0.232418312432397,5628
"T3_1","unweighted",36,"sameedu_max",0.0448612441611268,5628
"T3_1","unweighted",37,"moreedu",0.0756440099531844,5628
"T3_1","unweighted",38,"otheredu_dum_male",0.182960179399889,5628
"T3_1","unweighted",39,"science_male",0.111159596785614,5628
"T3_1","unweighted",40,"comm_male",0.0551441356187139,5628
"T3_1","unweighted",41,"otherfield_male",0.0367211926925752,5628
"T3_1","unweighted",42,"noedu_male",0.174409132366064,5628
"T3_1","unweighted",43,"samenoedu",-0.0705381875122288,5628
"T3_1","unweighted",44,"nofield_male",0.024329600946689,5628
"T3_1","unweighted",45,"logincome_male",0.108526914955426,5628
"T3_1","unweighted",46,"noincome_male",1.02711698556591,5628
"T3_1","unweighted",47,"calcutta_male",0.0806904306518333,5628
"T3_1","unweighted",48,"sameresstatus",0.0505001834352742,5628
"T3_1","unweighted",49,"nores_male",0.0452910683847534,5628
"T3_1","unweighted",50,"samenores",-0.0345015796116143,5628
"T3_1","unweighted",51,"family_origin_male",0.0070697715409984,5628
"T3_1","unweighted",52,"samefamily_origin",0.0507150056433875,5628
"T3_1","unweighted",53,"nofamily_origin_male",-0.0221948349877679,5628
"T3_1","unweighted",54,"samenofamily_origin",0.0467883738268972,5628
"T3_1","unweighted",55,"logwage_male",0.108247473128069,5628
"T3_1","unweighted",56,"nowage_male",0.544565549850766,5628
"T3_1","unweighted",57,"common_intercept",0,5628
"T3_1","weighted",1,"caste_no3",0.124661951111923,5628
"T3_1","weighted",2,"caste_no4",0.0564833667342919,5628
"T3_1","weighted",3,"caste_no5",-0.00363375507469685,5628
"T3_1","weighted",4,"caste_no6",-0.00776336405121782,5628
"T3_1","weighted",5,"caste_no7",0.00724428051081856,5628
"T3_1","weighted",6,"caste_no8",0.0440073454795516,5628
"T3_1","weighted",7,"caste_no9",-0.0760888501136042,5628
"T3_1","weighted",8,"samecaste",0.131679118322361,5628
"T3_1","weighted",9,"diff_above",-0.0118655251968407,5628
"T3_1","weighted",10,"diff_below",0.0144933344743256,5628
"T3_1","weighted",11,"nocaste_male",0.115941106245648,5628
"T3_1","weighted",12,"samenocaste",-0.233241899780397,5628
"T3_1","weighted",13,"casteimportantmatch",0.095381919750693,5628
"T3_1","weighted",14,"casteimportantdiff",-0.0162793113249007,5628
"T3_1","weighted",15,"casteimportantno",0.155907486992475,5628
"T3_1","weighted",16,"castenotimpmatch",-0.0559591154104218,5628
"T3_1","weighted",17,"castenotimpdiff",-0.00842853003560095,5628
"T3_1","weighted",18,"castenotimpno",-0.0901039535688638,5628
"T3_1","weighted",19,"age_noage",-0.019584252108561,5628
"T3_1","weighted",20,"noage_age",-0.0169455350624656,5628
"T3_1","weighted",21,"diffage",-0.00192906675259195,5628
"T3_1","weighted",22,"diffagesq",-0.000817725251444083,5628
"T3_1","weighted",23,"noage_male",0.424067397434686,5628
"T3_1","weighted",24,"samenoage",-0.970166741200234,5628
"T3_1","weighted",25,"height_noheight",-0.0416194906983032,5628
"T3_1","weighted",26,"noheight_height",-0.856674054673645,5628
"T3_1","weighted",27,"diffheight",1.2507964956211,5628
"T3_1","weighted",28,"diffheightsq",-3.46947091173499,5628
"T3_1","weighted",29,"noheight_male",0.137348831664376,5628
"T3_1","weighted",30,"samenoheight",-1.76998797549469,5628
"T3_1","weighted",31,"edu_male3",0.0732054472491922,5628
"T3_1","weighted",32,"edu_male4",0.121636643313808,5628
"T3_1","weighted",33,"edu_male5",0.101894633234677,5628
"T3_1","weighted",34,"edu_male6",0.224225334278742,5628
"T3_1","weighted",35,"edu_male7",0.258892451863729,5628
"T3_1","weighted",36,"sameedu_max",0.0411522301767801,5628
"T3_1","weighted",37,"moreedu",0.057105251710744,5628
"T3_1","weighted",38,"otheredu_dum_male",0.212594371778794,5628
"T3_1","weighted",39,"science_male",0.10017246018015,5628
"T3_1","weighted",40,"comm_male",0.0529251423494061,5628
"T3_1","weighted",41,"otherfield_male",0.0331993585556508,5628
"T3_1","weighted",42,"noedu_male",0.18747964798239,5628
"T3_1","weighted",43,"samenoedu",-0.0177178739028616,5628
"T3_1","weighted",44,"nofield_male",0.0309054998762436,5628
"T3_1","weighted",45,"logincome_male",0.0994733463805768,5628
"T3_1","weighted",46,"noincome_male",0.939865966074975,5628
"T3_1","weighted",47,"calcutta_male",0.0734355767033125,5628
"T3_1","weighted",48,"sameresstatus",0.0469096292814604,5628
"T3_1","weighted",49,"nores_male",0.0354698021155648,5628
"T3_1","weighted",50,"samenores",-0.0226832417167257,5628
"T3_1","weighted",51,"family_origin_male",-0.00602661794800581,5628
"T3_1","weighted",52,"samefamily_origin",0.0348036958703263,5628
"T3_1","weighted",53,"nofamily_origin_male",-0.0331389481660445,5628
"T3_1","weighted",54,"samenofamily_origin",0.0528815407728485,5628
"T3_1","weighted",55,"logwage_male",0.10457554507989,5628
"T3_1","weighted",56,"nowage_male",0.528083657759367,5628
"T3_1","weighted",57,"common_intercept",0,5628
"T4_1","unweighted",1,"caste_nof3",0.0461270271571998,3944
"T4_1","unweighted",2,"caste_nof4",0.100893946847172,3944
"T4_1","unweighted",3,"caste_nof5",0.0641154605223534,3944
"T4_1","unweighted",4,"caste_nof6",0.0768022514093278,3944
"T4_1","unweighted",5,"caste_nof7",0.160972718473303,3944
"T4_1","unweighted",6,"caste_nof8",-0.106386094863128,3944
"T4_1","unweighted",7,"caste_nof9",0.0366107711548563,3944
"T4_1","unweighted",8,"samecaste",0.198639495020329,3944
"T4_1","unweighted",9,"diff_above",-0.0263704117260566,3944
"T4_1","unweighted",10,"diff_below",-0.0567457250952362,3944
"T4_1","unweighted",11,"nocaste_female",0.177499728701757,3944
"T4_1","unweighted",12,"samenocaste",0.329077198030234,3944
"T4_1","unweighted",13,"casteimportantmatch",0.140615824374047,3944
"T4_1","unweighted",14,"casteimportantdiff",-0.0075754485050283,3944
"T4_1","unweighted",15,"casteimportantno",0.111303052821055,3944
"T4_1","unweighted",16,"castenotimpmatch",-0.0415280499409747,3944
"T4_1","unweighted",17,"castenotimpdiff",0.0163026067926818,3944
"T4_1","unweighted",18,"castenotimpno",-0.0202002947085647,3944
"T4_1","unweighted",19,"age_noage",0.0168008110809023,3944
"T4_1","unweighted",20,"noage_age",0.00810490626088728,3944
"T4_1","unweighted",21,"diffage",0.0540761133929032,3944
"T4_1","unweighted",22,"diffagesq",-0.00268993332920975,3944
"T4_1","unweighted",23,"noage_female",-0.0556197528959207,3944
"T4_1","unweighted",24,"samenoage",0.449435538879044,3944
"T4_1","unweighted",25,"height_noheight",0.511803444572568,3944
"T4_1","unweighted",26,"noheight_height",-0.700958273679762,3944
"T4_1","unweighted",27,"diffheight",0.962044929604712,3944
"T4_1","unweighted",28,"diffheightsq",-7.69614460186747,3944
"T4_1","unweighted",29,"noheight_female",1.22142419102331,3944
"T4_1","unweighted",30,"samenoheight",-0.318226892072346,3944
"T4_1","unweighted",31,"edu_female3",0.0879351290493478,3944
"T4_1","unweighted",32,"edu_female4",0.0511463579971507,3944
"T4_1","unweighted",33,"edu_female5",0.0358913396616261,3944
"T4_1","unweighted",34,"edu_female6",0.131435789028751,3944
"T4_1","unweighted",35,"edu_female7",0.291230601891065,3944
"T4_1","unweighted",36,"sameedu_max",0.00240949504086181,3944
"T4_1","unweighted",37,"moreedu",-0.036159807841602,3944
"T4_1","unweighted",38,"otheredu_dum_female",0.197920760881214,3944
"T4_1","unweighted",39,"science_female",0.0620853687315373,3944
"T4_1","unweighted",40,"comm_female",0.100628770281249,3944
"T4_1","unweighted",41,"otherfield_female",-0.0395073200136706,3944
"T4_1","unweighted",42,"samenoedu",-0.0585216029919158,3944
"T4_1","unweighted",43,"noedu_female",0.0925762375190825,3944
"T4_1","unweighted",44,"nofield_female",-0.150789424159078,3944
"T4_1","unweighted",45,"skinrank_female",-0.0570066368651483,3944
"T4_1","unweighted",46,"noskin_female",-0.0865564326613824,3944
"T4_1","unweighted",47,"calcutta_female",0.0757088264676991,3944
"T4_1","unweighted",48,"sameresstatus",-0.031375740906946,3944
"T4_1","unweighted",49,"nores_female",0.021583651514349,3944
"T4_1","unweighted",50,"samenores",-0.0262469765474248,3944
"T4_1","unweighted",51,"family_origin_female",0.0125219238372673,3944
"T4_1","unweighted",52,"samefamily_origin",0.123090558282149,3944
"T4_1","unweighted",53,"nofamily_origin_female",0.0840117737568121,3944
"T4_1","unweighted",54,"samenofamily_origin",-0.100225771671774,3944
"T4_1","unweighted",55,"beauty_female",0.0203194874015741,3944
"T4_1","unweighted",56,"vbeauty_female",0.0684401847893123,3944
"T4_1","unweighted",57,"nobeauty_female",0.015527930631313,3944
"T4_1","unweighted",58,"common_intercept",0,3944
"T4_1","weighted",1,"caste_nof3",0.0274870099085082,3944
"T4_1","weighted",2,"caste_nof4",0.089398640003641,3944
"T4_1","weighted",3,"caste_nof5",0.035166369078207,3944
"T4_1","weighted",4,"caste_nof6",0.0590184283867576,3944
"T4_1","weighted",5,"caste_nof7",0.123203623316251,3944
"T4_1","weighted",6,"caste_nof8",-0.115441263676143,3944
"T4_1","weighted",7,"caste_nof9",-0.0086992481431434,3944
"T4_1","weighted",8,"samecaste",0.170695788792623,3944
"T4_1","weighted",9,"diff_above",-0.017455131121741,3944
"T4_1","weighted",10,"diff_below",-0.0399315866177444,3944
"T4_1","weighted",11,"nocaste_female",0.153610330632792,3944
"T4_1","weighted",12,"samenocaste",0.360650551263452,3944
"T4_1","weighted",13,"casteimportantmatch",0.123440705444702,3944
"T4_1","weighted",14,"casteimportantdiff",0.00239872073770701,3944
"T4_1","weighted",15,"casteimportantno",0.0963841140802991,3944
"T4_1","weighted",16,"castenotimpmatch",-0.0564952951203307,3944
"T4_1","weighted",17,"castenotimpdiff",0.0121442306142095,3944
"T4_1","weighted",18,"castenotimpno",-0.0415980419219542,3944
"T4_1","weighted",19,"age_noage",0.0221680014785627,3944
"T4_1","weighted",20,"noage_age",0.00657776217878893,3944
"T4_1","weighted",21,"diffage",0.044284403057056,3944
"T4_1","weighted",22,"diffagesq",-0.00234590737226094,3944
"T4_1","weighted",23,"noage_female",-0.0337523728674023,3944
"T4_1","weighted",24,"samenoage",0.514132233478452,3944
"T4_1","weighted",25,"height_noheight",0.454332896560879,3944
"T4_1","weighted",26,"noheight_height",-0.752907255792864,3944
"T4_1","weighted",27,"diffheight",0.722800660514318,3944
"T4_1","weighted",28,"diffheightsq",-6.25321491444013,3944
"T4_1","weighted",29,"noheight_female",1.30037374478372,3944
"T4_1","weighted",30,"samenoheight",-0.495208139838319,3944
"T4_1","weighted",31,"edu_female3",0.104326212274085,3944
"T4_1","weighted",32,"edu_female4",0.0831971572397879,3944
"T4_1","weighted",33,"edu_female5",0.0966052340288638,3944
"T4_1","weighted",34,"edu_female6",0.167896199176598,3944
"T4_1","weighted",35,"edu_female7",0.262599296620013,3944
"T4_1","weighted",36,"sameedu_max",0.0173849263689689,3944
"T4_1","weighted",37,"moreedu",-0.00572488815175044,3944
"T4_1","weighted",38,"otheredu_dum_female",0.212534361406999,3944
"T4_1","weighted",39,"science_female",0.0456480108191304,3944
"T4_1","weighted",40,"comm_female",0.0781397637155992,3944
"T4_1","weighted",41,"otherfield_female",0.0153758649116324,3944
"T4_1","weighted",42,"samenoedu",-0.0926400644430546,3944
"T4_1","weighted",43,"noedu_female",0.160193936115451,3944
"T4_1","weighted",44,"nofield_female",-0.0985122655742105,3944
"T4_1","weighted",45,"skinrank_female",-0.0505880059148873,3944
"T4_1","weighted",46,"noskin_female",-0.0848778389609859,3944
"T4_1","weighted",47,"calcutta_female",0.0620204311448538,3944
"T4_1","weighted",48,"sameresstatus",-0.0437455711280304,3944
"T4_1","weighted",49,"nores_female",0.0180370460624586,3944
"T4_1","weighted",50,"samenores",-0.0378412036861,3944
"T4_1","weighted",51,"family_origin_female",0.0115233399312956,3944
"T4_1","weighted",52,"samefamily_origin",0.0926096978519673,3944
"T4_1","weighted",53,"nofamily_origin_female",0.0613682031448618,3944
"T4_1","weighted",54,"samenofamily_origin",-0.082833543253868,3944
"T4_1","weighted",55,"beauty_female",0.0070599274153143,3944
"T4_1","weighted",56,"vbeauty_female",0.0531605313826743,3944
"T4_1","weighted",57,"nobeauty_female",0.00377403109877186,3944
"T4_1","weighted",58,"common_intercept",0,3944
