"comparison","draw","population","eligible_n","income_pair_n","income_coverage","mean_income_with_caste","mean_income_without_caste","net_income_gain","gross_gain_per_woman","gross_loss_per_woman","median_income_gain","gain_share","loss_share","unchanged_share","median_absolute_change","p025_change","p975_change","largest_absolute_change","net_without_largest_absolute_change","women_matched_before","women_matched_after","women_matched_in_both","women_entering_marriage","women_leaving_marriage"
"supplied_original",1,"all_common_women",7147,405,0.0566671330628236,26172.7728780251,27752.8354289714,1580.06255094632,10098.7701802085,8518.70762926219,0,0.424691358024691,0.402469135802469,0.17283950617284,3999.99942005403,-51999.91039492,90999.6677944617,574997.067084577,3007.23366390553,8038,8038,7147,891,891
"supplied_original",1,"same_caste_before",6405,370,0.0577673692427791,19062.2905513657,23186.1364923373,4123.84594097164,9284.87864335263,5161.03270238098,0,0.437837837837838,0.381081081081081,0.181081081081081,3999.99942005403,-35000.0779808226,90999.6677944617,460831.696486668,2886.15528908629,8038,8038,7147,891,891
"supplied_original",1,"outside_caste_before",541,30,0.055452865064695,116164.184752954,86800.9275904382,-29363.2571625156,21453.2269275199,50816.4840900355,-3249.9994038141,0.233333333333333,0.666666666666667,0.1,7000.0082460714,-574997.067084577,567997.077305331,574997.067084577,-10548.298199686,8038,8038,7147,891,891
"supplied_original",1,"verified_interview_women",279,19,0.0681003584229391,25421.0120438832,22999.9643038832,-2421.04774000005,7999.97538346066,10421.0231234607,0,0.421052631578947,0.31578947368421,0.263157894736842,4999.99723731996,-164999.587810974,90999.6677944617,164999.587810974,6611.09337505407,8038,8038,7147,891,891
"supplied_residence_repaired",1,"all_common_women",7152,410,0.0573266219239374,27461.1532083714,27284.6683434239,-176.484864947469,9816.48410334187,9992.96896828933,0,0.395121951219512,0.417073170731707,0.18780487804878,4250.00376067512,-124999.725333117,90999.6677944617,567997.077305331,-1565.66227856673,8038,8038,7152,886,886
"supplied_residence_repaired",1,"same_caste_before",6409,372,0.0580433765017943,20206.3080302994,22931.5029464941,2725.19491619469,8824.62817399742,6099.43325780274,0,0.395161290322581,0.403225806451613,0.201612903225806,4000.00225021597,-43000.0887758209,90999.6677944617,460831.696486668,1490.40650225811,8038,8038,7152,886,886
"supplied_residence_repaired",1,"outside_caste_before",541,27,0.0499075785582255,133604.671588809,91703.5126375643,-41901.1589512443,24629.5077319314,66530.6666831757,-4000.00919939867,0.259259259259259,0.666666666666667,0.0740740740740741,8000.00511521432,-529997.075960529,567997.077305331,567997.077305331,-65358.783422651,8038,8038,7152,886,886
"supplied_residence_repaired",1,"verified_interview_women",278,19,0.0683453237410072,18763.1489668281,21456.1295407292,2692.98057390117,7508.76146229984,4815.78088839867,0,0.368421052631579,0.421052631578947,0.210526315789474,4000.00076949834,-40500.0865166514,90999.6677944617,90999.6677944617,-2212.94649390775,8038,8038,7152,886,886
"unweighted_residence_repaired",0,"all_common_women",7571,465,0.0614185708625017,26836.1718261878,25160.999545832,-1675.17228035583,7512.69184000422,9187.86412036006,0,0.348387096774194,0.365591397849462,0.286021505376344,3000.00694397843,-53999.9052820661,40002.4415569506,879999.972974918,217.769100451423,8038,8038,7571,467,467
"unweighted_residence_repaired",0,"same_caste_before",6889,425,0.0616925533459138,25809.3484783459,24403.3194301977,-1406.02904814814,8058.12217966811,9464.15122781627,0,0.357647058823529,0.357647058823529,0.284705882352941,3000.00694397843,-53999.9052820661,44999.8253807706,879999.972974918,666.126479981034,8038,8038,7571,467,467
"unweighted_residence_repaired",0,"outside_caste_before",510,33,0.0647058823529412,38154.9423884477,37119.8203655947,-1035.12202285296,1930.29612959734,2965.41815245029,0,0.242424242424242,0.424242424242424,0.333333333333333,2700.0018388686,-25000.111456971,19999.8217273246,25000.111456971,-286.216103036767,8038,8038,7571,467,467
"unweighted_residence_repaired",0,"verified_interview_women",287,19,0.0662020905923345,27052.6903403281,25894.7816290593,-1157.90871126883,4394.73190072633,5552.64061199517,0,0.31578947368421,0.421052631578947,0.263157894736842,4500.00310119105,-42000.0843448551,62999.8980510656,62999.8980510656,-4722.2313091763,8038,8038,7571,467,467
"weighted_residence_repaired",0,"all_common_women",7560,470,0.0621693121693122,27554.408010512,26859.7124839417,-694.695526570324,8234.14390250164,8928.83942907197,0,0.35531914893617,0.336170212765957,0.308510638297872,3000.00097796561,-137999.406092663,55000.3530977541,820000.115016533,1052.22434441041,8038,8038,7560,478,478
"weighted_residence_repaired",0,"same_caste_before",6837,432,0.0631856077226854,25739.5631197827,25378.7943684984,-360.768751284377,8092.23346247408,8453.00221375846,0,0.368055555555556,0.3125,0.319444444444444,2999.9995616235,-115000.04451926,55000.3530977541,820000.115016533,1540.94666928465,8038,8038,7560,478,478
"weighted_residence_repaired",0,"outside_caste_before",575,33,0.0573913043478261,52224.6597404007,48578.5600302681,-3646.09971013255,11339.4781329385,14985.5778430711,-1000.00443096586,0.242424242424242,0.545454545454545,0.212121212121212,4499.99832195158,-180000.987262908,300002.922435865,300002.922435865,-13135.131652195,8038,8038,7560,478,478
"weighted_residence_repaired",0,"verified_interview_women",284,19,0.0669014084507042,38499.9262275274,31140.3048874071,-7359.62134012029,3447.3667115739,10806.9880516942,0,0.210526315789474,0.473684210526316,0.31578947368421,1999.99484553452,-164999.587810974,52999.9571194556,164999.587810974,1398.15457492715,8038,8038,7560,478,478
"weighted_all_repairs",0,"all_common_women",7573,449,0.0592895814076324,27225.7103052223,29001.6592819857,1775.94897676337,9515.41887603018,7739.46989926681,0,0.396436525612472,0.371937639198218,0.23162583518931,3500.00333484759,-54999.7566122675,112400.593082355,460831.696486668,751.270968928756,8038,8038,7573,465,465
"weighted_all_repairs",0,"same_caste_before",6992,421,0.0602116704805492,25986.1137610217,29306.855607108,3320.74184608629,10082.460991714,6761.71914562774,0,0.406175771971496,0.356294536817102,0.237529691211401,3499.99924348243,-53999.9052820661,119166.999841239,460831.696486668,2231.43004932299,8038,8038,7573,465,465
"weighted_all_repairs",0,"outside_caste_before",426,22,0.0516431924882629,46740.7509678479,28093.5838929583,-18647.1670748896,1236.36329169178,19883.5303665813,-1250.00007365147,0.272727272727273,0.545454545454545,0.181818181818182,3750.00458750781,-379997.661061045,10499.9896863725,379997.661061045,-1440.00069459643,8038,8038,7573,465,465
"weighted_all_repairs",0,"verified_interview_women",284,16,0.0563380281690141,29677.0306876374,36197.858685042,6520.82799740459,11999.9803975705,5479.15240016591,0,0.4375,0.3125,0.25,6750.0036165838,-36666.5982272667,139999.808543738,139999.808543738,-2377.7707056843,8038,8038,7573,465,465
