"specification","comparison","population","n","imputations","seed","income_with_caste","income_without_caste","net_income_gain","p025","p975","foregone_income_share","gross_gain_per_woman","gross_loss_per_woman","gain_share","loss_share","monte_carlo_se","uncertainty"
"pmm_log_income","supplied_original","all_common_women",7147,500,114410,24102.89079005,24283.1105608169,180.219770767021,-204.340023721194,601.80646338078,0.00737189251638622,12233.7792358387,12053.5594650717,0.463681264866378,0.459500489715965,9.34369147324762,"Imputation uncertainty conditional on fixed market, preference coefficients, and allocations"
"pmm_log_income","supplied_original","same_caste_before",6405,500,114410,23317.0149394292,24053.2789251025,736.263985673257,80.3842581895529,1399.27926307274,0.0305188260535754,12217.9525545919,11481.6885689186,0.46855737704918,0.452127088212334,14.6690538701614,"Imputation uncertainty conditional on fixed market, preference coefficients, and allocations"
"pmm_log_income","supplied_original","outside_caste_before",541,500,114410,33035.8042905206,28275.1724322255,-4760.63185829516,-9709.28271337178,327.314558290653,-0.1732057450678,13339.1999435756,18099.8318018708,0.417571164510166,0.523715341959335,113.730413307748,"Imputation uncertainty conditional on fixed market, preference coefficients, and allocations"
"pmm_log_income","supplied_original","verified_interview_women",279,500,114410,24154.1573892296,24178.6557574757,24.4983682460853,-7188.88508193693,6920.0886888374,-0.0112211513478313,12419.6991771118,12395.2008088658,0.459462365591398,0.456781362007168,162.137229179207,"Imputation uncertainty conditional on fixed market, preference coefficients, and allocations"
"pmm_log_income","supplied_residence_repaired","all_common_women",7152,500,114410,24107.716441997,24260.4074126266,152.690970629569,-212.813363421993,602.635607484479,0.00624553829920924,12294.6155921026,12141.924621473,0.464553970917226,0.460713646532438,9.62994748872846,"Imputation uncertainty conditional on fixed market, preference coefficients, and allocations"
"pmm_log_income","supplied_residence_repaired","same_caste_before",6409,500,114410,23324.4403769582,24009.2832199257,684.842842967585,41.556414310584,1333.47052036604,0.0284471351918515,12242.8473472892,11558.0045043216,0.468817600249649,0.453954439070058,14.2763844295687,"Imputation uncertainty conditional on fixed market, preference coefficients, and allocations"
"pmm_log_income","supplied_residence_repaired","outside_caste_before",541,500,114410,32629.3106861414,27822.4819358532,-4806.82875028814,-9833.83587029855,557.665554850208,-0.178532469645758,13264.5583301943,18071.3870804825,0.420850277264325,0.521844731977819,117.108523451012,"Imputation uncertainty conditional on fixed market, preference coefficients, and allocations"
"pmm_log_income","supplied_residence_repaired","verified_interview_women",278,500,114410,25372.1149912546,24123.439758375,-1248.67523287964,-9017.01975845359,6573.70702612387,-0.0666375173623563,12219.4813675502,13468.1566004299,0.45541726618705,0.468467625899281,175.657786833013,"Imputation uncertainty conditional on fixed market, preference coefficients, and allocations"
"pmm_log_income","unweighted_residence_repaired","all_common_women",7571,500,114410,23767.0678097626,23738.2198467925,-28.8479629700777,-306.237951232115,270.53467827911,-0.00123423866020785,11540.3397461372,11569.1877091072,0.450454629507331,0.451466120723815,6.46035876286054,"Imputation uncertainty conditional on fixed market, preference coefficients, and allocations"
"pmm_log_income","unweighted_residence_repaired","same_caste_before",6889,500,114410,23465.3097657902,23624.7863933312,159.476627541018,-415.261471296331,643.21428640153,0.00670890821676845,11512.6072251897,11353.1305976487,0.452922049644361,0.447318043257367,11.9193871258106,"Imputation uncertainty conditional on fixed market, preference coefficients, and allocations"
"pmm_log_income","unweighted_residence_repaired","outside_caste_before",510,500,114410,25707.1548002773,24871.9229993066,-835.231800970645,-6706.68259427317,4416.70153990855,-0.038559218014696,11701.3720247444,12536.6038257151,0.42861568627451,0.487996078431373,119.273591849236,"Imputation uncertainty conditional on fixed market, preference coefficients, and allocations"
"pmm_log_income","unweighted_residence_repaired","verified_interview_women",287,500,114410,24032.1680681446,23904.1274412404,-128.040626904106,-6446.54723942987,5791.87435262501,-0.0134958001645419,10774.5537567393,10902.5943836434,0.438501742160279,0.430578397212544,143.589275814189,"Imputation uncertainty conditional on fixed market, preference coefficients, and allocations"
"pmm_log_income","weighted_residence_repaired","all_common_women",7560,500,114410,23807.9869202441,23789.1576345557,-18.8292856883956,-324.155712348394,257.025919637625,-0.000821557941012564,11579.9656298676,11598.794915556,0.44878835978836,0.450665608465608,6.637901124863,"Imputation uncertainty conditional on fixed market, preference coefficients, and allocations"
"pmm_log_income","weighted_residence_repaired","same_caste_before",6837,500,114410,23652.1031030849,23629.2147454711,-22.8883576138282,-577.246241043864,551.426833102143,-0.00103382596863576,11489.0436539514,11511.9320115652,0.449852859441275,0.44669504168495,12.8293034334737,"Imputation uncertainty conditional on fixed market, preference coefficients, and allocations"
"pmm_log_income","weighted_residence_repaired","outside_caste_before",575,500,114410,23646.0365081349,25323.8407904211,1677.80428228617,-3625.92928706611,6744.35862820004,0.0614836892022414,12364.6876612591,10686.883378973,0.444375652173913,0.473770434782609,116.575685691182,"Imputation uncertainty conditional on fixed market, preference coefficients, and allocations"
"pmm_log_income","weighted_residence_repaired","verified_interview_women",284,500,114410,26885.0067136755,22819.687621775,-4065.31909190048,-10913.5886644333,2188.72354046872,-0.188535798658384,9561.22131507626,13626.5404069767,0.419478873239437,0.471422535211268,148.777903140568,"Imputation uncertainty conditional on fixed market, preference coefficients, and allocations"
"pmm_log_income","weighted_all_repairs","all_common_women",7573,500,114410,23854.2808731746,23790.1997547434,-64.0811184311755,-372.884673553744,240.684778231026,-0.0027128205900105,11647.957748776,11712.0388672072,0.456205730886042,0.456034860689291,6.88900717557625,"Imputation uncertainty conditional on fixed market, preference coefficients, and allocations"
"pmm_log_income","weighted_all_repairs","same_caste_before",6992,500,114410,23731.9833604516,23960.931764335,228.948403883436,-235.973235764881,758.198339147842,0.00953693548432295,11772.4644656875,11543.5160618041,0.460045194508009,0.449639874141876,11.3780739818751,"Imputation uncertainty conditional on fixed market, preference coefficients, and allocations"
"pmm_log_income","weighted_all_repairs","outside_caste_before",426,500,114410,23543.5120887533,20609.7705872569,-2933.74150149637,-8928.69375708319,2861.86490688938,-0.154127330057093,9188.01181151804,12121.7533130144,0.401394366197183,0.535737089201878,131.752086916382,"Imputation uncertainty conditional on fixed market, preference coefficients, and allocations"
"pmm_log_income","weighted_all_repairs","verified_interview_women",284,500,114410,24137.410800543,24600.7287764602,463.317975917181,-5890.3579978801,7232.25311980982,0.0106536845686023,12430.1246852518,11966.8067093346,0.476605633802817,0.444640845070423,146.487900667,"Imputation uncertainty conditional on fixed market, preference coefficients, and allocations"
"pmm_income_levels","supplied_original","all_common_women",7147,500,114410,23968.4658812231,24055.7876595532,87.3217783301113,-330.660609793506,437.793747138923,0.00358461151748747,12227.8585557,12140.5367773699,0.462451378200644,0.461410941653841,8.45361193493717,"Imputation uncertainty conditional on fixed market, preference coefficients, and allocations"
"pmm_income_levels","supplied_original","same_caste_before",6405,500,114410,23228.3361715853,23830.561018546,602.224846960781,-50.1923761611188,1200.94758199217,0.025153728110713,12194.506026867,11592.2811799062,0.465914441842311,0.455402029664325,14.3085995600289,"Imputation uncertainty conditional on fixed market, preference coefficients, and allocations"
"pmm_income_levels","supplied_original","outside_caste_before",541,500,114410,32958.116090611,27794.3061741688,-5163.80991644227,-10565.4918958368,119.372628295214,-0.190046087618984,13239.832730866,18403.6426473083,0.419770794824399,0.523086876155268,124.265016515955,"Imputation uncertainty conditional on fixed market, preference coefficients, and allocations"
"pmm_income_levels","supplied_original","verified_interview_women",279,500,114410,23846.1588644691,23638.1005540111,-208.058310458012,-7565.22515382753,7216.56135515243,-0.0222517844948964,12219.2845057866,12427.3428162446,0.457304659498208,0.461218637992832,165.444363994443,"Imputation uncertainty conditional on fixed market, preference coefficients, and allocations"
"pmm_income_levels","supplied_residence_repaired","all_common_women",7152,500,114410,23972.7144462655,24020.2442859417,47.5298396761629,-369.184040684773,407.314775364594,0.00193727265596756,12274.5174356174,12226.9875959412,0.463172539149888,0.463048378076063,8.59425106129482,"Imputation uncertainty conditional on fixed market, preference coefficients, and allocations"
"pmm_income_levels","supplied_residence_repaired","same_caste_before",6409,500,114410,23224.845377522,23746.9531418352,522.107764313256,-170.609995726468,1163.0457030728,0.0218729766499152,12183.1827184501,11661.0749541369,0.465926353565299,0.457753159619285,14.786511469077,"Imputation uncertainty conditional on fixed market, preference coefficients, and allocations"
"pmm_income_levels","supplied_residence_repaired","outside_caste_before",541,500,114410,32635.4110891296,27498.0859529137,-5137.32513621591,-10814.5146399507,-69.894548693788,-0.191181195876385,13263.6406822492,18400.9658184651,0.422961182994455,0.521571164510166,121.883874187591,"Imputation uncertainty conditional on fixed market, preference coefficients, and allocations"
"pmm_income_levels","supplied_residence_repaired","verified_interview_women",278,500,114410,25076.4951675845,23839.358282778,-1237.13688480652,-8785.62386058183,6531.53641252083,-0.068550736282374,12282.1470464135,13519.28393122,0.453719424460432,0.471258992805755,180.07605635882,"Imputation uncertainty conditional on fixed market, preference coefficients, and allocations"
"pmm_income_levels","unweighted_residence_repaired","all_common_women",7571,500,114410,23534.33079113,23459.0910128834,-75.2397782466263,-328.098425003028,198.925244790791,-0.00323843878681898,11490.7905028602,11566.0302811068,0.450273411702549,0.453095231805574,5.97421001477508,"Imputation uncertainty conditional on fixed market, preference coefficients, and allocations"
"pmm_income_levels","unweighted_residence_repaired","same_caste_before",6889,500,114410,23370.1135203871,23388.197783344,18.0842629568585,-512.260714058732,696.462321584699,0.000654515058594815,11471.5095266336,11453.4252636768,0.450760632893018,0.45098620989984,13.1044482641954,"Imputation uncertainty conditional on fixed market, preference coefficients, and allocations"
"pmm_income_levels","unweighted_residence_repaired","outside_caste_before",510,500,114410,24060.5124629724,24100.7486518011,40.2361888287492,-5800.15123019091,5120.01511056639,-0.00305747518261735,11467.2895804785,11427.0533916498,0.448227450980392,0.468505882352941,119.455487395542,"Imputation uncertainty conditional on fixed market, preference coefficients, and allocations"
"pmm_income_levels","unweighted_residence_repaired","verified_interview_women",287,500,114410,23556.2006164479,23456.0204413296,-100.180175118288,-6518.7601563545,6842.84459088647,-0.0149424273778045,10556.5268714965,10656.7070466148,0.435170731707317,0.435979094076655,146.555300577262,"Imputation uncertainty conditional on fixed market, preference coefficients, and allocations"
"pmm_income_levels","weighted_residence_repaired","all_common_women",7560,500,114410,23611.5412702458,23546.8433013548,-64.6979688909673,-359.324470116875,206.25586268906,-0.00277435498694837,11567.7561909969,11632.4541598879,0.448972222222222,0.451663227513228,6.33416203503139,"Imputation uncertainty conditional on fixed market, preference coefficients, and allocations"
"pmm_income_levels","weighted_residence_repaired","same_caste_before",6837,500,114410,23599.7015548851,23361.3350254485,-238.366529436639,-854.03150718533,390.220525233757,-0.0103174628230481,11415.4273866824,11653.7939161191,0.447928038613427,0.449782068158549,14.2085713131199,"Imputation uncertainty conditional on fixed market, preference coefficients, and allocations"
"pmm_income_levels","weighted_residence_repaired","outside_caste_before",575,500,114410,22033.0300223474,25204.8287413247,3171.79871897725,-2582.92236528918,8612.75895264742,0.121389532299476,12858.8579189203,9687.05919994308,0.4628,0.457290434782609,120.626576353802,"Imputation uncertainty conditional on fixed market, preference coefficients, and allocations"
"pmm_income_levels","weighted_residence_repaired","verified_interview_women",284,500,114410,26852.8331506557,22691.1003350279,-4161.7328156278,-10784.7960301559,3205.51585801711,-0.194387987891363,9635.43091397848,13797.1637296063,0.427049295774648,0.46487323943662,152.692396122674,"Imputation uncertainty conditional on fixed market, preference coefficients, and allocations"
"pmm_income_levels","weighted_all_repairs","all_common_women",7573,500,114410,23653.6424742649,23547.7233431674,-105.919131097402,-367.70302778723,145.246154226696,-0.00451332310834976,11635.4964491078,11741.4155802052,0.456005017826489,0.457436418856464,5.87849546904708,"Imputation uncertainty conditional on fixed market, preference coefficients, and allocations"
"pmm_income_levels","weighted_all_repairs","same_caste_before",6992,500,114410,23662.0469063033,23765.5256882045,103.478781901194,-382.758995799011,646.207605913114,0.00431565005900777,11781.6722628562,11678.193480955,0.457605263157895,0.453384725400458,11.9262383662387,"Imputation uncertainty conditional on fixed market, preference coefficients, and allocations"
"pmm_income_levels","weighted_all_repairs","outside_caste_before",426,500,114410,21646.4047957449,19533.7337163174,-2112.67107942753,-8967.99829099923,3408.26612016469,-0.117937387313844,8648.12971582235,10760.8007952499,0.427779342723005,0.509295774647887,137.299421673444,"Imputation uncertainty conditional on fixed market, preference coefficients, and allocations"
"pmm_income_levels","weighted_all_repairs","verified_interview_women",284,500,114410,24194.5872953642,24385.6167176977,191.029422333581,-6642.83441253474,7578.246558067,-0.00348360792307703,12420.0322970704,12229.0028747368,0.47137323943662,0.451767605633803,165.130492356043,"Imputation uncertainty conditional on fixed market, preference coefficients, and allocations"
