"command","source_line","coefficient","output_name"
"reg edu_max_male highercaste samecaste caste_nof3-caste_nof9 casteimportant_female castenotimp_female age_female noage_female height_female noheight_female edu_max_female science_female comm_female otherfield_female nofield_female city_female wbengal_female otherres_female nores_female family_origin_female nofamily_female skinrank_female noskin_female vbeautiful_female beautiful_female if noedu_male==0 & nocaste_male==0 & nocaste_female==0;",298,"samecaste","beta_edu_male_long"
"reg edu_max_male highercaste samecaste caste_nof3-caste_nof9 casteimportant_female castenotimp_female age_female noage_female height_female noheight_female edu_max_female science_female comm_female otherfield_female nofield_female city_female wbengal_female otherres_female nores_female family_origin_female nofamily_female skinrank_female noskin_female vbeautiful_female beautiful_female if noedu_male==0 & nocaste_male==0 & nocaste_female==0;",298,"highercaste","beta_edu_male_long2"
"reg diff_height edu_max_male caste_nof3-caste_nof9 casteimportant_female castenotimp_female age_female noage_female height_female noheight_female edu_max_female science_female comm_female otherfield_female nofield_female city_female wbengal_female otherres_female nores_female family_origin_female nofamily_female skinrank_female noskin_female vbeautiful_female beautiful_female if noedu_male==0 & noheight_male==0 & noheight_female==0;",301,"edu_max_male","beta_edu_male_long_hg"
"reg diff_age edu_max_male caste_nof3-caste_nof9 casteimportant_female castenotimp_female age_female noage_female height_female noheight_female edu_max_female science_female comm_female otherfield_female nofield_female city_female wbengal_female otherres_female nores_female family_origin_female nofamily_female skinrank_female noskin_female vbeautiful_female beautiful_female if noedu_male==0 & noage_male==0 & noage_female==0;",303,"edu_max_male","beta_edu_male_long_ag"
"reg logwage_male edu_max_male caste_nof3-caste_nof9 casteimportant_female castenotimp_female age_female noage_female height_female noheight_female edu_max_female science_female comm_female otherfield_female nofield_female city_female wbengal_female otherres_female nores_female family_origin_female nofamily_female skinrank_female noskin_female vbeautiful_female beautiful_female if noedu_male==0 & nowage_male==0;",305,"edu_max_male","beta_edu_male_long_wag"
"reg logincome_male edu_max_male caste_nof3-caste_nof9 casteimportant_female castenotimp_female age_female noage_female height_female noheight_female edu_max_female science_female comm_female otherfield_female nofield_female city_female wbengal_female otherres_female nores_female family_origin_female nofamily_female skinrank_female noskin_female vbeautiful_female beautiful_female if noedu_male==0 & noincome_male==0;",307,"edu_max_male","beta_edu_male_long_inc"
"reg edu_max_female highercaste_female samecaste caste_no3-caste_no9 casteimportant_male castenotimp_male nocaste_male age_male noage_male height_male noheight_male science_male comm_male otherfield_male noedu_male nofield_male logincome_male noincome_male city_male wbengal_male otherres_male nores_male family_origin_male nofamily_male logwage_male nowage_male if noedu_female==0 & nocaste_male==0 & nocaste_female==0;",309,"samecaste","beta_edu_female_long"
"reg edu_max_female highercaste_female samecaste caste_no3-caste_no9 casteimportant_male castenotimp_male nocaste_male age_male noage_male height_male noheight_male science_male comm_male otherfield_male noedu_male nofield_male logincome_male noincome_male city_male wbengal_male otherres_male nores_male family_origin_male nofamily_male logwage_male nowage_male if noedu_female==0 & nocaste_male==0 & nocaste_female==0;",309,"highercaste_female","beta_edu_female_long2"
"reg vbeautiful_female edu_max_female caste_no3-caste_no9 casteimportant_male castenotimp_male nocaste_male age_male noage_male height_male noheight_male science_male comm_male otherfield_male noedu_male nofield_male logincome_male noincome_male city_male wbengal_male otherres_male nores_male family_origin_male nofamily_male logwage_male nowage_male if noedu_female==0 & nobeauty_female==0;",312,"edu_max_female","beta_edu_female_long_vb"
"reg beautiful_female edu_max_female caste_no3-caste_no9 casteimportant_male castenotimp_male nocaste_male age_male noage_male height_male noheight_male science_male comm_male otherfield_male noedu_male nofield_male logincome_male noincome_male city_male wbengal_male otherres_male nores_male family_origin_male nofamily_male logwage_male nowage_male if noedu_female==0 & nobeauty_female==0;",314,"edu_max_female","beta_edu_female_long_b"
"reg skinrank_female edu_max_female caste_no3-caste_no9 casteimportant_male castenotimp_male nocaste_male age_male noage_male height_male noheight_male science_male comm_male otherfield_male noedu_male nofield_male logincome_male noincome_male city_male wbengal_male otherres_male nores_male family_origin_male nofamily_male logwage_male nowage_male if noedu_female==0 & noskin_female==0;",316,"edu_max_female","beta_edu_female_long_sk"
"reg diff_height edu_max_female caste_no3-caste_no9 casteimportant_male castenotimp_male nocaste_male age_male noage_male height_male noheight_male science_male comm_male otherfield_male noedu_male nofield_male logincome_male noincome_male city_male wbengal_male otherres_male nores_male family_origin_male nofamily_male logwage_male nowage_male if noedu_female==0 & noheight_male==0 & noheight_female==0;",318,"edu_max_female","beta_edu_female_long_hg"
"reg diff_age edu_max_female caste_no3-caste_no9 casteimportant_male castenotimp_male nocaste_male age_male noage_male height_male noheight_male science_male comm_male otherfield_male noedu_male nofield_male logincome_male noincome_male city_male wbengal_male otherres_male nores_male family_origin_male nofamily_male logwage_male nowage_male if noedu_female==0 & noage_male==0 & noage_female==0;",320,"edu_max_female","beta_edu_female_long_age"
"reg logincome_male highercaste samecaste caste_nof3-caste_nof9 casteimportant_female castenotimp_female age_female noage_female height_female noheight_female edu_max_female science_female comm_female otherfield_female nofield_female city_female wbengal_female otherres_female nores_female family_origin_female nofamily_female skinrank_female noskin_female vbeautiful_female beautiful_female if noincome_male==0 & nocaste_male==0 & nocaste_female==0;",322,"samecaste","beta_inc_male_long"
"reg logincome_male highercaste samecaste caste_nof3-caste_nof9 casteimportant_female castenotimp_female age_female noage_female height_female noheight_female edu_max_female science_female comm_female otherfield_female nofield_female city_female wbengal_female otherres_female nores_female family_origin_female nofamily_female skinrank_female noskin_female vbeautiful_female beautiful_female if noincome_male==0 & nocaste_male==0 & nocaste_female==0;",322,"highercaste","beta_inc_male_long2"
"reg logincome_female highercaste_female samecaste caste_no3-caste_no9 casteimportant_male castenotimp_male nocaste_male age_male noage_male height_male noheight_male science_male comm_male otherfield_male noedu_male nofield_male logincome_male noincome_male city_male wbengal_male otherres_male nores_male family_origin_male nofamily_male logwage_male nowage_male if noincome_female==0 & nocaste_male==0 & nocaste_female==0;",325,"samecaste","beta_inc_female_long"
"reg logincome_female highercaste_female samecaste caste_no3-caste_no9 casteimportant_male castenotimp_male nocaste_male age_male noage_male height_male noheight_male science_male comm_male otherfield_male noedu_male nofield_male logincome_male noincome_male city_male wbengal_male otherres_male nores_male family_origin_male nofamily_male logwage_male nowage_male if noincome_female==0 & nocaste_male==0 & nocaste_female==0;",325,"highercaste","beta_inc_female_long2"
"reg logwage_male highercaste samecaste caste_nof3-caste_nof9 casteimportant_female castenotimp_female age_female noage_female height_female noheight_female edu_max_female science_female comm_female otherfield_female nofield_female city_female wbengal_female otherres_female nores_female family_origin_female nofamily_female skinrank_female noskin_female vbeautiful_female beautiful_female if nowage_male==0 & nocaste_male==0 & nocaste_female==0;",328,"samecaste","beta_wag_male_long"
"reg logwage_male highercaste samecaste caste_nof3-caste_nof9 casteimportant_female castenotimp_female age_female noage_female height_female noheight_female edu_max_female science_female comm_female otherfield_female nofield_female city_female wbengal_female otherres_female nores_female family_origin_female nofamily_female skinrank_female noskin_female vbeautiful_female beautiful_female if nowage_male==0 & nocaste_male==0 & nocaste_female==0;",328,"highercaste","beta_wag_male_long2"
"reg logwage_female highercaste_female samecaste caste_no3-caste_no9 casteimportant_male castenotimp_male nocaste_male age_male noage_male height_male noheight_male science_male comm_male otherfield_male noedu_male nofield_male logincome_male noincome_male city_male wbengal_male otherres_male nores_male family_origin_male nofamily_male logwage_male nowage_male if nowage_female==0 & nocaste_male==0 & nocaste_female==0;",331,"samecaste","beta_wage_female_long"
"reg logwage_female highercaste_female samecaste caste_no3-caste_no9 casteimportant_male castenotimp_male nocaste_male age_male noage_male height_male noheight_male science_male comm_male otherfield_male noedu_male nofield_male logincome_male noincome_male city_male wbengal_male otherres_male nores_male family_origin_male nofamily_male logwage_male nowage_male if nowage_female==0 & nocaste_male==0 & nocaste_female==0;",331,"highercaste_female","beta_wage_female_long2"
"reg skinrank_female highercaste_female samecaste caste_no3-caste_no9 casteimportant_male castenotimp_male nocaste_male age_male noage_male height_male noheight_male science_male comm_male otherfield_male noedu_male nofield_male logincome_male noincome_male city_male wbengal_male otherres_male nores_male family_origin_male nofamily_male logwage_male nowage_male if noskin_female==0 & nocaste_male==0 & nocaste_female==0;",334,"samecaste","beta_skin_female_long"
"reg skinrank_female highercaste_female samecaste caste_no3-caste_no9 casteimportant_male castenotimp_male nocaste_male age_male noage_male height_male noheight_male science_male comm_male otherfield_male noedu_male nofield_male logincome_male noincome_male city_male wbengal_male otherres_male nores_male family_origin_male nofamily_male logwage_male nowage_male if noskin_female==0 & nocaste_male==0 & nocaste_female==0;",334,"highercaste_female","beta_skin_female_long2"
"reg vbeautiful_female highercaste_female samecaste caste_no3-caste_no9 casteimportant_male castenotimp_male nocaste_male age_male noage_male height_male noheight_male science_male comm_male otherfield_male noedu_male nofield_male logincome_male noincome_male city_male wbengal_male otherres_male nores_male family_origin_male nofamily_male logwage_male nowage_male if nobeauty_female==0 & nocaste_male==0 & nocaste_female==0;",337,"samecaste","beta_vb_female_long"
"reg vbeautiful_female highercaste_female samecaste caste_no3-caste_no9 casteimportant_male castenotimp_male nocaste_male age_male noage_male height_male noheight_male science_male comm_male otherfield_male noedu_male nofield_male logincome_male noincome_male city_male wbengal_male otherres_male nores_male family_origin_male nofamily_male logwage_male nowage_male if nobeauty_female==0 & nocaste_male==0 & nocaste_female==0;",337,"highercaste_female","beta_vb_female_long2"
"reg beautiful_female highercaste_female samecaste caste_no3-caste_no9 casteimportant_male castenotimp_male nocaste_male age_male noage_male height_male noheight_male science_male comm_male otherfield_male noedu_male nofield_male logincome_male noincome_male city_male wbengal_male otherres_male nores_male family_origin_male nofamily_male logwage_male nowage_male if nobeauty_female==0 & nocaste_male==0 & nocaste_female==0;",340,"samecaste","beta_b_female_long"
"reg beautiful_female highercaste_female samecaste caste_no3-caste_no9 casteimportant_male castenotimp_male nocaste_male age_male noage_male height_male noheight_male science_male comm_male otherfield_male noedu_male nofield_male logincome_male noincome_male city_male wbengal_male otherres_male nores_male family_origin_male nofamily_male logwage_male nowage_male if nobeauty_female==0 & nocaste_male==0 & nocaste_female==0;",340,"highercaste_female","beta_b_female_long2"
"reg diff_age highercaste_female samecaste caste_no3-caste_no9 casteimportant_male castenotimp_male nocaste_male age_male noage_male height_male noheight_male science_male comm_male otherfield_male noedu_male nofield_male logincome_male noincome_male city_male wbengal_male otherres_male nores_male family_origin_male nofamily_male logwage_male nowage_male if noage_female==0 & nocaste_male==0 & nocaste_female==0;",343,"samecaste","beta_age_female_long"
"reg diff_age highercaste_female samecaste caste_no3-caste_no9 casteimportant_male castenotimp_male nocaste_male age_male noage_male height_male noheight_male science_male comm_male otherfield_male noedu_male nofield_male logincome_male noincome_male city_male wbengal_male otherres_male nores_male family_origin_male nofamily_male logwage_male nowage_male if noage_female==0 & nocaste_male==0 & nocaste_female==0;",343,"highercaste_female","beta_age_female_long2"
"reg diff_height highercaste_female samecaste caste_no3-caste_no9 casteimportant_male castenotimp_male nocaste_male age_male noage_male height_male noheight_male science_male comm_male otherfield_male noedu_male nofield_male logincome_male noincome_male city_male wbengal_male otherres_male nores_male family_origin_male nofamily_male logwage_male nowage_male if noheight_female==0 & nocaste_male==0 & nocaste_female==0;",346,"samecaste","beta_hg_female_long"
"reg diff_height highercaste_female samecaste caste_no3-caste_no9 casteimportant_male castenotimp_male nocaste_male age_male noage_male height_male noheight_male science_male comm_male otherfield_male noedu_male nofield_male logincome_male noincome_male city_male wbengal_male otherres_male nores_male family_origin_male nofamily_male logwage_male nowage_male if noheight_female==0 & nocaste_male==0 & nocaste_female==0;",346,"highercaste_female","beta_hg_female_long2"
"reg diff_age highercaste samecaste caste_nof3-caste_nof9 casteimportant_female castenotimp_female age_female noage_female height_female noheight_female edu_max_female science_female comm_female otherfield_female nofield_female city_female wbengal_female otherres_female nores_female family_origin_female nofamily_female skinrank_female noskin_female vbeautiful_female beautiful_female if noage_male==0 & nocaste_male==0 & nocaste_female==0;",349,"samecaste","beta_age_male_long"
"reg diff_age highercaste samecaste caste_nof3-caste_nof9 casteimportant_female castenotimp_female age_female noage_female height_female noheight_female edu_max_female science_female comm_female otherfield_female nofield_female city_female wbengal_female otherres_female nores_female family_origin_female nofamily_female skinrank_female noskin_female vbeautiful_female beautiful_female if noage_male==0 & nocaste_male==0 & nocaste_female==0;",349,"highercaste","beta_age_male_long2"
"reg diff_height highercaste samecaste caste_nof3-caste_nof9 casteimportant_female castenotimp_female age_female noage_female height_female noheight_female edu_max_female science_female comm_female otherfield_female nofield_female city_female wbengal_female otherres_female nores_female family_origin_female nofamily_female skinrank_female noskin_female vbeautiful_female beautiful_female if noheight_male==0 & nocaste_male==0 & nocaste_female==0;",352,"samecaste","beta_hg_male_long"
"reg diff_height highercaste samecaste caste_nof3-caste_nof9 casteimportant_female castenotimp_female age_female noage_female height_female noheight_female edu_max_female science_female comm_female otherfield_female nofield_female city_female wbengal_female otherres_female nores_female family_origin_female nofamily_female skinrank_female noskin_female vbeautiful_female beautiful_female if noheight_male==0 & nocaste_male==0 & nocaste_female==0;",352,"highercaste","beta_hg_male_long2"
