"draw","model","n","advertisers","unique_sampled_advertisers","omitted_n","omitted_terms","sample_sha256"
1,"T3_1",5539,506,313,0,"","3ebd3d5ea91db02aea7d763056bdfc8998ca76e987af6fd6bff9360a2182b5ab"
1,"T4_1",3821,277,174,0,"","c52069b12dea0001469911e84f948f49cef7b8d50f64e35a06b09119b76283c0"
2,"T3_1",5589,506,312,0,"","357d351e625ed19b097d3cd8669d4e532294105b4d3847354bc89c366205a248"
2,"T4_1",4006,277,178,0,"","b1ab150d165a13070308d5f0f684a4a6b83256928a4caa6b4b71f4a79166b504"
3,"T3_1",5786,506,320,0,"","55f3b0e1850ef91ece576453650b947ebaa6354ea6ccdc1edc40f900084638ce"
3,"T4_1",3960,277,183,0,"","61c32f8824d13cc65d3ff42e1bbf65bc5dfd68622868e4d50292877dbb51cade"
4,"T3_1",5463,506,315,1,"samenocaste","501508e1e6d049299c3700fce8d6da8184dee59a5a5a3187de2f0cf4da9b0f80"
4,"T4_1",3916,277,185,0,"","6de98a8a63d3a18a08dff44fde6ab50013d45db491b2d33c78ea8ba8909427d5"
5,"T3_1",5780,506,315,0,"","269ed1236650860c4ff0d3f3d710a76fa7eab0cc54a8ca8d8238633d585abee4"
5,"T4_1",3871,277,180,0,"","ad8fae29fec812e216a99181f12fe2103e91e27710ab793e7bcedb0cc8243722"
6,"T3_1",5643,506,316,0,"","de11db7239e83c4055a7173c75a6649f3abf1ad65de34e4d341d0320ee15e04e"
6,"T4_1",3894,277,174,0,"","0f277ce651c902b9494d23f1642d808e1ce493011e734a2e87062b4175c870ef"
7,"T3_1",5551,506,322,0,"","cda8b6b4bdb97112f6c11c31d56b481770d3dae61b322e21e4144673d88f9200"
7,"T4_1",3979,277,181,0,"","0d054b136f40855903f9ae0c41709ec57776c257ae52a261808e6b71a6d0fd9e"
8,"T3_1",5645,506,309,1,"samenoage","81c58b0e3be416fc03bc93298ef2e655033ae7f4559852d8a794ec761642caa6"
8,"T4_1",3970,277,168,1,"samenocaste","632f792742dba13e866c94925970a0724a7f356cf83214624fedc4be60fd4100"
9,"T3_1",5602,506,330,0,"","54112d0d2b51a6c7b8a038fe68a698a52a1cadd818a19a7950aaeacc711acc76"
9,"T4_1",3944,277,174,0,"","4d93e84935175afb0055f82dbe12cbbfbffc065f3c079dc102dfe37d36b1b47a"
10,"T3_1",5717,506,320,1,"samenocaste","bdb9229b9fc05471a89ddd24dea36fffa97405a0d901a1710dd5425e54b36b07"
10,"T4_1",3942,277,173,1,"samenocaste","1e58e2e9a504b4b7be11b7d256b031cd8ff325e8a542bd9bc968ec34d7fe4aed"
11,"T3_1",5626,506,329,1,"samenocaste","0bce0fe9b7a680a5eaaf27c01ab0ee0a034b31bcad7e8b4c9eb77c93d2714783"
11,"T4_1",3913,277,176,0,"","b5cc1c4e074de8ff9734c2a2815879d162603b0a1f6273ceca4652ce2d13ceab"
12,"T3_1",5674,506,311,0,"","4d85cc43acbe7b6222106e32045dc194223311ce29cf418b6a84c1a753cb5972"
12,"T4_1",4060,277,172,1,"samenocaste","527fdca0a333442c913a9b5c47dcbd3fbe0676ce6578a36d24f6dd9670689c7c"
13,"T3_1",5719,506,331,0,"","109a45a3273b14c533e340fd6ad0bcb57868e69381b4fc9a328219f3aed460fd"
13,"T4_1",3981,277,178,1,"samenocaste","80b37fa504190552e4c05a26c36c66cb7355c352c0e4b81f14139e70a14b2eb9"
14,"T3_1",5580,506,309,0,"","8a4a5154d1015683a6e4aaa4c9ecf31b11452468e448518da520a35f54a7f370"
14,"T4_1",3939,277,173,0,"","0296508f546950797d735b25fa6e95c1f18c221533f8e2447061b9262e31c9c3"
15,"T3_1",5488,506,328,1,"samenocaste","61f92c6ab8b9bdb3937a1a2b51fdea7546a31de3a453bc242cbb11ff857c5c63"
15,"T4_1",3977,277,169,1,"samenocaste","aac6b08c1cf05208084601b78cf58367a82748dc72d745f4a828cd9793fc066b"
16,"T3_1",5825,506,323,0,"","a7e665ffe263a16da88b3a901ca5cf0ce75b0a805744e31736a2af9843671140"
16,"T4_1",3908,277,175,0,"","6448be4abdc3af4c218da509d07dbe60292790524289f08ccc53cd757f6137fb"
17,"T3_1",5737,506,334,1,"samenocaste","0152eab4f07256ad599af4aa7806ad44c0e39a6b49c8049e5a9df46f46b6626a"
17,"T4_1",3923,277,178,1,"samenocaste","83c05a0315ea0d06a01c6609f38a3df574b6bfbcb2f4eeaffb695b098aa8b703"
18,"T3_1",5748,506,332,1,"samenocaste","39eaccaa40426e180acdaa795a870cd968ca27f421f0862afc6b15b2a9a3055e"
18,"T4_1",3958,277,180,0,"","3b7b3e4867adccd8be47f11529d34d4163bef63c0f59f82c0fa4390d28f12686"
19,"T3_1",5761,506,310,1,"samenocaste","93c8b5ba24981358382d22a51597e7db6ac6926279e67de8398933996f2b822a"
19,"T4_1",3913,277,173,0,"","1561315b11cbaeb8a247164158a69ebbab050a4bf763bdc853e7f3fceaf0d444"
20,"T3_1",5683,506,317,1,"samenocaste","12e4e06dc97f54843c84b5a69ba86aa018f2a27fb4f25c6612ffe7aaa1061762"
20,"T4_1",3922,277,176,1,"samenocaste","915355617081302bfb5abeb84a8fadb3672e22efba167e4e211503564c0adea1"
21,"T3_1",5603,506,312,0,"","ce4dbea4f7167370371b4ebebe26355de841b26127b1b339c7f3a3885a6a9dd6"
21,"T4_1",3980,277,180,0,"","af23941c1e85ac001b191ce9db93d0c5946b8554e248539aaef667ea0fb274b7"
22,"T3_1",5628,506,325,0,"","a6fb7883775a57d9fb7991bdbb6a7feeba527b82c03289bde52bcfc52cdcb4a4"
22,"T4_1",3865,277,170,0,"","67e4c01c41f7f29901c74334c1686bca79607633a99f0b7dc5b0cc12a821fa16"
23,"T3_1",5446,506,311,1,"samenocaste","6a1632dc69e766c739db3d4f1e14f28ab6c5df9ec0522cee0f0f6ef484a7b84c"
23,"T4_1",3892,277,179,0,"","1e9ff237b05d039fedfd0dad9b8cfa334a8bf48fb62f190ec7b1ce45067d6135"
24,"T3_1",5638,506,324,1,"samenocaste","55ea1103d293e5787dc4bcc1fde4a3839b78b55f8184df77c3c5e6af3ed89858"
24,"T4_1",3926,277,175,1,"samenocaste","50d32d9fc20a90b56686d697350e131e8b975c0c8559a7d5e4a563541feb8738"
25,"T3_1",5601,506,321,0,"","b940cdcfcf6ef4920ad3cf576b9829050bbde7928937b770a33d0ee26b8d2c42"
25,"T4_1",3934,277,179,0,"","52159bd2e9b19be30ac904764ccba74be44a05217fa27a1008a083cd539ddcab"
26,"T3_1",5613,506,326,0,"","3d0992a2c898ce65dda19f8134dff0526ca492af008169cc83389662bc79290c"
26,"T4_1",3993,277,177,0,"","2f4204f298af5cd12bc64409577b35876c5f0c206b2cd8dbd912bbbed1559983"
27,"T3_1",5739,506,316,0,"","01838a51815249d5464d5fb2d44043188a5a78758f4680338241fa86a7bd1af2"
27,"T4_1",3852,277,171,1,"samenocaste","70f606ef13116605bba448c61e78b00544a6ca25ae2ba16c77ef4fbcff069969"
28,"T3_1",5594,506,317,0,"","e3c64600a5bcb7697cde38fad9c17aa9f3f85783a18c750ac42b254f89b28ba2"
28,"T4_1",3919,277,181,0,"","d1ada837185148da9e4ccf7e8403a3216adcb93de60887954ae27fdc8d068d5a"
29,"T3_1",5588,506,313,0,"","ce61b632bccdc5404c671adc09e6164fd9ebdabcd75b677631584125d8537c24"
29,"T4_1",3947,277,175,0,"","7db51aa120fe46373b486fa6a7a90536ece6f3f6c84fa7cfc5d45aea664a79e1"
30,"T3_1",5660,506,324,0,"","37405b6e96e0b39afb49975a3a4e82dec731a0e5e2515458347cc7d8081602fd"
30,"T4_1",3963,277,180,0,"","000a0da6e33981a34da298aaafa7c4c11e8ce6120a8f75962e928656fa7b5fd5"
31,"T3_1",5495,506,319,0,"","a6cf24864f3defd8357755219ffbbb1aad2f0d86f71bc838694a32b8955481e2"
31,"T4_1",3965,277,176,0,"","7aad858397c01b8c0973b8d4702c573cafacb491658fc25fe15c7802263caa98"
32,"T3_1",5598,506,315,1,"samenoage","80a8fa3795f6c541c6cece3366eb9bae99c07a5aabe7601f58974d3c86251776"
32,"T4_1",3988,277,176,1,"samenocaste","8e5a14749f6c2dd15944fea778cafa6528c2bad677ef5ac06b7762cd1452a993"
33,"T3_1",5522,506,309,0,"","85262235c3651a45b3b2339ebb52fe7dbdb3181cd49e9aca5e4aa0c9650e9a20"
33,"T4_1",3931,277,174,0,"","2a2a6a4f84b187fb56d6a161d94d8d2c5a7f54ce287ab43dc839f4ae0c5698eb"
34,"T3_1",5757,506,317,0,"","cd97ff2ffbc2afcabae448fe0ec5536b137f05e137ea39f1ff56b23662f50926"
34,"T4_1",3954,277,174,0,"","185c48f4a1b9b50b96d6b63528c752b2879942640aa241a28fb0e293aa24c05e"
35,"T3_1",5531,506,321,0,"","9ac4c54bed2a86fb95dce48f59ca46701a98ec0c318bcb4514d431990f0213ee"
35,"T4_1",3877,277,169,0,"","1c3190db80d919ec34afe5583dac745531990ec281cee2ae3db7436357b0dcd3"
36,"T3_1",5562,506,314,0,"","7f827c7388e3fd64851141c774f5a55da4be1857248baee9234f346d69859763"
36,"T4_1",3902,277,176,0,"","42303062b985fbc54d35d44d6138564dab563c78304414e23c357adc6204aa3a"
37,"T3_1",5655,506,332,1,"samenocaste","90ed50e9f3a8124ae2c35a0ed3b8b644f36ddfc0a877ba9a63d835ea1b5fcc4a"
37,"T4_1",3919,277,177,0,"","dc335d51a79403dd9f76242e89822f3db873210d28506f31bc624d608aa55ea3"
38,"T3_1",5527,506,323,0,"","ca19ddc19dc190b85e2a3f2590e044f8c4c17746bf507a5515be3fa6dd983579"
38,"T4_1",4057,277,172,0,"","4d227aac10c958c9fac824349437769e618c19d982ca5146405794965bc2d5ff"
39,"T3_1",5653,506,320,0,"","817f001a81be5ce9caa78e1e0bf6016bc6e5827dc488edd9577d4219d5c0ac60"
39,"T4_1",3877,277,171,0,"","c2bb7ef1baa81ecfc175be6110f99be1f633818797cdd2985eedee39e4581c1f"
40,"T3_1",5785,506,320,0,"","16ddf05cbf4670035fda3c110c401c1e3b4d76e642d39938ca41c293d49a6329"
40,"T4_1",4015,277,179,0,"","dd791a292088d3d84d6c94789efe58d28c11cbc40a79484a1e760789aad67225"
41,"T3_1",5554,506,325,0,"","3f323973222539c1e2133d71612b5ab32c9686a6da38a9351dea314d3644a11d"
41,"T4_1",4058,277,178,0,"","18bfeca006770912639e7e3f7af4ecef4c351ecdcd8b81a3c6745e609728834a"
42,"T3_1",5550,506,326,0,"","9d4a1516fca0811b1d312f23a84f07f7789820d84a3709de8337a5d7a2286429"
42,"T4_1",3896,277,174,0,"","442c65d04706fd046d5c1a7892b3873f369291195462ae0e2b07ec4ebea156aa"
43,"T3_1",5643,506,316,1,"samenocaste","6a556593dfb4e661723a3fafd7ae39787b5654b67c1e8ce4f9fb81ef9f468a1e"
43,"T4_1",3991,277,177,0,"","c7268a0e196913afbc5869052bc721bed1133145befe9ad129c1b73a63f4c694"
44,"T3_1",5670,506,315,0,"","6f9c04d1565a553e5f059ae80d4e1b7ec7f050b88fb641cfa795f943b1553925"
44,"T4_1",3970,277,180,0,"","2427c8bdce48ea8eef0c30d8d1bb397993859d89b3396c5bf98fd3d2631fc0a9"
45,"T3_1",5744,506,316,0,"","2e06f8696c814039e7367fd6ad01eb017dc32a5fe345c5bf00ad9c22458d986f"
45,"T4_1",3861,277,180,0,"","49dc15db796dc281e1d0154658a4abe62df59a3aaace7240f69ea7dc9e9f053a"
46,"T3_1",5557,506,317,1,"samenocaste","d6ac3fec51a209a6f8212d654feb9c2a504aa28ea20d515f8a4266121862c70a"
46,"T4_1",3894,277,176,0,"","ab7e4aeeb733385f83af65e089a8980d767d7a4746c1502a23532320fdf72cad"
47,"T3_1",5788,506,309,0,"","0daa84360a8ba2886e49ef90d13b659b6cc3e287e97f9a6bf140d005cf9c20ed"
47,"T4_1",3972,277,177,0,"","187240aa856938c454e1da759d1c37c7b4ff444df7d8a1f4f43af3d377bf92c8"
48,"T3_1",5626,506,326,0,"","af5cd7fce50bd80df1ddf8cdffc730d89b6d332d2093f3d85d3867e5fd8993a0"
48,"T4_1",3875,277,165,0,"","297ddc94100c9a53cc411dc42c3bfd38a444c9537578af61684341aa7158d779"
49,"T3_1",5614,506,322,1,"samenocaste","29716fb5e9ee50e2142ce84d51e1cfc65a07da9899dd84c988df2b339798972d"
49,"T4_1",4017,277,177,0,"","d5bd6f8859b2b74f85b3c0dfd6aa45424105d1e0595848cc84da1ef0098ab891"
50,"T3_1",5612,506,320,1,"samenocaste","4177e2bf8e825f668f30a8df1a714601d7304fa481a3fdfed8d56aeac3abcf83"
50,"T4_1",3911,277,178,0,"","b1ad29550216205a5bb0178c66506a4607702a2559eca56d88919b2c4cc9730f"
51,"T3_1",5547,506,312,0,"","546346857562024e1ffeabef675321058d4e9ed2a8d74e5b45ecbba2783543e6"
51,"T4_1",3966,277,172,1,"samenoage","eeff26f761e3a467db4403c106f409af64451e9e7f944cafba39bb9bc3546141"
52,"T3_1",5577,506,333,0,"","a84dd42384011cfbc1aedc36a26dbff6ab0dfbca6cd23332c4fc3d0d4b6bcc3e"
52,"T4_1",3946,277,177,0,"","84f37105fe97072649b63dc7d5fc25678a479822970ffde8b20e67aa5049f432"
53,"T3_1",5527,506,323,1,"samenocaste","8866faa126804a8e97377a8491aaea25f9b64d51c87c86a4277ae7bce66cb3ff"
53,"T4_1",4038,277,174,0,"","d97ffa3a50be9a15db48f42f2bb1f02bc005016085bb5eeedaecd076faaab809"
54,"T3_1",5681,506,324,0,"","ae16b4b10066ef053a30447db4bb98c55f6533d4cdfd41e07cd335e71b6c69d1"
54,"T4_1",3902,277,176,0,"","32edca72f3c5088db987e56d658bcbe655761f046f4a6f84fd1ea58c55e4f62f"
55,"T3_1",5630,506,329,0,"","e133b8a8b1a7fd5c54738fcb26138501d41f8ff9df947fa050774a33be94d2c8"
55,"T4_1",3959,277,178,0,"","de3727961dc3e528b5a53a7113405b5e05d7128b463e1210a51d15781a37158d"
56,"T3_1",5620,506,329,0,"","cc550ae43cf693d06922f8ac611cf7a9748cf2f5aa6af60e2448e2e9c3a26044"
56,"T4_1",3931,277,179,0,"","8c75c2e3797254e589f8f2e8b586e5a64d119d4f85caa812829be97a852a9001"
57,"T3_1",5618,506,322,0,"","07319e56ca55136b34cd5dc0807a37d9f2dd9909268d0af25457df4e82dc8324"
57,"T4_1",3930,277,174,1,"samenocaste","1facf84230acb543ff3deb7dade8d3dc0c1ecf9ef98f4d3b252f7f8dbec827ef"
58,"T3_1",5410,506,322,0,"","e7d5bb003b4c25c119bb7d5932b37080c76209231ff5e29dcfdedb47e61dbc95"
58,"T4_1",4030,277,182,0,"","920089382c54fd45431859c8d2bf53c099104b5235383d09eeeb8922a5b503a8"
59,"T3_1",5617,506,321,0,"","ca68095e0d280abc1223e33d621d62ab537462f92854523c71993de88d0c9e24"
59,"T4_1",4048,277,173,0,"","26c1b822a1f9769735253c197506727645ed0bbf25b62995fff925fa48e11b34"
60,"T3_1",5578,506,327,0,"","751bc2dbd8846b7e75fd834234f62ff7459b4e69834fa832470cbd6a6810980b"
60,"T4_1",3987,277,183,0,"","b6ccbcf7651e416da0914cb3649e04dca63963c1184ed9ee2552214198f33911"
61,"T3_1",5656,506,316,0,"","316a31fa99d2eeb63012401d29168e0c406f6b7dac71ed69908a2d2d0eb8a7e1"
61,"T4_1",3880,277,180,0,"","b5fd6c0b4049db1eeaa676876f8460ec820482c3628fd14036eff7165fcbf69b"
62,"T3_1",5501,506,330,1,"samenocaste","9e24daedb7746af25e8049932f12a67f122901a3c22912a20df3ace349b93d58"
62,"T4_1",3941,277,175,0,"","1c8fb006ab25029703f6b27e33a2f088308adc8eec2838d2bba364cab6cddc8f"
63,"T3_1",5574,506,327,0,"","5a6f04157264dbf623060a9790c18d693eafab47b5e05896db438e6eda9d968b"
63,"T4_1",3898,277,170,0,"","9350a22bb3b9a10f7e283f71e97c170d5ebc99d8f0c334213679f2d5dd1680b0"
64,"T3_1",5595,506,318,0,"","0d71a4774585421132f322755476ffe8f05f7d6d802b94ab2bb8f10371a475b9"
64,"T4_1",3987,277,173,0,"","e4fa17c60ec009d417e8093bc4ce3b6b21086f1dfaab155fb5c4ad46bd503cc0"
65,"T3_1",5700,506,312,1,"samenocaste","00a5b18f219b5840df42a2d14f874b28c5f19cddb5d1c01d24bdcd3e3a2a45dd"
65,"T4_1",4018,277,172,0,"","2a69dce50af82c55f7a3e3169bb8ed58f8dbb443b099b89ad34f64b27d978fb3"
66,"T3_1",5594,506,314,1,"samenocaste","0572e304cc9162a52269e89e6da220a3234fbd193f2908018b1bad50fb9580b7"
66,"T4_1",3928,277,165,0,"","552e045f7384d472839969a5b66ca0392dff23e8eb60892a4ee5b5004539fbfb"
67,"T3_1",5734,506,335,0,"","d3e7cc08edf9fa87b7091e3b1d91b2ddd0ad0569d3a96400257dbda7221ffe0b"
67,"T4_1",3931,277,179,0,"","a52b195ba5ec7876f6dda6dc16697b52c62acf0eea18fc0f8863d6ab6f906e8b"
68,"T3_1",5725,506,338,0,"","0ec5ba2ff8a56996899e33c9f54f181972c2063b37fe2b0c699064adf3ff334f"
68,"T4_1",3839,277,182,1,"samenocaste","7a788f066dc6b21a9e7381d36c6ff25a25b2297e08c542d00247769a4607e0b4"
69,"T3_1",5627,506,319,1,"samenocaste","62eb86259b3206aec3b011483bfcd7e64870f106936c0cc50a2217f0311f8ff6"
69,"T4_1",3932,277,169,0,"","1e73a0beb7bd338cb2a0fad360f757545c83851c84d231c2ee95d604d762fcc2"
70,"T3_1",5619,506,318,0,"","a929097e6162a28335fb7f2dcbb3411c37d2153945e4163b292bf88711541880"
70,"T4_1",3936,277,177,1,"samenocaste","1511d05b039570bd00a6ce1eb6151c670a92be86a337e628343505348a4eb0de"
71,"T3_1",5599,506,321,0,"","a8b1128f42cb831afa49addbe868078d869ae5c6674536124ed963e06cd6b0cc"
71,"T4_1",3958,277,172,0,"","f832594a28b64fc854e787a29ed2ecae0f9ea740c1aa1ba93e72279b7cd88a05"
72,"T3_1",5505,506,312,0,"","efa7ef3be9652adbc6082a27a82f1aa5ef65212bb40ccbf58d36df2f9f730502"
72,"T4_1",3941,277,172,0,"","2e917a4bad08ec0f539c8f3278a86327ae6d1a22a363383448260936b7e034c6"
73,"T3_1",5524,506,315,0,"","436d8339b6ac1146e00b084229ff3cd17c8e5b1b2047838a146ddd634307eda6"
73,"T4_1",3898,277,177,0,"","3d36b0fb437393104da6f16601fce98e411d3a0a6cfbd4331a4442e45a47df80"
74,"T3_1",5717,506,311,0,"","022b27d8857cde29655e5c9d18d0c9dea501d4759876e41fdc78044173f0055c"
74,"T4_1",3907,277,173,0,"","d2ef06a49d5d383e68ba4d92c31ed411ae6decc834b22f82901b8523d9566c40"
75,"T3_1",5735,506,318,0,"","c3c4c9faea3fe25bc021fe5084f47fb5a638ae573ef1c38332684548ac03d3fa"
75,"T4_1",3896,277,172,0,"","46ae75ee76a04a935184bcb93ca97d628ef4f234ea81409dc2a41251b46c057b"
76,"T3_1",5624,506,321,0,"","ac106f615a3f4ce16cb88ac9aa25ba9ab59eaea3e290d40b3c5a6065d71047d1"
76,"T4_1",3806,277,177,0,"","1c94075184f23206a9036c7788311bbed005a681b0e08ca85fb5fac1393698ea"
77,"T3_1",5565,506,323,0,"","ab066cab61cc9cd3bd44fd29fa92d0556705156390dc171188c8646127d9761e"
77,"T4_1",3907,277,168,1,"samenocaste","366dba03a57e7f498448f9e1f5d6dd688e05237c46e3d5d6081cc506fd32e131"
78,"T3_1",5712,506,324,0,"","f636f49d10fc865a1e45f6c6a94b4148b60971695f4c10350c85a24a40ca83b4"
78,"T4_1",3944,277,182,0,"","281be6611f2da8bbc7bc21655ceab1ae67a49ea63552d0c30d959cd55a2b5ba9"
79,"T3_1",5541,506,321,0,"","e67010495b91d730477f0c04570c6602b92b216a3b5f45a441680ca21affb04e"
79,"T4_1",3911,277,182,0,"","4772fdea69981cbbe35763db46e2377430c9c18af6460f0e1484a97c9e707b98"
80,"T3_1",5526,506,326,1,"samenocaste","a14becbb7accb0a52b4ed71c95686fffd4b28f496817eeb3b1ba5f2edfc4f563"
80,"T4_1",3954,277,172,0,"","1cba939f0087b004ff1070fc788db358c272095810a67fc0180ab3b87e6c3ca7"
81,"T3_1",5595,506,333,1,"samenocaste","4a9dc4c69c22a76a8ceda208402b8bee83ee0017bb1e31fca97129eb483479ae"
81,"T4_1",3979,277,174,0,"","685c645d4136c2c26629fc78abae58daaec54e3bf1cbdbab55d3b6a1e4f39c02"
82,"T3_1",5479,506,306,1,"samenocaste","e458ab57d2c80850736be6c18bcf70117ab4b8865503220581a9528f8560f564"
82,"T4_1",3941,277,178,0,"","9470f6592c423d226476304939cbaf4d81faf21be014dcbb5dc5863256ab01b2"
83,"T3_1",5558,506,324,0,"","c8ce3942977ee52e59b2011902adcf8ef22c88538fd52f484514426349e9a04c"
83,"T4_1",3948,277,180,0,"","1c269fd9bf81725c61db73c4cd4450f45435ecca4cd9e0b1ce481338eeac3e43"
84,"T3_1",5668,506,320,1,"samenocaste","bd0f0bdadd7018cb900493449dd123917c067afcaf68666ff40cf20db74e1057"
84,"T4_1",4026,277,179,0,"","654ae4d16767d190b058f2058912a3b5bbca26ec665889daac8475623a208d55"
85,"T3_1",5460,506,327,0,"","09316721f760b18298df0bad4dc45d7b1b59685db58c872ddd4405357a2435cb"
85,"T4_1",3887,277,170,0,"","7faa7e8152dd1c6d7523f04cd9c4ac00f16b5b8a246b86de63d6e5b7d9758f43"
86,"T3_1",5609,506,320,1,"samenoage","25be64d37ac384ba3c6fec1e56dec5c88ca44c4d4b96411d34c94168f51896d6"
86,"T4_1",4029,277,174,0,"","8e4f6a0e171efc63d0a6afae2a2e50c9e24c197a1a9b8764662466649288a7f1"
87,"T3_1",5691,506,323,0,"","d83e1056881bb95bfe14c94afc1f4cdb282a35b8a1fb23d4d98415532b412ead"
87,"T4_1",4034,277,166,0,"","cf4f45a4ddbe0969a25461f866fc4445e5cb34db9acb5c7cbe6f7ce28f31fd56"
88,"T3_1",5731,506,332,0,"","88451e391d5463acf3a42e504ee7f031c555666363e7b592c73a01fcc6dbd2ef"
88,"T4_1",3963,277,178,1,"samenoage","2aebbe644110b3986207048b6a5565cd4e10a1dd914a2a5770d2e5c26a76dcde"
89,"T3_1",5516,506,315,0,"","7b211732335f3a32085580893f3daa2f39e918569310ba6caa5d855a54549626"
89,"T4_1",4018,277,169,0,"","3df76a2c03b4006087d593ed15845c99e96db47d5288cb2a104796e6bf00f0d0"
90,"T3_1",5678,506,320,1,"samenocaste","134709ea3b233e837a11e298c110e5d0766cf6bbe3d40c0b774b5a1488a7ce33"
90,"T4_1",3821,277,178,1,"samenocaste","693c3629d1df00446aa1baab0a637368d4e79044a59bd74ab219539bb554bde5"
91,"T3_1",5532,506,309,0,"","9d21721de86dafb0a75547c98e359e18515336c88f265d04546280c9eb2147b9"
91,"T4_1",3947,277,177,0,"","64cfb7c2bf65317d7ed6e007bec8140c00b3c2e191019c2a342463c65c926938"
92,"T3_1",5571,506,323,0,"","1d0db90059295081c064f9c28ad98e772e1d9ba175a5371f2acdea35c94d8966"
92,"T4_1",4024,277,175,0,"","8e24fa8f0b50e5b92df8e524501084a52e38deceb5731633cb1e625961a74c51"
93,"T3_1",5529,506,304,1,"samenocaste","932b59e78f5598897c1d8e5267a0607e458a1394938f9ac0f1dc9186e4e49d8a"
93,"T4_1",3949,277,175,1,"samenocaste","bc86a52a5e75e336e955759a660cb4c873a9483aa2e8cc87f4af0a7f3c48dda7"
94,"T3_1",5540,506,321,1,"samenocaste","36c79d1e04e761aaf0b99dfa940eeccadc8f8f686b668c1ec74866641ccb3982"
94,"T4_1",3931,277,166,0,"","e4221d7420ce6ce3811962f0eba2c3cfb1cffcea330100c4ea0238e6fd5bfbbc"
95,"T3_1",5576,506,325,1,"samenocaste","1cb20999b2b9086961f3eeb0b8e0ac947e359489c57121fc1faf2fc0c018c19c"
95,"T4_1",3965,277,167,0,"","1208c00fca0470a032a1c1b6f10a43aa90f5a22321100da0f291cb99e42c8578"
96,"T3_1",5639,506,320,1,"samenocaste","8811afcc2cbd981d0dbe503b0af1ee4acda0b16d512808533569707c3cb2c685"
96,"T4_1",3849,277,169,0,"","2808d983bc2bc38390362ff54e6d9fe20483e39cd1c5d378ee45dfba2345ee2a"
97,"T3_1",5570,506,325,0,"","2d6d7cd20d48514cdbdb8b1d6b5b4c6d16865c432d01e78dad7a6864614e657f"
97,"T4_1",3932,277,168,0,"","d30b7ff3f19e48c97951cab8f5a008819176a758adc608867a7030285fa877e2"
98,"T3_1",5623,506,307,0,"","2bd753d3643875238a0f4a3130757248653d0bf675e3a1983428d31d5513599d"
98,"T4_1",3986,277,173,0,"","a78d072557a23234d1151efef337922fab0ce19a91f2c0b567de51797c9a3290"
99,"T3_1",5544,506,316,0,"","6882263d8c86a05ab198ac473c12129aa87256bf1005291e5ca5ac25ec87ad51"
99,"T4_1",3877,277,166,0,"","b4ff21f3dca83d759cf07cdc7253b0d0ba11e3f365e25565123aa7abab34444a"
100,"T3_1",5595,506,324,1,"samenocaste","50776f2f2c1468be5412de498a26357d1aefe7751e88015ab3cad00fbae1944e"
100,"T4_1",3936,277,170,0,"","20c5b7eae0e28f3a670d37a8170abea701b0d39787a073cc5eb3185fdd9c9323"
101,"T3_1",5578,506,306,0,"","e33a978b546c3bff7d28524263a52db69eb0d96ecfcc554883b43bf9142adae0"
101,"T4_1",3884,277,179,0,"","612f63f6210f907c48870bfe05f5b49f01eacbced06b9ac086e7fbeca88be21f"
102,"T3_1",5708,506,319,0,"","3866d9f20e71a096febb5e32ab5c0f386ce66ff808a1e830262349da5d5a263b"
102,"T4_1",3896,277,179,0,"","a1ece841225d5dcdeb10a08a7a62863ef65ad70a8239118c5bb3ab49fe1724c8"
103,"T3_1",5515,506,316,1,"samenocaste","9eeae4b57c1720d2cb4c34968740da058338fd46ad7a3e7e1a0cdfe2b1979202"
103,"T4_1",3955,277,181,0,"","9bd243b164afc4452feb758b2c13416bd3fc70dfe50dff34fe659aaa5e017cf4"
104,"T3_1",5457,506,316,1,"samenocaste","da05f641035b718567a6744b23f13caf1f7791e1cc7e6241228476f88f5fe98c"
104,"T4_1",3986,277,184,1,"samenocaste","bdd2c70d04b2da31ddb3cb170470a2abf880113fa33c90bbaaee6cc4e9ee3307"
105,"T3_1",5594,506,327,0,"","d82091fe3f498747ec20a6b8ebb063f8cfd8dfff892e402ddde75f9a68b7855e"
105,"T4_1",4003,277,181,0,"","04816ec8f89d235bc275b57b1c17ddc8dac843c4d5926b985864d3e6b49c13e4"
106,"T3_1",5665,506,320,0,"","66b4e50ae930367bc4e215406c79cb2cb204c1273fff85417af008061a375a57"
106,"T4_1",3997,277,168,0,"","c9c1c96f65302899e030e9552c2c20c4e72c1192038fa543093eaad9a0c56daf"
107,"T3_1",5753,506,330,1,"samenocaste","1eb9737d4902b63feba149fff08c0b0bee71ac48d8b5f78112d7aac69cae7c55"
107,"T4_1",3957,277,183,0,"","bb44eee95432396e3026ae0c35f26210bd6e08cd867d5d099ec4c1c5fd762afb"
108,"T3_1",5744,506,326,1,"samenocaste","23f6a455493fefafc5d137c24d6257970a8a740b3350d057c9cdc19c34109790"
108,"T4_1",3907,277,177,0,"","a7f346f69bd542aeacf0dafa653e0c7c7a023375c3340f140e4992e176d111f8"
109,"T3_1",5674,506,321,1,"samenocaste","0c519de2d54801c7e88937ee4b03bcc97ee96528325e57b747ad54a2da2daab2"
109,"T4_1",3864,277,181,0,"","60a36b87cfbf378333beb492e774be1d527c2c17b12deb82c55c1ff2e9835ea8"
110,"T3_1",5590,506,323,1,"samenocaste","d7069ac984556c0aafdf473df68d2ecc56a8e7716786240527b12e1acc4f2f45"
110,"T4_1",4057,277,175,0,"","a1e10193f4081f803d96311e10a3129068c7529d38c1ecedac2003f7846c6213"
111,"T3_1",5727,506,314,1,"samenoage","00236d8e5417fad884950532b97256f28ec2054fb1e885329ca60418ef402e86"
111,"T4_1",3917,277,174,0,"","de85c241154c016514ec886ac7f3a11b2eaf2befa0f302c7d63e93a99ec5d344"
112,"T3_1",5559,506,322,0,"","f1b5eb762259013998e2a28c09c271ed94897f97bc9f20a021ee8b933e892270"
112,"T4_1",3995,277,174,0,"","21e3cc6850fd2af6f0f88d1679886affefb0a6e99ea99c3f4a6193876a69d9aa"
113,"T3_1",5663,506,329,0,"","0acc2dac5b1b7adf057a8afe7ad6526f34a30919ebdd5738391af91800ab40d0"
113,"T4_1",3990,277,177,0,"","36540b708741fe49260139dbfa7b5f9859c7b2c6568638c31176e6b8fe1425a6"
114,"T3_1",5680,506,316,0,"","fab76ce805f11ae925c7ae8b091fc93f49ed1395234fdefe8bf84803e0dba2ff"
114,"T4_1",4013,277,177,0,"","3f85d0b8df97ba16f8367301dc8e90adc8e6e04ab969c94cde856a635c7b24d7"
115,"T3_1",5511,506,318,0,"","582de29ebb2316541097e98217d4667870685d225c8f5691c760fd62611b7d64"
115,"T4_1",3931,277,174,0,"","a67e02fc6600f8dbee344c42f98c1b6e49582b217bc5283349d6762e70002216"
116,"T3_1",5629,506,304,1,"samenocaste","29dbd59a8962d37fb7eff6dd1fde3b7588e565ce9b705e9a916846444490ad53"
116,"T4_1",4027,277,176,0,"","0eaf5c2d73822896f04df82fe8955fd84439ee8338372fa9bb35bee6e3cef3cd"
117,"T3_1",5644,506,339,0,"","5ea9e5caf92725fbcceae965d6d574aa891f29dabc25c42dd57cd9d71e2295fe"
117,"T4_1",3855,277,177,0,"","0d35f16cc65269a335e139e3d1387d2a5643a91455f0e0003ed4070d35ae62c2"
118,"T3_1",5684,506,319,0,"","abfeaf8ae0fd05d701e1d6d9e56b267e9525de390a2c8090fd61d382c74afafd"
118,"T4_1",3907,277,174,0,"","8f0ad7a0193e938cf0263c68e102b58662da50e5e36e2ab83d0117e142c37380"
119,"T3_1",5619,506,310,0,"","a7fab8cd5cdf72552dfb3d10f415952f58b691ebbe3f096e5c327199aace258f"
119,"T4_1",3941,277,175,1,"samenocaste","07e29e907d119f9705b323f454042ef59cab3a12e2c7a7649d268a9c286979fb"
120,"T3_1",5450,506,319,0,"","002bce543965ca46dcae61e173b4b071deadbf3c1c9fecad2fbd60300c124e47"
120,"T4_1",4003,277,171,0,"","9611c56e40d29021c485ce7afdb871e29bc7da24666559b3f70a732680fc1043"
121,"T3_1",5592,506,314,1,"samenocaste","6523a0c63292cf87fcd68b59aeff0166254f0cbebf9c04b0baaa608beebde091"
121,"T4_1",3977,277,172,1,"samenocaste","5a37e7e049fe8b5f9ef3220375afbeffe08cb7f80df0461d29d2aeebbe5e06ce"
122,"T3_1",5640,506,332,0,"","c0b4af94f9a9c03636b514046d2caa553e049ed8adc5abfeebcaa00197e452a1"
122,"T4_1",3923,277,181,0,"","f60a761e537edeb714b6de8dc0161dd9d88e39e6f2c1d23e48b4ff79aae39411"
123,"T3_1",5523,506,321,0,"","4337b27388a0fb9639276db831ee7ad9e7755f2f0042ea4a74b4034498acc406"
123,"T4_1",3899,277,179,0,"","8f0f5e18498b8e5e694d5fa5e9a882721fcb6c9b956c83766703040909383934"
124,"T3_1",5608,506,318,0,"","926991635ca68f70d02adaab18fb22c8618c15db37bd1207f7843cde05b5a146"
124,"T4_1",3969,277,171,0,"","47e23de6d40f6e9d175e5ab39f38471faf9b6c21106dd1cfe4dc24107a955c30"
125,"T3_1",5597,506,318,1,"samenocaste","7a961edeef35107bc4c4259e47a3dd8b05b94a82f2ad4cb53e1697119e12618a"
125,"T4_1",4029,277,184,0,"","c9bf6e739e277875e85dbf821221df6b2f9ec9cec16f3296e0dec91f19b5b46c"
126,"T3_1",5567,506,330,0,"","9cef3b15058b102331e49c8cc2af1d18e95893fc4841a61a6d2a851f3580955b"
126,"T4_1",3884,277,165,0,"","9baca155febd716a89f3a56fcb7cf6fe9be93bb7f38ebeb6fbcef47b354e48a8"
127,"T3_1",5664,506,319,1,"samenocaste","7da4e485a67d6d1c5aaf050aef186618fe01fbde4f37ba696d77a446a2f75088"
127,"T4_1",3948,277,172,0,"","e698a0462dcb1e91d77f8aea32807f0e46ab5fcb186e521e937fc8e57309b579"
128,"T3_1",5526,506,317,1,"samenocaste","c080cc5684b097e15f9bc470eeaceb491127830ffdf49a097ed4754bc586651c"
128,"T4_1",3965,277,171,0,"","a802ff0602e90644a0b1cb6bfea3726b312ec6cbf6bb003a238496fab22ffa21"
129,"T3_1",5619,506,321,0,"","f7c49562a5f31f693eac8c6d1693cade28cedcb61fdd1fcde67a65bf7e239482"
129,"T4_1",3968,277,175,0,"","a79cb377ee20cc61e787fe0958c0dc023a90b5f4fcd0e94822b98ad9c49981ea"
130,"T3_1",5575,506,323,0,"","74f5fd44d7f2e893395b7c4b63ff45b797c469ef46396a0b8c7c85c311b4c126"
130,"T4_1",4045,277,172,0,"","fb945ad0691ec8e81d5459a8441d6e1f5078745a61271bcfdcc19a7bf6be6b92"
131,"T3_1",5561,506,317,1,"samenocaste","87f11bc597f3214413a96e8ec05baad7a0efc9daa37d4c8af29bddc8b5da05f6"
131,"T4_1",3954,277,174,0,"","487efd91fb8dd67b2708cbad8538162dec07768abdace8696fc9401b0b996ecd"
132,"T3_1",5569,506,326,1,"samenocaste","11835ef2e0a41552ff9a8a96cafbb843d192b3c3c9e09f265fd8f0f048c7f6fa"
132,"T4_1",3910,277,174,0,"","50779c871511f174cdf10e55611c88029136d827d6151eb7e605e7df89b54787"
133,"T3_1",5692,506,307,0,"","ce40c4a61da6e9a48057f6cc8e3e9fe012d0751a3dd319181e2af9b61109533c"
133,"T4_1",3947,277,176,1,"samenocaste","22c349f17bfc29024c3a1557f2d9d3d8cfa60d1b977bb10ae1eef6cc45007676"
134,"T3_1",5643,506,323,0,"","e5e879babb0ee1b36ed7ab8e777ff6eb8f88b01259ed73c8d26300bcfba12fd4"
134,"T4_1",3946,277,173,0,"","188a87ecc84beee46c24d5ce6ffe1988e9db6b037da80532d9f7557e01db416b"
135,"T3_1",5653,506,322,1,"samenocaste","f6fdc3690380eab880e86dbfb71e2d365f0def8fbf647d0acf170ed706e61399"
135,"T4_1",3964,277,177,0,"","94f2183be6444878da7edc7d2920de2acee693fc1955266a284fb4fbc571a130"
136,"T3_1",5732,506,318,0,"","0d51b3ccc6979d2e926a04e5c1a0f64a408cf3530364b9861eb6c0a0c7177db7"
136,"T4_1",3987,277,172,0,"","71cc539f9a7da02178e291c682d82942cbd002f52a8f26b6691183eeebd14ae0"
137,"T3_1",5611,506,325,0,"","5c8026cb8b0b7fa759aece913463b732fce0b06a0fe8c6e18762bc37f6d76fe4"
137,"T4_1",3914,277,164,0,"","0470a9eca2d3007068144d699dd197337fc30c5cb884ae7cc16777b44a9cc921"
138,"T3_1",5631,506,322,1,"samenocaste","7671e77dbe59c2c434df83f7ffcfec8cc73797a9062c107e2c64d71ced5fac23"
138,"T4_1",3939,277,185,0,"","f729bd71cb766136832afce489c01dc605cc46c19eb8a4e8e15f7a4e1c9f818e"
139,"T3_1",5657,506,321,0,"","d115a883e13da3ca78e0c33972c43ae28d6225e3f83744d6b4ad6aad2c0e3718"
139,"T4_1",3988,277,180,0,"","e460d7fb3ffd87bc09b5ee789a5f0340deafeacb2c9d6e2e8888e09d111e9e94"
140,"T3_1",5661,506,314,0,"","964805f57c594076715eb917c9588a0ee1cc86b698c5f4678ab297a75b279dcd"
140,"T4_1",3895,277,173,0,"","7afb49b49b53ac22f3eb408fc0af63ca2f7a9989a83388edd61d072c922ded20"
141,"T3_1",5613,506,318,0,"","6a0fec62556d7945e7bbeba5d0eb11fd2af2b191946c3b0857669ed5b4565c7d"
141,"T4_1",3975,277,170,0,"","5cc326dde5a2fa370f6874ad788a7595d81fd35e778af6bb3a3db12a0b66aee2"
142,"T3_1",5699,506,329,0,"","ae06e2e22732627ff5fd8a6c3f222c8d21e25f1f9bcfa618911bf7084cd83e38"
142,"T4_1",4047,277,170,0,"","1ff6b330649954cfd920b7d9768d730761ded4eed3788114fe8dd1df3c80bf2e"
143,"T3_1",5655,506,328,0,"","01ccc2d87ec4986dd9213823bf8c4e8771ab9030711ec7ed1ccf417e540e4b97"
143,"T4_1",3942,277,172,0,"","de5861e566a42414f8b8c00aeabad8e6dc661a534bddebe807d46a4aa57cfe89"
144,"T3_1",5739,506,326,0,"","f2a3f7dba9af76d9892acfb916f03840b14b8d03ac44419ffe7f3a66922455fc"
144,"T4_1",3937,277,174,0,"","ceca169dea11ae5fb186b3f8494779b30514e1653a9a3fd86dbfd04d350880f0"
145,"T3_1",5773,506,313,0,"","14d0e246d7966e2ddc30650f19ff1e7fbbf2be2b39d39f1827d69fb332f4662a"
145,"T4_1",3818,277,173,0,"","a2bb3682d493d68e0cc1eb72322dfc5a0e2ec7484eb598ca2ee9bb5a69db63d1"
146,"T3_1",5485,506,310,0,"","0fe31151f5fb2a4585da9d6c352579a49ad6f1eea7bd111c90a1cc3102d90c24"
146,"T4_1",3889,277,180,0,"","fe50601a14000d217dba4edf121d0b3da5bbd12550852122fcdf55a4bdbbfae6"
147,"T3_1",5551,506,321,2,"samenocaste;samenoage","269bdf38af685f5e9e8fd0b0b2bd74ec8ebdb67a068a6e269efe836087757fb2"
147,"T4_1",3935,277,181,0,"","39bf5d73d7bf78360d53a886d229e1fd31ba9a617d35577247c4d4938337e6ce"
148,"T3_1",5662,506,338,0,"","cff0d2c766a23dface4e883207ab6e0110e808191c02bf304d2a9d3497507129"
148,"T4_1",3911,277,173,0,"","87f3dae16c258eff4786e9281ad58079cea45d52ac5ac93400d8b7786a5f8e0b"
149,"T3_1",5654,506,318,1,"samenocaste","59a0ad1653219fbc372f8c268e29412a3798e6868d19c2759abb0097921e3c78"
149,"T4_1",4000,277,163,0,"","c270a3c14e5b06465f9c89b7b974ad73fb52b282401a92d31297c4bae0d9a2ab"
150,"T3_1",5641,506,318,1,"samenocaste","3f396db338a4d48ff4fc7cbc4c7b4758e39323f11faf7b21f62f0b7a6c95d7c4"
150,"T4_1",3943,277,175,0,"","d21352dee52a35e1e227e178219ceaee2a7f1aee70014ecc1d46f76450261b17"
151,"T3_1",5629,506,323,1,"samenocaste","6cfa3d363f2f243947512d367ff49ef7570ac910f4ba3e8bd99d3baf1046099d"
151,"T4_1",4057,277,178,0,"","65bdd94247b61a2c336ce36a5ff84b9ce56dd04fd92f0f8b95a991d2e68cd138"
152,"T3_1",5434,506,326,0,"","1ed5253067b9faa41ac5a3942ce51217b222331dc1fed643bb55b9bb9100c9eb"
152,"T4_1",3967,277,182,0,"","902b8281926c22b30af624ac75af9ea3499af8c5a1a93deea958a0c1b284171f"
153,"T3_1",5641,506,319,0,"","d9ced731979896e584a05dd36803eee1c8d0650ed8a728a5e2f66f61ddcc7adf"
153,"T4_1",3823,277,183,0,"","cf39f30060026851b0ce56163c368a33552efda250ba7e7a499e567264dbb0b4"
154,"T3_1",5458,506,305,1,"samenocaste","74d63cad73162148a3229c4aa93be2f318510d73076bb92f990b87f8008a0e49"
154,"T4_1",3906,277,175,0,"","7eb8e7a20b51022bbb63ee666dbebe2c2f0ce4c7bd4f0f686cad632aa2504543"
155,"T3_1",5603,506,318,2,"samenocaste;samenoage","32da88d2fec5d991aabe4716ab3345d2eb34e8ecd779dd0061400879f1d8ec30"
155,"T4_1",4025,277,176,0,"","68b1345dcba205c646870c012ed2c48b2a7f618bdd4a9d33b309940478bb04a4"
156,"T3_1",5642,506,318,0,"","983423423f710536d990426ea44300237d310bbaf405b27697e861a20b6df99d"
156,"T4_1",3983,277,183,0,"","b4208858054545596b5394f22bf09b10e381c4601a3bb2131ab2c92a1d79d5e7"
157,"T3_1",5657,506,326,0,"","f40c5448fcf4f46b3f73280a30f3c7cebfec72c05bd16c87d5ccbe4d55076ac6"
157,"T4_1",3859,277,177,0,"","984eef785be2cd543ff1f9cb0478ff41da23384b8b7dbe1d062b79c022745650"
158,"T3_1",5622,506,323,0,"","ef20c2a20353995e01fc973065a56f3f46fc71238995f0ce46bf2d24facc1139"
158,"T4_1",4006,277,179,0,"","2a526632ec8f13609c1d7c8370f306b7d51423e94630cf20ccebcf736bd8790e"
159,"T3_1",5654,506,319,0,"","96f6fe5187e37847dac665690bb05731078b0da475d2259b47777ce525a88382"
159,"T4_1",3812,277,176,1,"samenocaste","949d6a2653c5ff25d6bc0bacb9f74c47ea1779e632f7e196240e5ae73f82a3e0"
160,"T3_1",5763,506,326,1,"samenocaste","cdac0e416ebe624bf4708209848d7c015c072c4b407efeb7a6f00b019585dd87"
160,"T4_1",3958,277,178,0,"","93cb592432bc93edeacddd76b594d322ac8bd7190a04080ccf5ebdab0e1d9402"
161,"T3_1",5606,506,327,0,"","6dd53e0d43182483901073be9e1ebc2dfdff2bf2ba7ad74220d93a1f6fcae94b"
161,"T4_1",3940,277,176,0,"","361658bb23440d531104686cc79c277a436261ebd8d9fd9c4202c7f3451d7898"
162,"T3_1",5609,506,320,0,"","1c4707499a50003ad6c3967f3d7179039d7e8e3fec6a2345eb9bb56131fb094a"
162,"T4_1",3981,277,173,0,"","14ccde87fcdf41c437dbd6c24787409d6145a07a1b4b8df72a9f9327a7ee6ae7"
163,"T3_1",5802,506,314,0,"","d7e70d0db9e1d1e6237b20b84f61128b3ec3ae84dd0da1d77fcbd19cb3424ee4"
163,"T4_1",3926,277,175,0,"","01e401c4e66f714330a79c97e9740addb29431d520a2a1e36e01b7852ee99488"
164,"T3_1",5561,506,303,0,"","283bf694db3dd793919769e0df25e8ebf30b0068db67df9ae94f3b8ddc09b620"
164,"T4_1",4010,277,169,0,"","0f0d61a10b59c7fcd14cd6ff8cc57bf714f174f489dd90d9fba9c270b72580d5"
165,"T3_1",5644,506,311,1,"samenoage","188988126e25c095bc1f55405dd7da24e6e47066d164b3be919a23b57298711f"
165,"T4_1",3942,277,171,0,"","ef676dbcbb134766a1741a0d300ad5d6edd14bb2502d8ab4462db382a746a283"
166,"T3_1",5581,506,318,0,"","9361ece695234d5982b41d887db5d586bbbfa30512448c015bf0df9b7ec94d78"
166,"T4_1",4027,277,184,0,"","6658f85c65125625deb45347f64f38f19ab53451aee66db5fb7da0aedad0eecd"
167,"T3_1",5657,506,322,0,"","fa9b87da23832a6c185bc69a4f1decda96236cc4d64eb1cba1892f8dcd2798bf"
167,"T4_1",3961,277,178,0,"","6b5a57903ced7351351c639a334416961cdd961182896126939c8af283eb45ac"
168,"T3_1",5494,506,313,0,"","6bb665a8248e268afa110faf7b110ee25d3ea1dd80c50c04767a4a1c955cffef"
168,"T4_1",4011,277,180,0,"","1896694ebedf67deb283afc98c16ed7f61455b505a1ba5d4150824e6d8f1cc8b"
169,"T3_1",5549,506,322,1,"samenocaste","72407544b222703efec03ebe7f35ae6b2c6d3cedf34d9372f12ea9ef86fdd7d7"
169,"T4_1",3905,277,184,0,"","43738750894297a00f5175cd3ee04d18e520a6e657b28436bd6856a3a43a98e4"
170,"T3_1",5653,506,324,0,"","38fd5a0ff805ca8794d3704f5c134198a689775afbfb0f4ff9589db014dc48e7"
170,"T4_1",3939,277,181,0,"","52c863dfc3cca3e344a48f6005d1656e3e46530f1196b58b15f9b4a2f35e7399"
171,"T3_1",5558,506,315,0,"","d1cdb3110194806ff76891f885272af3d228c05288330405ac8d0b4e9dd202f0"
171,"T4_1",3913,277,168,0,"","c451298d094a7d01b52e3c5966b23394f6c4debc4556005ecc06e8610752385f"
172,"T3_1",5740,506,308,0,"","4a8f1a9a4242047c691047c30e515cdfc5eec6998f9093f063faa4b2a0834d24"
172,"T4_1",3865,277,176,0,"","ed290ab7128c3f3742dedabc2dc4085fa2bfdf13df2ff27fb1aa9cfa5c00f938"
173,"T3_1",5545,506,309,0,"","fe00bf335a77400197ecc84678a9f00ff740edfa87a9feb8da102903c849ddae"
173,"T4_1",3945,277,181,1,"samenocaste","874c397d3f17f78ee8cad6aabc053814eec04a339b02a728c9a7d549e8369bd4"
174,"T3_1",5673,506,318,1,"samenocaste","9e44f024254793da6ed0cdcd078e1fb97967265cccaa0a7bfddc9b7e649a7ec9"
174,"T4_1",3936,277,173,1,"samenocaste","44bab3010cfd0ad452b9abeba08a10e479f25ade341f97bd5493344179512469"
175,"T3_1",5476,506,328,1,"samenocaste","9c55c9d50f65e444dae104dcbe0259df06ba7a45f5b01a3d437f169d567983e5"
175,"T4_1",3892,277,180,0,"","9da7f35c74066dcdc0eb18adc2d0cb4ce9339aeaebebb010e805e0dec2feeebb"
176,"T3_1",5440,506,331,0,"","ee28911b2959f0f963b22772c45c09b326001201b6a04cb007a315f46902219f"
176,"T4_1",4030,277,179,0,"","5bf442bf3ea356eda7da4c6edfc29ff1b322c8e464c06d9dd6ef57a28067ad09"
177,"T3_1",5488,506,314,1,"samenocaste","7cb5ef63f02cf10c8f834eaf9967ba1b3f6860a9fbcec7788cc50be44c0946ff"
177,"T4_1",3926,277,174,0,"","61171063e29d82fde6a51cf904dde4455bae1436fe6b1a16b5f604fd0209b808"
178,"T3_1",5533,506,323,1,"samenocaste","c0818130e35f85a2fd018f72a30577e9f841243287d7f3cdf960f0fd8ca4f718"
178,"T4_1",3971,277,180,1,"samenocaste","07182c31ff8bf1e1bd5db83d1752fbacaef66b7ca20315a71d4dd7da69170c06"
179,"T3_1",5696,506,322,0,"","fae269eb26047cfd37dc68fd822ad3f05e3b721ad907fb19051f16e038fec926"
179,"T4_1",3873,277,182,0,"","f7213432941727f8bb357487224005c5c54584f8e9ca558563c27c9961be3670"
180,"T3_1",5541,506,313,0,"","abd3cbbb6edc54b31044c7a378d89796c4eb9118c609109870f058a162173733"
180,"T4_1",3971,277,178,0,"","8f2f165fbc432b955af3b1fab9c5a847dd5af7e7d0dceb26fa907f04b17982a4"
181,"T3_1",5478,506,328,1,"samenocaste","efbfcd19833019c4a69aa4bfe53cda318dfe57b98a66d351c2ec269ad1941978"
181,"T4_1",4085,277,170,0,"","cb728c8ef1672f28c00f4b325f3a48faf6ee652afd96a5455843e4cfc28f9da3"
182,"T3_1",5660,506,309,0,"","360dbafda89ef5fcd1a702231bfab11a719dadb375a4925e49e4d805d3160960"
182,"T4_1",3950,277,180,0,"","30d1a7233b5a3fdb7cab9fac9bdedd9869b4b35412ec7db6b2efdca09c167cd2"
183,"T3_1",5771,506,316,0,"","276eae1a96cfd47385d873e7b9177d4e78205fe588c4b2ad02a3da651a968ae5"
183,"T4_1",3978,277,173,0,"","8ebf5eeeaeacc80d52c672856d94359e54792fd4f6412db615590379cec1d080"
184,"T3_1",5569,506,315,1,"samenoage","67854df277e2b067de8f97553f37385d07bcab0883776e96bb1610e522220759"
184,"T4_1",3943,277,186,0,"","dd09111e520b61faee65d46a8940c2020c2ec9d8295093ce359199ae6dc20219"
185,"T3_1",5542,506,320,0,"","b9ecfbd617cec36a64edc4c17aeffdd842f7fef2b23d61d476eb418a3f9a6fc7"
185,"T4_1",4043,277,176,1,"samenocaste","9df382bae26a61dba511464b383d7f3345b83e3e65fba171b045576cfca97bd7"
186,"T3_1",5729,506,325,2,"samenocaste;samenoage","679b5d678f6083c103071e3ae0265d0f5f29659485d9186b9411d05e17f5777b"
186,"T4_1",3919,277,171,0,"","f3572ac7b243c8e54f861c1b7fb0b81e3e04ac1d32eeaa820ed88ae551ccb58f"
187,"T3_1",5576,506,320,1,"samenoage","c9e885e37bb2a33ff4157ded3406a882e0779fe394e0fd7297b25f55f0a04a04"
187,"T4_1",3908,277,184,0,"","d7be86ebc7b276f44e5a3a2aa9edc3c7d0d5455f06ce91cbf29326b7a4439662"
188,"T3_1",5916,506,318,1,"samenocaste","ac413968c29a21fa7fa42697ccf55b99086295bda8417f02be5973102acac67d"
188,"T4_1",3895,277,174,0,"","d49c0c39e6ae31d2903121f587d714484cf2054e9aaf27612745e7ea43210ad1"
189,"T3_1",5655,506,329,1,"samenocaste","9f0e65e707aad741dead5d88e499d248dd974076e457c53f6506e8bea665675e"
189,"T4_1",3934,277,178,0,"","f3bbdda0ada2a0497b04ac1f15807054e70fec407c32e3cefa81ea5de7a19683"
190,"T3_1",5682,506,310,1,"samenocaste","632c790f10d7035e92c56995964a0c4c317c8bea786c520a8a74a73eedb45592"
190,"T4_1",3911,277,183,1,"samenoage","3bf0d6e183b0d2bd7ebf94fa087bbc45cd7eee3d7668c228e3d9b26ef434b631"
191,"T3_1",5555,506,319,0,"","01250bfd050f2b88e82b1830dd5e3c6eb7d520c7c5400d0935f4ac92014af82b"
191,"T4_1",3918,277,165,0,"","797afa5577f29df42f7c703bcd3193a7d90183539511f24a92214b4f3a90870a"
192,"T3_1",5688,506,314,0,"","2b41d68ee64fb5d06ae4524f89620b73a99621d813c93afd9aa359253411ddf4"
192,"T4_1",3982,277,177,0,"","d9af9ec904788206dd2a0fa52089aefc344106c8209df12dbaf59a28058c94ae"
193,"T3_1",5711,506,319,0,"","ea813495e6d4cc051f9258e7ac510a3d28793c84fe5597c78f16820ce5a635f0"
193,"T4_1",3895,277,176,0,"","562b2d5a110dbbfc29025ed908810f4b253d0e4bf1f89f97f2c9756eea13cc57"
194,"T3_1",5698,506,318,0,"","916cb15d4535f1de96df1768c4d6abd36e8dc41cf0dc84b95296b08b41108638"
194,"T4_1",3962,277,181,0,"","d51306f2a93953eb8cd32e6110147871d2389314f0be2974f9bab3ff30b60afb"
195,"T3_1",5665,506,329,0,"","841961d5377e3bb3b4f9876a8e78e9ffab6266d6efb352bdb1dac7d09b4ea17b"
195,"T4_1",4000,277,171,0,"","708462ab89fdb6b35b9fca155a7036fc7d803779f7a907163873cd14721dfe25"
196,"T3_1",5728,506,319,1,"samenocaste","cf2cc8363136921af5f3e8c51807e93cde8e5b86fc8f444b0147d497994e5611"
196,"T4_1",3965,277,173,0,"","655a642e64210a6e58e952d9aefdabe5cad0909b8adfc99a88b1fb4be13e818c"
197,"T3_1",5563,506,334,0,"","4a78035bddd56d3d48106825eef0411f99f7548d504270c04f35ff068f35ad79"
197,"T4_1",3958,277,178,0,"","717b9f8e82b8e82966222b444260ae665f8c9d20e59fecb7347924912a0fbbe7"
198,"T3_1",5629,506,324,1,"samenocaste","72413f6eb38f47d663dd5380cd93e53fc9b215823eff554bfd788aa0fab234da"
198,"T4_1",3944,277,177,0,"","6922a81c0da754034a33e3ab745bf0ecc0450c3709564cd9478022c5d21a0725"
199,"T3_1",5697,506,327,0,"","4af6c2cdccc7d932ae5cb23c8412f7a877bcc3a5dc74ea0eb791d8b38ebee99e"
199,"T4_1",3982,277,167,0,"","a6e65fd8c819b209bc372b814aa8ff2216e69abcb7ce1963312241c0e59baac5"
200,"T3_1",5403,506,314,0,"","7aadacde17cbf7ab9ab2011c2ff2f88f1d668c5f8cffe1c9e135fa771aeeffb1"
200,"T4_1",4037,277,178,1,"samenoage","824dc111985ef2cb277e2271d927d5826af1e9522f1204b7728c5b4cb1a0facc"
201,"T3_1",5659,506,328,1,"samenocaste","f6c5c06634f3ed3696664b0f2d79db3ec76e9f0ef32c68f9652614498b2370cc"
201,"T4_1",3932,277,172,0,"","06854a327544b9fccacb703bb446bd8a2b261dec6f520e8f8132d58038aa1bbb"
202,"T3_1",5709,506,334,2,"samenocaste;samenoage","64a8e40fc2748d6696af8070a64cacfb76ca1872ace4895f9d107282285e30ff"
202,"T4_1",3994,277,171,1,"samenocaste","fd5deba81e10e01b1b35f6c0d15eeff17356bf270dcc0b8ec285c93b548cf4d3"
203,"T3_1",5654,506,321,0,"","625a09828895a06bf523a56d478161ddfeb05c7daf426eb915fd519dc04b509c"
203,"T4_1",4033,277,174,1,"samenocaste","d5d1c3322130ddd5884794312c77d3bcb07046980190bdfdee1b820cbcc91698"
204,"T3_1",5453,506,318,0,"","7e7d4bd34f7d4017c57a026a03f00cc651744191a3ddb55ad4235af9736c2618"
204,"T4_1",3999,277,175,1,"samenocaste","9807a8bdf794379f3e911c5966306721a84f501f7524949da6b325f4134701db"
205,"T3_1",5524,506,328,1,"samenoage","75ee13a01e9a19d7ee7eac51881ccc308fa00e65f4316adfa2d2472c03211192"
205,"T4_1",4128,277,179,0,"","444806e078f07b61518c0334f61a07d9cd2d7dfe9b2b7bb3c0f7055222ff29bb"
206,"T3_1",5607,506,319,0,"","7314e5ca1349b7341489c40678cea633092f857e2564a38d4e3b4a5034eeecf1"
206,"T4_1",4093,277,177,1,"samenoage","06521557e80a7e04cb9332bb984e7d0b53985c5f15e19396ede44695056dd235"
207,"T3_1",5612,506,311,0,"","e7a03dd2e7d51b37b6c1f8809b3cc32462974a6910f679a3eaf33e5a3cd200cf"
207,"T4_1",3864,277,172,0,"","e327626d46326c7a7f997226c795baacaeb9f7b612ac28446df2d5a94930edde"
208,"T3_1",5630,506,315,1,"samenocaste","73ae57aab752791b99a9df36df5fc89b98a51449b9d4135e619f422fb9749dc5"
208,"T4_1",3931,277,170,0,"","ee43045ebcb4076f00c7b10e261807078f77af0d6a62b8a5b299e3a46bd32d7b"
209,"T3_1",5559,506,320,0,"","85ed61753423d89542648fb5fa9f39cef4db0e317ec837c757b6aec241b0a439"
209,"T4_1",3972,277,177,0,"","0003882386f7366b903c3934fc9c4a2a2dafc178787a0c7a0c815def365d1989"
210,"T3_1",5631,506,321,0,"","0dda114fe32e1c0eeaa21e03c0d24d7833a73925f4dae26bb1ab30044f7cfdda"
210,"T4_1",3926,277,176,0,"","c866a1cea9f9e96fbf0ae9826baf3aefc8cdd11106653bc0c6a9b9dbbbbc6d95"
211,"T3_1",5676,506,316,0,"","4c14e8dd3d7e391b857ac34d7558bf7f73feab8d074fbc21b0097e5866430439"
211,"T4_1",3853,277,176,0,"","93cccbfb67526f1258a73596992f6ea53e2269452b3e35830eb98a52491e318a"
212,"T3_1",5509,506,314,0,"","1a9b377a4b91cea6c6f8995dd4d887b96cb5fdf7da0ca084ef0aa26b1fd6aa5b"
212,"T4_1",4015,277,171,0,"","fb92f825162f96cb5ba6f800e31e125db9b76d20185843b5aa3488995c2fbe35"
213,"T3_1",5620,506,319,1,"samenocaste","477fb58ae5c649462c5e2a80e917f7932b04109680c0a770386e7875e956708d"
213,"T4_1",3958,277,183,1,"samenocaste","252ec77889d5f4b7f8ca793db6ef60289e1fb057f4a0ceb94f19cb275acfc336"
214,"T3_1",5631,506,321,0,"","573819e2cd8ca8e41a1ef6cdab14c50f6ea6b0311b50d40110bff2a8ff878dc4"
214,"T4_1",3900,277,180,0,"","0952d207ea17022da4f0690e143cf968d8978ce18c0f25311d5104ec08ae7bf6"
215,"T3_1",5660,506,327,0,"","5fdbe761d9ade6a67170f8b64978333415ada02673237fc23dec68afa5fadf8f"
215,"T4_1",3847,277,172,0,"","e8c05abf8cd45507b695f382c780955b7aa1a6faf5c9f04eeebe1cc1e7f439fd"
216,"T3_1",5665,506,327,1,"samenocaste","dccdb98f3bc2166d5d6c9430b1df5d8e8f76118c4118912b93100b265ad10fe8"
216,"T4_1",4003,277,180,0,"","12ab81cc5f1584b7cca07dc0ed51063cf82b15efd7eddf7cec2fc1ff23adc0f8"
217,"T3_1",5720,506,312,1,"samenoage","a94debef2ab45a3405c0d4b1bfab04dbce1542fd0ce631db67ecc3cd5f942ac6"
217,"T4_1",3960,277,184,0,"","5295aec3907706c529153ab3675d734573f68d4a592f250b9f9e6d234c1c70c5"
218,"T3_1",5536,506,318,1,"samenocaste","5ff8d1a74a3aa3e20a895d48ef996e93c832143da909b031f4a859db6f00cda6"
218,"T4_1",3956,277,180,0,"","0b93088beef50990a72ccef57927d94f4572b209fae8f08fa61e13c38e70ded2"
219,"T3_1",5527,506,323,0,"","bc3572e40c0c308d20442906662c4091b449da6b0be47ba62c4176c8a8853366"
219,"T4_1",3927,277,161,0,"","61593ae196562f85e9f143f3e68caec14f837ddcc02ad430053d8ed6e7b454c3"
220,"T3_1",5463,506,316,1,"samenoage","e407166f580a8632bdae942faff87f758872145015f51e383f494efd3617315d"
220,"T4_1",3918,277,173,0,"","4c39316c91589ada1e37703dfbc19bd6fb58a965913f048aeb2458001a7f00b4"
221,"T3_1",5612,506,317,1,"samenocaste","5d1c5f0617fbb917ae9449b2e63327585a351d4f7747c5ff282f52975b24366b"
221,"T4_1",3947,277,171,0,"","17e1bdf1d24af6fb8161587d9f7661b759e2c38ce18cf4e11549c1d651c333fb"
222,"T3_1",5669,506,322,1,"samenocaste","be71d68faa5eabfde17cec8735ab3d84d9f5c5516329f72213d96a581383b10e"
222,"T4_1",3939,277,171,0,"","3c09dff1a7e7f4a7c95a3c728578dd4160dd3832a8d1ee4917e98e59f9df6362"
223,"T3_1",5508,506,317,0,"","afdc1634b67cdad03ade70b0f3a3fc05a403d0383b4bcede92227a972976e5e8"
223,"T4_1",4001,277,184,0,"","3ca2d376c5879b105dfe0d4c88c1ce1d28aa63591b3feb856aca215e655a65f2"
224,"T3_1",5766,506,319,1,"samenocaste","311783fca199881a03d82a393ff804b90f7ebb4da6c2f902cd63dec89fd59c6e"
224,"T4_1",3980,277,184,0,"","5ac507f4959cd11183d5e60e04c3d235d47d1e2e9062c70f4fdcf1cbb487a839"
225,"T3_1",5569,506,327,1,"samenocaste","7da0edf90cd9d48084334284275e25fa037f667e7d1e56b133ac917a6f502345"
225,"T4_1",3968,277,173,1,"samenocaste","4886c37ad8d250c0b69334380778f62c2e7412103c9c0778d305c22911c0aa85"
226,"T3_1",5681,506,312,0,"","4d1b547a1274c3b89c311fef6c8c7e1afa88e1eb507d8de153feb5a02a44ec34"
226,"T4_1",3916,277,172,1,"samenocaste","13b5bdac8765138661ecf97366bbd3448d2deb14dbc0fd1a911fcc8bd5af4c23"
227,"T3_1",5656,506,330,0,"","44fa51d7de6a1745190a2c9b72eb61375cadf97818457fd213aa93ef66a7855d"
227,"T4_1",3953,277,177,0,"","55d43838cbebfe7f8c32192ac095758d6360efed0e1f25f559a9ee9ed7179466"
228,"T3_1",5697,506,311,0,"","2fd01ec59bf86b1ee05b488f603236c04f8bf1ad0cae3b095e4d92f37d19d483"
228,"T4_1",3886,277,174,0,"","5b333f688d6d9846ffe2da9673f1deed3fe793eee06bd3b771a29b64209a1646"
229,"T3_1",5626,506,313,0,"","dd6c3a822b611fcfbd3293973aec11f5640a69b792f6879360b88d6bea1a0407"
229,"T4_1",4004,277,174,0,"","d680be4ec72fe1d2aeae7b7b40e2b4571bb731a5e7af1d5280b8e00f5e063540"
230,"T3_1",5705,506,326,1,"samenocaste","aa1756895d09da3cccf034d97bc3cc9fc926bf50a5ed995ae94a5919ea70551e"
230,"T4_1",3932,277,168,0,"","6e846af4d27a1d89687539a52172242646a31f8d4a1714cb1a4d059859f4eea1"
231,"T3_1",5654,506,314,0,"","2848f896f85b2ce3249363f840864240cab89ab2cb6c43645c95cb33a8b0402c"
231,"T4_1",3938,277,183,0,"","530856dd1868d6d08c486477655415a166f6377689107e93c7ace4de7aba55fd"
232,"T3_1",5691,506,318,1,"samenocaste","bf026b344ebdadd6af2f995e327d8e475c340ca7e26cf679ea611c7ce33f7a89"
232,"T4_1",3971,277,167,0,"","5ff1445f10289627d8a8b9d82eef4c02788f6abbef652591e5988d80aa5da890"
233,"T3_1",5550,506,320,1,"samenoage","8c33fb6d376a9421587a04b6d647730faf247a52a410141ab0f0f6280e56fd22"
233,"T4_1",3913,277,176,0,"","b09f154e761f78acd6fd75b5ad9b3e0239ee97b0c62b41f20b7717a3de299137"
234,"T3_1",5569,506,322,0,"","f93a385eea878bacab0415d1960168175a86354c7b47695fce70260063e0dca6"
234,"T4_1",3967,277,166,0,"","60578e8ca972f9c7725c7dfddf4b8338d482a79bad3438ab742e23a0124422a1"
235,"T3_1",5531,506,318,0,"","d9318dbe95260df444d9ea61721017352be07e0cfcb064b5911e627b64b3f896"
235,"T4_1",3937,277,183,0,"","e6a7be1394ee4ce31b9047c7e19b93ad5c6619831927fee2270b69c6dcaf6ae6"
236,"T3_1",5782,506,330,0,"","6c3a35a9bc126a1c45f2613ef85ba993397fec2e14862f8b0a80394f674babbd"
236,"T4_1",3950,277,178,0,"","bcc401c5a9921c8f8cb326bf8ca0c32285dd4f9bc21f89ff7e356c08c77cc295"
237,"T3_1",5716,506,315,0,"","ba9f9770d8704946758e0b3ed7a9dad8e5e817ebddebb0e49b1ba4dd0442c03d"
237,"T4_1",3976,277,174,0,"","37bb5e31559ffadea8b0dee68f5cc46032de6d6182c212053b1430dc17bd4acb"
238,"T3_1",5643,506,313,0,"","d37741c1ba111dc77cb3052ecb666e7da61a446545eafe1de134e93c4fa4af2f"
238,"T4_1",3923,277,179,0,"","f40a3e24eda603d792dba172b193d633c546945822839797f0d030e28807e385"
239,"T3_1",5674,506,322,0,"","3f862d9bedc8422e1e90bddf59ff01e127eec809673ccc7372d448be40a8b01b"
239,"T4_1",3864,277,175,0,"","4e7da9a3ac6a29a1b71eacb08e49d90b9f308ffad079363faa6381843d1afca3"
240,"T3_1",5668,506,319,1,"samenoage","5370e12c7ffeaa018c1ac654782999d9fff59001a96ed2818b9bbd2a3b75bece"
240,"T4_1",4024,277,171,1,"samenocaste","cff63af06c77dc71225d90a696670001dd44ca450638c546fea376ad07220ee0"
241,"T3_1",5589,506,321,1,"samenocaste","a3000fd7cc609850fd5cfae36e1c1562c9f68f6fc3c27e44f0d847e6a618698d"
241,"T4_1",3953,277,173,1,"samenocaste","8af0e6a4d9cefff68dc72a4f40c4c29fb7394d6add05dd8478d2bd61d7459d13"
242,"T3_1",5627,506,329,1,"samenocaste","393fdb5822d7456166d55b481a5fcd98c6d09c7a0ca486433bfc76d53f961a5f"
242,"T4_1",4039,277,170,0,"","126d6690e06e0eff8d8e9ab76cad8ea6f868c80424578e6b35fbaea30c7b0e24"
243,"T3_1",5550,506,317,0,"","38f01b12369593f65a4c54cba689e9f46f954c4db652ad1338477f89ead1bd1a"
243,"T4_1",3911,277,169,1,"samenocaste","613df6c895f34a2ba2ae7b510769c9838e987dab3b9c106a3d0b96f46ce6af7d"
244,"T3_1",5634,506,311,1,"samenocaste","885102ba22b9cf55aba52f906e9ac8124daf83b1b552906eb4dc81da949d5d4c"
244,"T4_1",3921,277,181,0,"","80a4e15db11cfd1e6e2aef4761b78c11b63cba01e58468f79a8281b3b4fbbeed"
245,"T3_1",5634,506,322,0,"","5c5357cc8627243ae7525ec24509aac114ce46ee452f3b652429741e340e2e96"
245,"T4_1",4127,277,169,0,"","ea26f9fef6da147823b31b6bb0c7422438ba618984cae27e6588eb4b10615276"
246,"T3_1",5627,506,317,2,"samenocaste;samenoage","7fe3769e670dd8db0443b0c68d7cbacad2f3d18995a7057ded11b2a272479cdc"
246,"T4_1",3921,277,184,0,"","7202e5a0d69659f67203f97c4b8638be157e2c3e17e625b81e4369e0d30ebc57"
247,"T3_1",5668,506,327,1,"samenocaste","b1004a968ebed1d36b9f56d3bd11b568c39b752ab0766af187be37c24297c283"
247,"T4_1",4000,277,180,0,"","7ef220a93b0809458de006eccf179fee100e791472c910b7e6f22db899d7cc54"
248,"T3_1",5726,506,320,1,"samenocaste","0dd1669843954d94b1c936790d0c222ecc1962896637da301f8743ac8360704d"
248,"T4_1",3892,277,179,0,"","3b286364d79129f2da15009c773e09162febfd3cd46e2f75fad4aaab10d5ee0b"
249,"T3_1",5536,506,327,2,"samenocaste;samenoage","9d2ac5afef954139391b84940331788a59073eff77122b3ab1520432ec85ef7b"
249,"T4_1",4044,277,183,0,"","570f88b815e686fedc8d8ec01ce584c96535cf668c72c9c452c7d80d8781100a"
250,"T3_1",5632,506,317,0,"","f64af2370312527b827094e51a7071405efa23a8db4b352177ea64e25d2b4a12"
250,"T4_1",3890,277,179,0,"","d4ae08ed9ab5ca942b79255c77dba09b4f119f838c63d9ac47662a5034bc2ee8"
