"draw","model","term","training_nonzero","affected_choosers","candidates_missing","candidates_observed"
4,"T3_1","samenocaste",0,252,220,7818
8,"T3_1","samenoage",0,143,142,7896
8,"T4_1","samenocaste",0,220,252,13920
10,"T3_1","samenocaste",0,252,220,7818
10,"T4_1","samenocaste",0,220,252,13920
11,"T3_1","samenocaste",0,252,220,7818
12,"T4_1","samenocaste",0,220,252,13920
13,"T4_1","samenocaste",0,220,252,13920
15,"T3_1","samenocaste",0,252,220,7818
15,"T4_1","samenocaste",0,220,252,13920
17,"T3_1","samenocaste",0,252,220,7818
17,"T4_1","samenocaste",0,220,252,13920
18,"T3_1","samenocaste",0,252,220,7818
19,"T3_1","samenocaste",0,252,220,7818
20,"T3_1","samenocaste",0,252,220,7818
20,"T4_1","samenocaste",0,220,252,13920
23,"T3_1","samenocaste",0,252,220,7818
24,"T3_1","samenocaste",0,252,220,7818
24,"T4_1","samenocaste",0,220,252,13920
27,"T4_1","samenocaste",0,220,252,13920
32,"T3_1","samenoage",0,143,142,7896
32,"T4_1","samenocaste",0,220,252,13920
37,"T3_1","samenocaste",0,252,220,7818
43,"T3_1","samenocaste",0,252,220,7818
46,"T3_1","samenocaste",0,252,220,7818
49,"T3_1","samenocaste",0,252,220,7818
50,"T3_1","samenocaste",0,252,220,7818
51,"T4_1","samenoage",0,142,143,14029
53,"T3_1","samenocaste",0,252,220,7818
57,"T4_1","samenocaste",0,220,252,13920
62,"T3_1","samenocaste",0,252,220,7818
65,"T3_1","samenocaste",0,252,220,7818
66,"T3_1","samenocaste",0,252,220,7818
68,"T4_1","samenocaste",0,220,252,13920
69,"T3_1","samenocaste",0,252,220,7818
70,"T4_1","samenocaste",0,220,252,13920
77,"T4_1","samenocaste",0,220,252,13920
80,"T3_1","samenocaste",0,252,220,7818
81,"T3_1","samenocaste",0,252,220,7818
82,"T3_1","samenocaste",0,252,220,7818
84,"T3_1","samenocaste",0,252,220,7818
86,"T3_1","samenoage",0,143,142,7896
88,"T4_1","samenoage",0,142,143,14029
90,"T3_1","samenocaste",0,252,220,7818
90,"T4_1","samenocaste",0,220,252,13920
93,"T3_1","samenocaste",0,252,220,7818
93,"T4_1","samenocaste",0,220,252,13920
94,"T3_1","samenocaste",0,252,220,7818
95,"T3_1","samenocaste",0,252,220,7818
96,"T3_1","samenocaste",0,252,220,7818
100,"T3_1","samenocaste",0,252,220,7818
103,"T3_1","samenocaste",0,252,220,7818
104,"T3_1","samenocaste",0,252,220,7818
104,"T4_1","samenocaste",0,220,252,13920
107,"T3_1","samenocaste",0,252,220,7818
108,"T3_1","samenocaste",0,252,220,7818
109,"T3_1","samenocaste",0,252,220,7818
110,"T3_1","samenocaste",0,252,220,7818
111,"T3_1","samenoage",0,143,142,7896
116,"T3_1","samenocaste",0,252,220,7818
119,"T4_1","samenocaste",0,220,252,13920
121,"T3_1","samenocaste",0,252,220,7818
121,"T4_1","samenocaste",0,220,252,13920
125,"T3_1","samenocaste",0,252,220,7818
127,"T3_1","samenocaste",0,252,220,7818
128,"T3_1","samenocaste",0,252,220,7818
131,"T3_1","samenocaste",0,252,220,7818
132,"T3_1","samenocaste",0,252,220,7818
133,"T4_1","samenocaste",0,220,252,13920
135,"T3_1","samenocaste",0,252,220,7818
138,"T3_1","samenocaste",0,252,220,7818
147,"T3_1","samenocaste",0,252,220,7818
147,"T3_1","samenoage",0,143,142,7896
149,"T3_1","samenocaste",0,252,220,7818
150,"T3_1","samenocaste",0,252,220,7818
151,"T3_1","samenocaste",0,252,220,7818
154,"T3_1","samenocaste",0,252,220,7818
155,"T3_1","samenocaste",0,252,220,7818
155,"T3_1","samenoage",0,143,142,7896
159,"T4_1","samenocaste",0,220,252,13920
160,"T3_1","samenocaste",0,252,220,7818
165,"T3_1","samenoage",0,143,142,7896
169,"T3_1","samenocaste",0,252,220,7818
173,"T4_1","samenocaste",0,220,252,13920
174,"T3_1","samenocaste",0,252,220,7818
174,"T4_1","samenocaste",0,220,252,13920
175,"T3_1","samenocaste",0,252,220,7818
177,"T3_1","samenocaste",0,252,220,7818
178,"T3_1","samenocaste",0,252,220,7818
178,"T4_1","samenocaste",0,220,252,13920
181,"T3_1","samenocaste",0,252,220,7818
184,"T3_1","samenoage",0,143,142,7896
185,"T4_1","samenocaste",0,220,252,13920
186,"T3_1","samenocaste",0,252,220,7818
186,"T3_1","samenoage",0,143,142,7896
187,"T3_1","samenoage",0,143,142,7896
188,"T3_1","samenocaste",0,252,220,7818
189,"T3_1","samenocaste",0,252,220,7818
190,"T3_1","samenocaste",0,252,220,7818
190,"T4_1","samenoage",0,142,143,14029
196,"T3_1","samenocaste",0,252,220,7818
198,"T3_1","samenocaste",0,252,220,7818
200,"T4_1","samenoage",0,142,143,14029
201,"T3_1","samenocaste",0,252,220,7818
202,"T3_1","samenocaste",0,252,220,7818
202,"T3_1","samenoage",0,143,142,7896
202,"T4_1","samenocaste",0,220,252,13920
203,"T4_1","samenocaste",0,220,252,13920
204,"T4_1","samenocaste",0,220,252,13920
205,"T3_1","samenoage",0,143,142,7896
206,"T4_1","samenoage",0,142,143,14029
208,"T3_1","samenocaste",0,252,220,7818
213,"T3_1","samenocaste",0,252,220,7818
213,"T4_1","samenocaste",0,220,252,13920
216,"T3_1","samenocaste",0,252,220,7818
217,"T3_1","samenoage",0,143,142,7896
218,"T3_1","samenocaste",0,252,220,7818
220,"T3_1","samenoage",0,143,142,7896
221,"T3_1","samenocaste",0,252,220,7818
222,"T3_1","samenocaste",0,252,220,7818
224,"T3_1","samenocaste",0,252,220,7818
225,"T3_1","samenocaste",0,252,220,7818
225,"T4_1","samenocaste",0,220,252,13920
226,"T4_1","samenocaste",0,220,252,13920
230,"T3_1","samenocaste",0,252,220,7818
232,"T3_1","samenocaste",0,252,220,7818
233,"T3_1","samenoage",0,143,142,7896
240,"T3_1","samenoage",0,143,142,7896
240,"T4_1","samenocaste",0,220,252,13920
241,"T3_1","samenocaste",0,252,220,7818
241,"T4_1","samenocaste",0,220,252,13920
242,"T3_1","samenocaste",0,252,220,7818
243,"T4_1","samenocaste",0,220,252,13920
244,"T3_1","samenocaste",0,252,220,7818
246,"T3_1","samenocaste",0,252,220,7818
246,"T3_1","samenoage",0,143,142,7896
247,"T3_1","samenocaste",0,252,220,7818
248,"T3_1","samenocaste",0,252,220,7818
249,"T3_1","samenocaste",0,252,220,7818
249,"T3_1","samenoage",0,143,142,7896
