"draw","men","changed_matches","changed_share","women_matched_in_both","women_entering_marriage","women_leaving_marriage"
1,8038,5746,0.714854441403334,7809,229,229
2,8038,4526,0.56307539188853,7787,251,251
3,8038,7418,0.922866384672804,7531,507,507
4,8038,7408,0.921622294103011,7570,468,468
5,8038,7074,0.880069669071908,7634,404,404
6,8038,6497,0.808285643194825,7688,350,350
7,8038,6429,0.799825827320229,7870,168,168
8,8038,6427,0.79957700920627,7779,259,259
9,8038,7300,0.908186115949241,7691,347,347
10,8038,5039,0.626897238118935,7784,254,254
11,8038,6826,0.84921622294103,7757,281,281
12,8038,7314,0.909927842746952,7598,440,440
13,8038,6593,0.820228912664842,7757,281,281
14,8038,5515,0.686115949241105,7786,252,252
15,8038,6632,0.825080865887037,7604,434,434
16,8038,7289,0.906817616322468,7608,430,430
17,8038,7264,0.903707389897985,7610,428,428
18,8038,5881,0.731649664095546,7878,160,160
19,8038,6318,0.786016421995521,7651,387,387
20,8038,6021,0.749066932072655,7817,221,221
21,8038,5543,0.689599402836527,7771,267,267
22,8038,6897,0.858049265986564,7733,305,305
23,8038,4765,0.592809156506594,7811,227,227
24,8038,7566,0.941278925105748,7697,341,341
25,8038,4385,0.545533714854441,7938,100,100
26,8038,6242,0.776561333665091,7796,242,242
27,8038,6782,0.843742224433939,7891,147,147
28,8038,6878,0.855685493903956,7625,413,413
29,8038,5832,0.725553620303558,7868,170,170
30,8038,6322,0.786514058223439,7825,213,213
31,8038,6950,0.864642946006469,7744,294,294
32,8038,5877,0.731152027867629,7791,247,247
33,8038,6958,0.865638218462304,7632,406,406
34,8038,7347,0.91403334162727,7843,195,195
35,8038,5336,0.663846728041801,7839,199,199
36,8038,4695,0.584100522518039,7871,167,167
37,8038,5925,0.737123662602638,7809,229,229
38,8038,6376,0.793232147300323,7807,231,231
39,8038,5622,0.699427718337895,7818,220,220
40,8038,6607,0.821970639462553,7764,274,274
41,8038,4992,0.621050012440906,7845,193,193
42,8038,5489,0.682881313759642,7868,170,170
43,8038,6304,0.78427469519781,7618,420,420
44,8038,7052,0.877332669818363,7727,311,311
45,8038,6100,0.758895247574023,7809,229,229
46,8038,6187,0.769718835531227,7805,233,233
47,8038,6985,0.868997263000746,7670,368,368
48,8038,6735,0.83789499875591,7708,330,330
49,8038,6673,0.83018163722319,7844,194,194
50,8038,7512,0.934560836028863,7628,410,410
51,8038,5756,0.716098531973128,7807,231,231
52,8038,6176,0.768350335904454,7861,177,177
53,8038,5440,0.676785269967654,7879,159,159
54,8038,5996,0.745956705648171,7751,287,287
55,8038,5674,0.705896989300821,7748,290,290
56,8038,5146,0.640209007215725,7788,250,250
57,8038,7162,0.891017666086091,7666,372,372
58,8038,5333,0.663473500870863,7839,199,199
59,8038,6549,0.814754914157751,7821,217,217
60,8038,5683,0.707016670813635,7770,268,268
61,8038,5715,0.710997760636974,7826,212,212
62,8038,5933,0.738118935058472,7838,200,200
63,8038,5031,0.6259019656631,7805,233,233
64,8038,6179,0.768723563075392,7736,302,302
65,8038,5611,0.698059218711122,7797,241,241
66,8038,5378,0.669071908434934,7774,264,264
67,8038,5790,0.720328439910425,7745,293,293
68,8038,3892,0.484200049763623,7946,92,92
69,8038,5987,0.744837024135357,7808,230,230
70,8038,6705,0.834162727046529,7848,190,190
71,8038,6182,0.76909679024633,7802,236,236
72,8038,6649,0.827195819855685,7683,355,355
73,8038,7397,0.920253794476238,7749,289,289
74,8038,7507,0.933938790743966,7618,420,420
75,8038,6085,0.757029111719333,7654,384,384
76,8038,6188,0.769843244588206,7826,212,212
77,8038,5523,0.68711122169694,7831,207,207
78,8038,6459,0.803558099029609,7893,145,145
79,8038,7098,0.883055486439413,7706,332,332
80,8038,7085,0.881438168698681,7583,455,455
81,8038,7437,0.925230156755412,7619,419,419
82,8038,6203,0.771709380442896,7788,250,250
83,8038,4973,0.618686240358298,7946,92,92
84,8038,5910,0.735257526747947,7846,192,192
85,8038,6335,0.78813137596417,7809,229,229
86,8038,5423,0.674670315999005,7840,198,198
87,8038,6639,0.825951729285892,7834,204,204
88,8038,6227,0.774695197810401,7825,213,213
89,8038,5719,0.711495396864892,7768,270,270
90,8038,6468,0.804677780542423,7795,243,243
91,8038,7674,0.954715103259517,7563,475,475
92,8038,6028,0.74993779547151,7828,210,210
93,8038,6316,0.785767603881563,7654,384,384
94,8038,3945,0.490793729783528,7953,85,85
95,8038,7625,0.948619059467529,7642,396,396
96,8038,7427,0.923986066185618,7749,289,289
97,8038,7172,0.892261756655885,7673,365,365
98,8038,5302,0.659616820104504,7827,211,211
99,8038,2742,0.341129634237372,7981,57,57
100,8038,6431,0.800074645434188,7841,197,197
101,8038,5645,0.70228912664842,7767,271,271
102,8038,7014,0.872605125653148,7415,623,623
103,8038,7000,0.870863398855437,7772,266,266
104,8038,6490,0.807414779795969,7783,255,255
105,8038,5717,0.711246578750933,7836,202,202
106,8038,5245,0.652525503856681,7816,222,222
107,8038,5878,0.731276436924608,7870,168,168
108,8038,6107,0.759766110972879,7782,256,256
109,8038,6322,0.786514058223439,7805,233,233
110,8038,3876,0.482209504851953,7900,138,138
111,8038,7381,0.918263249564568,7764,274,274
112,8038,5876,0.731027618810649,7797,241,241
113,8038,6753,0.840134361781538,7677,361,361
114,8038,6311,0.785145558596666,7799,239,239
115,8038,5790,0.720328439910425,7817,221,221
116,8038,7231,0.899601891017666,7561,477,477
117,8038,5280,0.656879820850958,7841,197,197
118,8038,6449,0.802314008459816,7808,230,230
119,8038,6899,0.858298084100523,7672,366,366
120,8038,5693,0.708260761383429,7821,217,217
121,8038,6248,0.777307788006967,7789,249,249
122,8038,7529,0.936675789997512,7468,570,570
123,8038,6639,0.825951729285892,7649,389,389
124,8038,6164,0.766857427220702,7714,324,324
125,8038,6445,0.801816372231898,7808,230,230
126,8038,6330,0.787509330679273,7807,231,231
127,8038,6557,0.815750186613585,7863,175,175
128,8038,6976,0.867877581487932,7760,278,278
129,8038,6533,0.812764369246081,7723,315,315
130,8038,7006,0.871609853197313,7538,500,500
131,8038,4770,0.59343120179149,7908,130,130
132,8038,6103,0.759268474744961,7791,247,247
133,8038,7300,0.908186115949241,7495,543,543
134,8038,5962,0.741726797710873,7918,120,120
135,8038,5642,0.701915899477482,7877,161,161
136,8038,5196,0.646429460064693,7783,255,255
137,8038,6561,0.816247822841503,7786,252,252
138,8038,6672,0.83005722816621,7733,305,305
139,8038,6267,0.779671560089575,7891,147,147
140,8038,6125,0.762005473998507,7860,178,178
141,8038,5374,0.668574272207017,7822,216,216
142,8038,5631,0.700547399850709,7817,221,221
143,8038,6810,0.84722567802936,7669,369,369
144,8038,6734,0.83777058969893,7773,265,265
145,8038,5602,0.696939537198308,7855,183,183
146,8038,7337,0.912789251057477,7345,693,693
147,8038,5424,0.674794725055984,7930,108,108
148,8038,7052,0.877332669818363,7659,379,379
149,8038,7516,0.93505847225678,7437,601,601
150,8038,7424,0.92361283901468,7529,509,509
151,8038,7195,0.89512316496641,7612,426,426
152,8038,6847,0.851828813137596,7688,350,350
153,8038,6655,0.827942274197562,7836,202,202
154,8038,6167,0.76723065439164,7728,310,310
155,8038,3925,0.488305548643941,7802,236,236
156,8038,6147,0.764742473252053,7790,248,248
157,8038,6004,0.746951978104006,7900,138,138
158,8038,6106,0.7596417019159,7819,219,219
159,8038,6065,0.754540930579746,7843,195,195
160,8038,5094,0.633739736252799,7843,195,195
161,8038,5968,0.742473252052749,7782,256,256
162,8038,7231,0.899601891017666,7534,504,504
163,8038,6713,0.835157999502364,7812,226,226
164,8038,6368,0.792236874844489,7440,598,598
165,8038,5555,0.691092311520279,7809,229,229
166,8038,6546,0.814381686986813,7699,339,339
167,8038,6711,0.834909181388405,7777,261,261
168,8038,6499,0.808534461308783,7683,355,355
169,8038,5640,0.701667081363523,7855,183,183
170,8038,6184,0.769345608360289,7855,183,183
171,8038,6948,0.864394127892511,7647,391,391
172,8038,4624,0.575267479472506,7848,190,190
173,8038,3885,0.483329186364767,7938,100,100
174,8038,6421,0.798830554864394,7870,168,168
175,8038,5918,0.736252799203782,7752,286,286
176,8038,6308,0.784772331425728,7796,242,242
177,8038,5394,0.671062453346604,7860,178,178
178,8038,6958,0.865638218462304,7730,308,308
179,8038,7056,0.87783030604628,7790,248,248
180,8038,5142,0.639711370987808,7814,224,224
181,8038,6909,0.859542174670316,7599,439,439
182,8038,6798,0.845732769345608,7845,193,193
183,8038,6752,0.840009952724558,7690,348,348
184,8038,7252,0.902214481214232,7791,247,247
185,8038,5834,0.725802438417517,7800,238,238
186,8038,6610,0.822343866633491,7750,288,288
187,8038,5929,0.737621298830555,7801,237,237
188,8038,5918,0.736252799203782,7838,200,200
189,8038,3680,0.457825329684001,7928,110,110
190,8038,6245,0.776934560836029,7860,178,178
191,8038,7347,0.91403334162727,7331,707,707
192,8038,6262,0.779049514804678,7768,270,270
193,8038,6778,0.843244588206021,7696,342,342
194,8038,7153,0.889897984573277,7418,620,620
195,8038,5829,0.72518039313262,7736,302,302
196,8038,6522,0.811395869619308,7813,225,225
197,8038,6535,0.81301318736004,7872,166,166
198,8038,7005,0.871485444140333,7784,254,254
199,8038,6383,0.794103010699179,7775,263,263
200,8038,5680,0.706643443642697,7861,177,177
201,8038,5978,0.743717342622543,7847,191,191
202,8038,5843,0.726922119930331,7830,208,208
203,8038,6263,0.779173923861657,7772,266,266
204,8038,6678,0.830803682508087,7674,364,364
205,8038,6411,0.797586464294601,7791,247,247
206,8038,6996,0.870365762627519,7726,312,312
207,8038,6682,0.831301318736004,7820,218,218
208,8038,7047,0.876710624533466,7749,289,289
209,8038,6384,0.794227419756158,7842,196,196
210,8038,6400,0.796217964667828,7846,192,192
211,8038,6780,0.84349340631998,7640,398,398
212,8038,7186,0.894003483453595,7754,284,284
213,8038,6313,0.785394376710625,7761,277,277
214,8038,7191,0.894625528738492,7637,401,401
215,8038,5891,0.73289375466534,7825,213,213
216,8038,5481,0.681886041303807,7857,181,181
217,8038,7395,0.920004976362279,7489,549,549
218,8038,6265,0.779422741975616,7737,301,301
219,8038,6951,0.864767355063449,7616,422,422
220,8038,7220,0.898233391390893,7645,393,393
221,8038,6772,0.842498133864145,7687,351,351
222,8038,7326,0.911420751430704,7668,370,370
223,8038,7352,0.914655386912167,7647,391,391
224,8038,5634,0.700920627021647,7871,167,167
225,8038,6645,0.826698183627768,7813,225,225
226,8038,4347,0.540806170689226,7946,92,92
227,8038,6784,0.843991042547897,7624,414,414
228,8038,6263,0.779173923861657,7771,267,267
229,8038,6432,0.800199054491167,7732,306,306
230,8038,6505,0.809280915650659,7795,243,243
231,8038,6561,0.816247822841503,7773,265,265
232,8038,4747,0.590569793480965,7928,110,110
233,8038,5836,0.726051256531476,7736,302,302
234,8038,7144,0.888778303060463,7791,247,247
235,8038,5547,0.690097039064444,7834,204,204
236,8038,5462,0.679522269221199,7835,203,203
237,8038,6896,0.857924856929584,7738,300,300
238,8038,5422,0.674545906942025,7858,180,180
239,8038,6505,0.809280915650659,7807,231,231
240,8038,6613,0.822717093804429,7748,290,290
241,8038,4598,0.572032843991043,7827,211,211
242,8038,6681,0.831176909679025,7755,283,283
243,8038,5632,0.700671808907688,7860,178,178
244,8038,5557,0.691341129634237,7826,212,212
245,8038,7424,0.92361283901468,7595,443,443
246,8038,6689,0.83217218213486,7732,306,306
247,8038,4984,0.620054739985071,7825,213,213
248,8038,7055,0.877705896989301,7792,246,246
249,8038,6620,0.823587957203284,7801,237,237
250,8038,5662,0.704404080617069,7774,264,264
