"SI","responses_planned","responses_mail","responses_with_info","considered_info","unconsidered_info","wc","wu","mass","error","sampled"
665,27,66,15,5,10,1.22727272727273,0.886363636363636,15,1.06581410364015e-14,15
315,13,19,11,5,6,1.50526315789474,0.578947368421053,11,1.77635683940025e-14,11
591,2,3,3,2,1,1,1,3,0,3
482,11,42,15,5,10,0.785714285714286,1.10714285714286,15,3.19744231092045e-14,15
516,20,338,15,5,10,0.177514792899408,1.4112426035503,15,4.08562073062058e-14,15
88,8,32,15,5,10,0.75,1.125,15,0,15
696,20,50,15,5,10,1.2,0.9,15,0,15
528,7,37,15,5,10,0.567567567567568,1.21621621621622,15,4.08562073062058e-14,15
387,9,13,9,5,4,1.24615384615385,0.692307692307692,9.00000000000002,1.77635683940025e-14,9
511,0,1,1,0,1,0,1,1,0,1
424,3,8,8,3,5,1,1,8,0,8
293,29,128,15,5,10,0.6796875,1.16015625,15,0,15
188,0,7,7,0,7,0,1,7,0,7
8,3,8,8,3,5,1,1,8,0,8
657,8,75,15,5,10,0.32,1.34,15,0,15
389,6,12,11,5,6,1.1,0.916666666666667,11,1.77635683940025e-15,11
415,5,23,15,5,10,0.652173913043478,1.17391304347826,15,-8.88178419700125e-15,15
565,210,225,15,5,10,2.8,0.1,15,0,15
732,5,13,13,5,8,1,1,13,0,13
260,0,13,10,0,10,0,1,10,0,10
86,15,37,15,5,10,1.21621621621622,0.891891891891892,15,1.95399252334028e-14,15
603,18,30,15,5,10,1.8,0.6,15,0,15
200,5,78,15,5,10,0.192307692307692,1.40384615384615,15,-4.08562073062058e-14,15
94,5,37,15,5,10,0.405405405405405,1.2972972972973,15,2.48689957516035e-14,15
330,4,8,8,4,4,1,1,8,0,8
270,2,11,11,2,9,1,1,11,0,11
536,3,12,12,3,9,1,1,12,0,12
356,3,6,6,3,3,1,1,6,0,6
538,2,9,9,2,7,1,1,9,0,9
758,0,8,8,0,8,0,1,8,0,8
540,28,59,15,5,10,1.42372881355932,0.788135593220339,15,-1.06581410364015e-14,15
366,11,43,15,5,10,0.767441860465116,1.11627906976744,15,-1.95399252334028e-14,15
220,10,15,10,5,5,1.33333333333333,0.666666666666667,9.99999999999999,-1.4210854715202e-14,10
479,17,35,15,5,10,1.45714285714286,0.771428571428571,15,1.06581410364015e-14,15
486,2,3,3,2,1,1,1,3,0,3
352,2,5,5,2,3,1,1,5,0,5
551,6,9,8,5,3,1.06666666666667,0.888888888888889,8.00000000000002,1.77635683940025e-14,8
671,25,72,15,5,10,1.04166666666667,0.979166666666667,15,1.95399252334028e-14,15
446,4,19,14,4,10,0.736842105263158,1.10526315789474,14,3.19744231092045e-14,14
332,6,9,8,5,3,1.06666666666667,0.888888888888889,8.00000000000002,1.77635683940025e-14,8
259,0,6,6,0,6,0,1,6,0,6
747,23,42,15,5,10,1.64285714285714,0.678571428571428,15,-2.1316282072803e-14,15
281,20,104,15,5,10,0.576923076923077,1.21153846153846,15,-1.59872115546023e-14,15
464,22,45,15,5,10,1.46666666666667,0.766666666666667,15,2.1316282072803e-14,15
29,7,49,13,7,6,0.26530612244898,1.85714285714286,13,1.95399252334028e-14,13
500,11,21,15,5,10,1.57142857142857,0.714285714285714,15,-1.06581410364015e-14,15
553,7,12,10,5,5,1.16666666666667,0.833333333333333,10,1.4210854715202e-14,10
364,30,40,13,5,8,1.95,0.40625,13,0,13
184,3,48,13,3,10,0.270833333333333,1.21875,13,-1.77635683940025e-15,13
144,12,31,15,5,10,1.16129032258065,0.919354838709677,15,1.95399252334028e-14,15
514,0,36,10,0,10,0,1,10,0,10
207,1,8,8,1,7,1,1,8,0,8
4,5,17,10,5,5,0.588235294117647,1.41176470588235,9.99999999999998,-1.59872115546023e-14,10
214,2,9,9,2,7,1,1,9,0,9
227,25,118,15,5,10,0.635593220338983,1.18220338983051,15,1.59872115546023e-14,15
362,14,20,11,5,6,1.54,0.55,11,0,11
724,10,20,15,5,10,1.5,0.75,15,0,15
589,4,11,11,4,7,1,1,11,0,11
459,13,29,15,5,10,1.3448275862069,0.827586206896552,15,1.95399252334028e-14,15
628,11,11,5,5,0,1,0,5,0,5
41,1,15,7,1,6,0.466666666666667,1.08888888888889,7.00000000000001,6.21724893790088e-15,7
455,7,16,14,5,9,1.225,0.875,14,0,14
71,8,15,12,5,7,1.28,0.8,12,0,12
453,25,94,15,5,10,0.797872340425532,1.10106382978723,15,-4.08562073062058e-14,15
304,5,11,11,5,6,1,1,11,0,11
451,3,7,7,3,4,1,1,7,0,7
677,4,12,12,4,8,1,1,12,0,12
239,3,98,13,3,10,0.13265306122449,1.26020408163265,13,-3.01980662698043e-14,13
26,0,25,10,0,10,0,1,10,0,11
571,5,46,15,5,10,0.326086956521739,1.33695652173913,15,-5.32907051820075e-15,15
340,5,25,15,5,10,0.6,1.2,15,0,15
445,35,45,15,5,10,2.33333333333333,0.333333333333333,15,-1.95399252334028e-14,15
769,8,12,9,5,4,1.2,0.75,9,0,9
746,8,12,9,5,4,1.2,0.75,9,0,9
393,3,18,13,3,10,0.722222222222222,1.08333333333333,13,-3.37507799486048e-14,13
572,16,67,15,5,10,0.716417910447761,1.14179104477612,15,5.32907051820075e-15,15
129,2,18,12,2,10,0.666666666666667,1.06666666666667,12,3.37507799486048e-14,12
643,0,4,4,0,4,0,1,4,0,4
36,21,67,15,5,10,0.940298507462687,1.02985074626866,15,3.37507799486048e-14,15
560,0,18,10,0,10,0,1,10,0,11
435,14,16,7,5,2,1.225,0.4375,7,0,7
394,8,25,15,5,10,0.96,1.02,15,0,15
68,11,76,15,5,10,0.43421052631579,1.28289473684211,15,4.9737991503207e-14,15
574,25,50,15,5,10,1.5,0.75,15,0,15
149,1,14,11,1,10,0.785714285714286,1.02142857142857,11,-1.24344978758018e-14,11
219,9,54,15,5,10,0.5,1.25,15,0,15
311,2,15,12,2,10,0.8,1.04,12,0,12
576,6,18,15,5,10,1,1,15,0,15
367,2,3,3,2,1,1,1,3,0,3
97,6,7,6,5,1,1.02857142857143,0.857142857142858,6.00000000000001,7.99360577730113e-15,6
700,2,9,9,2,7,1,1,9,0,9
155,16,58,15,5,10,0.827586206896552,1.08620689655172,15,-4.08562073062058e-14,15
686,18,130,15,5,10,0.415384615384615,1.29230769230769,15,-2.66453525910038e-14,15
278,0,7,7,0,7,0,1,7,0,7
426,11,67,15,5,10,0.492537313432836,1.25373134328358,15,-2.1316282072803e-14,15
774,1,7,7,1,6,1,1,7,0,7
559,10,42,15,5,10,0.714285714285714,1.14285714285714,15,-3.19744231092045e-14,15
258,10,54,15,5,10,0.555555555555556,1.22222222222222,15,-1.95399252334028e-14,15
646,11,30,15,5,10,1.1,0.95,15,0,15
729,10,17,12,5,7,1.41176470588235,0.705882352941176,12,-1.77635683940025e-14,12
269,15,23,13,5,8,1.69565217391304,0.565217391304348,13,-1.77635683940025e-14,13
644,1,5,5,1,4,1,1,5,0,5
22,25,96,30,25,5,0.3125,4.4375,30,0,30
676,8,16,10,5,5,1,1,10,0,10
773,0,7,7,0,7,0,1,7,0,7
642,2,2,2,2,0,1,0,2,0,2
702,5,10,10,5,5,1,1,10,0,10
689,6,15,14,5,9,1.12,0.933333333333333,14,-3.5527136788005e-15,14
180,50,300,15,5,10,0.5,1.25,15,0,15
406,1,7,7,1,6,1,1,7,0,7
405,12,15,8,5,3,1.28,0.533333333333333,8,-8.88178419700125e-16,8
593,30,226,15,5,10,0.398230088495575,1.30088495575221,15,-2.48689957516035e-14,15
737,32,70,15,5,10,1.37142857142857,0.814285714285714,15,-1.06581410364015e-14,15
402,19,33,15,5,10,1.72727272727273,0.636363636363636,15,8.88178419700125e-15,15
655,9,15,11,5,6,1.32,0.733333333333333,11,-1.77635683940025e-15,11
690,17,36,15,5,10,1.41666666666667,0.791666666666667,15,1.95399252334028e-14,15
554,10,39,15,5,10,0.769230769230769,1.11538461538462,15,4.61852778244065e-14,15
398,18,30,15,5,10,1.8,0.6,15,0,15
719,6,22,15,5,10,0.818181818181818,1.09090909090909,15,-1.06581410364015e-14,15
488,4,10,10,4,6,1,1,10,0,10
341,40,99,15,5,10,1.21212121212121,0.893939393939394,15,-8.88178419700125e-15,15
400,0,9,9,0,9,0,1,9,0,9
491,0,266,10,0,10,0,1,10,0,10
392,2,7,7,2,5,1,1,7,0,7
543,7,7,5,5,0,1,0,5,0,5
698,5,22,15,5,10,0.681818181818182,1.15909090909091,15,1.06581410364015e-14,15
178,4,22,14,4,10,0.636363636363636,1.14545454545455,14,4.2632564145606e-14,14
471,29,60,15,5,10,1.45,0.775,15,0,15
607,25,89,15,5,10,0.842696629213483,1.07865168539326,15,1.4210854715202e-14,15
107,0,23,10,0,10,0,1,10,0,10
385,0,22,10,0,10,0,1,10,0,10
384,2,11,11,2,9,1,1,11,0,11
112,13,24,15,5,10,1.625,0.6875,15,0,15
294,5,7,7,5,2,1,1,7,0,7
31,2,31,12,2,10,0.387096774193548,1.12258064516129,12,-3.5527136788005e-15,12
101,14,24,15,5,10,1.75,0.625,15,0,15
379,0,5,5,0,5,0,1,5,0,5
489,10,41,15,5,10,0.731707317073171,1.13414634146341,15,-4.44089209850063e-14,15
397,3,15,13,3,10,0.866666666666667,1.04,13,1.77635683940025e-15,13
750,20,38,15,5,10,1.57894736842105,0.710526315789474,15,-1.06581410364015e-14,15
76,11,19,13,5,8,1.50526315789474,0.684210526315789,13,1.24344978758018e-14,13
320,7,25,15,5,10,0.84,1.08,15,0,15
639,20,90,15,5,10,0.666666666666667,1.16666666666667,15,3.5527136788005e-14,15
372,10,51,15,5,10,0.588235294117647,1.20588235294118,15,3.5527136788005e-14,15
741,3,23,13,3,10,0.565217391304348,1.1304347826087,13,4.2632564145606e-14,13
135,8,17,14,5,9,1.31764705882353,0.823529411764706,14,3.5527136788005e-15,14
604,30,121,15,5,10,0.743801652892562,1.12809917355372,15,8.88178419700125e-15,15
658,4,12,12,4,8,1,1,12,0,12
708,8,65,15,5,10,0.369230769230769,1.31538461538462,15,4.44089209850063e-14,15
513,5,23,15,5,10,0.652173913043478,1.17391304347826,15,-8.88178419700125e-15,15
562,9,18,14,5,9,1.4,0.777777777777778,14,1.77635683940025e-15,14
563,10,21,15,5,10,1.42857142857143,0.785714285714286,15,1.06581410364015e-14,15
153,12,18,10,5,5,1.33333333333333,0.666666666666667,9.99999999999999,-1.4210854715202e-14,10
103,5,7,7,5,2,1,1,7,0,7
283,40,220,15,5,10,0.545454545454546,1.22727272727273,15,3.01980662698043e-14,15
3,5,10,10,5,5,1,1,10,0,10
781,11,13,7,5,2,1.18461538461538,0.538461538461538,6.99999999999998,-2.39808173319034e-14,7
314,2,8,8,2,6,1,1,8,0,8
632,13,23,15,5,10,1.69565217391304,0.652173913043478,15,-2.1316282072803e-14,15
623,20,47,15,5,10,1.27659574468085,0.861702127659574,15,-1.06581410364015e-14,15
452,2,9,9,2,7,1,1,9,0,9
2,7,314,14,7,7,0.0445859872611465,1.95541401273885,14,-2.48689957516035e-14,14
636,7,21,15,5,10,1,1,15,0,15
282,9,43,15,5,10,0.627906976744186,1.18604651162791,15,3.01980662698043e-14,15
629,1,3,3,1,2,1,1,3,0,3
772,7,9,7,5,2,1.08888888888889,0.777777777777778,7.00000000000001,6.21724893790088e-15,7
539,3,30,13,3,10,0.433333333333333,1.17,13,-1.77635683940025e-15,13
177,8,26,15,5,10,0.923076923076923,1.03846153846154,15,1.59872115546023e-14,15
342,14,89,15,5,10,0.471910112359551,1.26404494382022,15,-4.44089209850063e-14,15
620,50,75,15,5,10,2,0.5,15,0,15
376,17,42,15,5,10,1.21428571428571,0.892857142857143,15,-1.95399252334028e-14,16
766,8,9,6,5,1,1.06666666666667,0.666666666666667,6.00000000000002,1.68753899743024e-14,6
355,3,9,9,3,6,1,1,9,0,9
255,3,12,12,3,9,1,1,12,0,12
317,0,5,5,0,5,0,1,5,0,5
421,31,46,15,5,10,2.02173913043478,0.489130434782609,15,-1.06581410364015e-14,15
613,4,12,12,4,8,1,1,12,0,12
242,2,3,3,2,1,1,1,3,0,3
541,0,7,7,0,7,0,1,7,0,7
648,28,60,15,5,10,1.4,0.8,15,0,15
427,6,48,15,5,10,0.375,1.3125,15,0,15
726,13,38,15,5,10,1.02631578947368,0.986842105263158,15,-2.1316282072803e-14,15
218,25,197,15,5,10,0.380710659898477,1.30964467005076,15,-1.4210854715202e-14,15
171,5,36,15,5,10,0.416666666666667,1.29166666666667,15,3.5527136788005e-14,15
139,1,15,11,1,10,0.733333333333333,1.02666666666667,11,3.19744231092045e-14,11
608,22,48,15,5,10,1.375,0.8125,15,0,15
784,21,47,15,5,10,1.34042553191489,0.829787234042553,15,-2.1316282072803e-14,15
611,12,15,8,5,3,1.28,0.533333333333333,8,-8.88178419700125e-16,8
558,9,12,8,5,3,1.2,0.666666666666667,8,0,8
215,22,27,10,5,5,1.62962962962963,0.370370370370371,10,5.32907051820075e-15,10
704,5,19,15,5,10,0.789473684210526,1.10526315789474,15,3.01980662698043e-14,15
296,9,15,11,5,6,1.32,0.733333333333333,11,-1.77635683940025e-15,11
601,5,16,15,5,10,0.9375,1.03125,15,0,15
419,10,62,15,5,10,0.483870967741935,1.25806451612903,15,-2.48689957516035e-14,15
319,3,4,4,3,1,1,1,4,0,4
303,1,10,10,1,9,1,1,10,0,10
133,10,60,15,5,10,0.5,1.25,15,0,15
775,3,9,9,3,6,1,1,9,0,9
246,14,52,15,5,10,0.807692307692308,1.09615384615385,15,4.08562073062058e-14,15
680,12,22,15,5,10,1.63636363636364,0.681818181818182,15,1.95399252334028e-14,15
635,1,3,3,1,2,1,1,3,0,3
460,4,23,14,4,10,0.608695652173913,1.15652173913043,14,-4.61852778244065e-14,14
728,8,26,15,5,10,0.923076923076923,1.03846153846154,15,1.59872115546023e-14,15
778,0,7,7,0,7,0,1,7,0,7
694,2,10,10,2,8,1,1,10,0,10
594,0,38,10,0,10,0,1,10,0,10
266,1,2,2,1,1,1,1,2,0,2
438,13,23,15,5,10,1.69565217391304,0.652173913043478,15,-2.1316282072803e-14,15
305,7,11,9,5,4,1.14545454545455,0.818181818181818,9.00000000000002,2.1316282072803e-14,9
531,5,20,15,5,10,0.75,1.125,15,0,15
289,4,15,14,4,10,0.933333333333333,1.02666666666667,14,3.19744231092045e-14,14
321,1,15,11,1,10,0.733333333333333,1.02666666666667,11,3.19744231092045e-14,11
730,2,12,12,2,10,1,1,12,0,12
414,8,33,15,5,10,0.727272727272727,1.13636363636364,15,3.5527136788005e-14,15
253,0,42,10,0,10,0,1,10,0,10
81,2,16,12,2,10,0.75,1.05,12,0,12
381,3,13,13,3,10,1,1,13,0,13
637,1,7,7,1,6,1,1,7,0,7
411,4,30,14,4,10,0.466666666666667,1.21333333333333,14,-3.19744231092045e-14,14
662,1,3,3,1,2,1,1,3,0,3
738,6,18,15,5,10,1,1,15,0,15
477,8,39,15,5,10,0.615384615384615,1.19230769230769,15,-2.48689957516035e-14,15
251,0,9,9,0,9,0,1,9,0,9
649,46,230,15,5,10,0.6,1.2,15,0,15
288,1,4,4,1,3,1,1,4,0,4
287,0,3,3,0,3,0,1,3,0,3
577,8,30,15,5,10,0.8,1.1,15,0,15
204,5,110,15,5,10,0.136363636363636,1.43181818181818,15,-1.95399252334028e-14,15
752,10,18,13,5,8,1.44444444444444,0.722222222222222,13,-2.48689957516035e-14,13
105,1,23,11,1,10,0.478260869565217,1.05217391304348,11,1.59872115546023e-14,11
295,1,40,11,1,10,0.275,1.0725,11,0,11
527,0,53,10,0,10,0,1,10,0,10
280,15,145,15,5,10,0.310344827586207,1.3448275862069,15,3.5527136788005e-14,15
254,2,12,12,2,10,1,1,12,0,12
396,4,28,14,4,10,0.5,1.2,14,0,14
276,6,23,15,5,10,0.782608695652174,1.10869565217391,15,-3.01980662698043e-14,15
275,7,15,13,5,8,1.21333333333333,0.866666666666667,13,-1.4210854715202e-14,13
701,4,35,14,4,10,0.4,1.24,14,0,14
663,2,13,12,2,10,0.923076923076923,1.01538461538462,12,4.61852778244065e-14,12
238,5,16,15,5,10,0.9375,1.03125,15,0,15
125,3,23,13,3,10,0.565217391304348,1.1304347826087,13,4.2632564145606e-14,13
495,30,67,15,5,10,1.34328358208955,0.828358208955224,15,-1.06581410364015e-14,15
760,3,7,7,3,4,1,1,7,0,7
512,50,210,15,5,10,0.714285714285714,1.14285714285714,15,-3.19744231092045e-14,15
267,3,4,4,3,1,1,1,4,0,4
532,6,8,7,5,2,1.05,0.875,7,0,7
208,4,12,12,4,8,1,1,12,0,12
633,10,92,15,5,10,0.326086956521739,1.33695652173913,15,-5.32907051820075e-15,15
602,2,10,10,2,8,1,1,10,0,10
262,7,12,10,5,5,1.16666666666667,0.833333333333333,10,1.4210854715202e-14,10
638,2,14,12,2,10,0.857142857142857,1.02857142857143,12,1.4210854715202e-14,12
481,3,3,3,3,0,1,0,3,0,3
484,1,1,1,1,0,1,0,1,0,1
87,1,8,8,1,7,1,1,8,0,8
656,3,21,13,3,10,0.619047619047619,1.11428571428571,13,-4.2632564145606e-14,13
742,1,20,11,1,10,0.55,1.045,11,0,11
78,10,100,15,5,10,0.3,1.35,15,0,15
475,20,63,15,5,10,0.952380952380952,1.02380952380952,15,-3.90798504668055e-14,15
118,9,54,15,5,10,0.5,1.25,15,0,15
252,25,37,15,5,10,2.02702702702703,0.486486486486486,15,1.06581410364015e-14,15
779,0,8,8,0,8,0,1,8,0,8
447,8,18,15,5,10,1.33333333333333,0.833333333333333,15,-1.95399252334028e-14,15
718,6,27,15,5,10,0.666666666666667,1.16666666666667,15,3.5527136788005e-14,15
776,4,8,8,4,4,1,1,8,0,8
661,2,72,12,2,10,0.166666666666667,1.16666666666667,12,3.37507799486048e-14,12
664,21,59,15,5,10,1.06779661016949,0.966101694915254,15,-1.06581410364015e-14,15
715,25,166,15,5,10,0.451807228915663,1.27409638554217,15,1.59872115546023e-14,15
168,30,39,14,5,9,2.15384615384615,0.358974358974359,14,-1.77635683940025e-14,14
268,3,17,13,3,10,0.764705882352941,1.07058823529412,13,2.30926389122033e-14,13
9,3,12,10,3,7,0.833333333333333,1.07142857142857,9.99999999999999,-1.06581410364015e-14,10
496,10,20,15,5,10,1.5,0.75,15,0,15
390,8,20,15,5,10,1.2,0.9,15,0,15
194,1,24,11,1,10,0.458333333333333,1.05416666666667,11,3.19744231092045e-14,11
688,15,145,15,5,10,0.310344827586207,1.3448275862069,15,3.5527136788005e-14,15
263,2,23,12,2,10,0.521739130434783,1.09565217391304,12,-3.37507799486048e-14,12
156,3,34,13,3,10,0.382352941176471,1.18529411764706,13,1.24344978758018e-14,13
69,10,48,15,5,10,0.625,1.1875,15,0,15
17,8,47,14,8,6,0.297872340425532,1.93617021276596,14,1.4210854715202e-14,14
575,6,32,15,5,10,0.5625,1.21875,15,0,15
158,7,28,15,5,10,0.75,1.125,15,0,15
401,3,10,10,3,7,1,1,10,0,10
373,12,23,15,5,10,1.56521739130435,0.717391304347826,15,1.06581410364015e-14,15
23,5,7,7,5,2,1,1,7,0,7
487,4,29,14,4,10,0.482758620689655,1.20689655172414,14,1.77635683940025e-14,14
249,20,35,15,5,10,1.71428571428571,0.642857142857143,15,-1.95399252334028e-14,15
248,4,4,4,4,0,1,0,4,0,4
247,9,36,15,5,10,0.75,1.125,15,0,15
762,5,8,8,5,3,1,1,8,0,8
336,4,7,7,4,3,1,1,7,0,7
761,72,158,15,5,10,1.36708860759494,0.816455696202532,15,1.95399252334028e-14,15
534,4,6,6,4,2,1,1,6,0,6
134,15,21,11,5,6,1.57142857142857,0.523809523809524,11,-5.32907051820075e-15,11
33,3,17,13,3,10,0.764705882352941,1.07058823529412,13,2.30926389122033e-14,13
783,13,18,10,5,5,1.44444444444444,0.555555555555556,9.99999999999998,-1.95399252334028e-14,10
734,11,43,15,5,10,0.767441860465116,1.11627906976744,15,-1.95399252334028e-14,15
291,7,40,15,5,10,0.525,1.2375,15,0,15
334,30,44,15,5,10,2.04545454545455,0.477272727272727,15,1.95399252334028e-14,15
478,3,9,9,3,6,1,1,9,0,9
564,100,124,15,5,10,2.41935483870968,0.290322580645161,15,1.06581410364015e-14,15
597,2,9,9,2,7,1,1,9,0,9
666,0,17,10,0,10,0,1,10,0,10
699,7,67,15,5,10,0.313432835820895,1.34328358208955,15,-2.66453525910038e-14,15
308,8,26,15,5,10,0.923076923076923,1.03846153846154,15,1.59872115546023e-14,15
449,15,43,15,5,10,1.04651162790698,0.976744186046512,15,1.95399252334028e-14,15
631,3,19,13,3,10,0.684210526315789,1.09473684210526,13,-3.5527136788005e-14,13
716,15,48,15,5,10,0.9375,1.03125,15,0,15
672,0,42,10,0,10,0,1,10,0,10
520,4,14,14,4,10,1,1,14,0,14
588,1,9,9,1,8,1,1,9,0,9
497,6,15,14,5,9,1.12,0.933333333333333,14,-3.5527136788005e-15,14
570,24,70,15,5,10,1.02857142857143,0.985714285714286,15,1.06581410364015e-14,15
347,5,32,15,5,10,0.46875,1.265625,15,0,15
748,22,22,5,5,0,1,0,5,0,5
326,6,27,15,5,10,0.666666666666667,1.16666666666667,15,3.5527136788005e-14,15
434,2,2,2,2,0,1,0,2,0,2
573,2,20,12,2,10,0.6,1.08,12,0,12
244,20,36,15,5,10,1.66666666666667,0.666666666666667,15,1.95399252334028e-14,15
378,9,50,15,5,10,0.54,1.23,15,0,15
175,13,20,12,5,7,1.56,0.6,12,0,12
57,11,22,14,11,3,0.636363636363636,2.33333333333333,14,-1.4210854715202e-14,14
160,12,49,15,5,10,0.73469387755102,1.13265306122449,15,0,15
63,1,25,11,1,10,0.44,1.056,11,0,11
685,28,42,15,5,10,2,0.5,15,0,15
751,18,22,9,5,4,1.47272727272727,0.409090909090909,8.99999999999999,-1.4210854715202e-14,9
440,10,36,15,5,10,0.833333333333333,1.08333333333333,15,-3.5527136788005e-14,15
121,22,42,15,5,10,1.57142857142857,0.714285714285714,15,-1.06581410364015e-14,15
765,4,27,14,4,10,0.518518518518518,1.19259259259259,14,-2.8421709430404e-14,14
745,24,84,15,5,10,0.857142857142857,1.07142857142857,15,-1.4210854715202e-14,15
113,4,16,14,4,10,0.875,1.05,14,0,14
771,15,20,10,5,5,1.5,0.5,10,0,10
72,4,13,13,4,9,1,1,13,0,13
777,11,11,5,5,0,1,0,5,0,5
711,10,10,5,5,0,1,0,5,0,5
37,7,77,15,5,10,0.272727272727273,1.36363636363636,15,-3.5527136788005e-14,15
91,14,14,5,5,0,1,0,5,0,5
618,0,18,10,0,10,0,1,10,0,10
454,5,19,15,5,10,0.789473684210526,1.10526315789474,15,3.01980662698043e-14,15
521,7,14,12,5,7,1.2,0.857142857142857,12,0,12
302,1,5,5,1,4,1,1,5,0,5
95,5,49,15,5,10,0.306122448979592,1.3469387755102,15,-4.08562073062058e-14,15
399,14,25,15,5,10,1.68,0.66,15,0,15
667,9,12,8,5,3,1.2,0.666666666666667,8,0,8
683,3,8,8,3,5,1,1,8,0,8
599,11,34,15,5,10,0.970588235294118,1.01470588235294,15,-1.06581410364015e-14,15
273,7,32,15,5,10,0.65625,1.171875,15,0,15
507,40,158,15,5,10,0.759493670886076,1.12025316455696,15,-1.95399252334028e-14,15
550,21,63,15,5,10,1,1,15,0,15
767,8,11,8,5,3,1.16363636363636,0.727272727272727,7.99999999999998,-1.86517468137026e-14,8
404,7,35,15,5,10,0.6,1.2,15,0,15
547,1,3,3,1,2,1,1,3,0,3
245,10,13,8,5,3,1.23076923076923,0.615384615384615,8,-5.32907051820075e-15,8
443,4,8,8,4,4,1,1,8,0,8
165,8,36,15,5,10,0.666666666666667,1.16666666666667,15,3.5527136788005e-14,15
96,2,10,10,2,8,1,1,10,0,10
14,11,69,18,11,7,0.260869565217391,2.16149068322981,18,-2.8421709430404e-14,18
780,9,9,5,5,0,1,0,5,0,5
759,8,12,9,5,4,1.2,0.75,9,0,9
659,7,22,15,5,10,0.954545454545454,1.02272727272727,15,-3.01980662698043e-14,15
763,23,87,15,5,10,0.793103448275862,1.10344827586207,15,1.06581410364015e-14,15
533,5,20,15,5,10,0.75,1.125,15,0,15
106,0,33,10,0,10,0,1,10,0,10
670,4,12,12,4,8,1,1,12,0,12
110,6,75,15,5,10,0.24,1.38,15,-1.77635683940025e-15,15
122,7,7,5,5,0,1,0,5,0,5
120,8,42,15,5,10,0.571428571428571,1.21428571428571,15,-4.61852778244065e-14,15
111,4,7,7,4,3,1,1,7,0,7
272,14,20,11,5,6,1.54,0.55,11,0,11
349,43,73,15,5,10,1.76712328767123,0.616438356164383,15,-2.1316282072803e-14,15
548,16,18,7,5,2,1.24444444444444,0.388888888888889,6.99999999999998,-2.22044604925031e-14,7
173,0,33,10,0,10,0,1,10,0,10
710,8,16,13,5,8,1.3,0.8125,13,0,13
693,0,4,4,0,4,0,1,4,0,4
327,30,182,15,5,10,0.494505494505495,1.25274725274725,15,-2.48689957516035e-14,15
549,14,14,5,5,0,1,0,5,0,5
375,50,250,15,5,10,0.6,1.2,15,0,15
25,8,23,13,8,5,0.565217391304348,1.69565217391304,13,-1.77635683940025e-14,13
193,4,17,14,4,10,0.823529411764706,1.07058823529412,14,2.48689957516035e-14,14
126,3,43,13,3,10,0.302325581395349,1.2093023255814,13,4.61852778244065e-14,13
717,9,85,15,5,10,0.317647058823529,1.34117647058824,15,4.61852778244065e-14,15
412,4,21,14,4,10,0.666666666666667,1.13333333333333,14,-3.19744231092045e-14,14
147,23,44,15,5,10,1.56818181818182,0.715909090909091,15,1.06581410364015e-14,15
590,4,78,14,4,10,0.17948717948718,1.32820512820513,14,1.95399252334028e-14,14
119,20,95,15,5,10,0.631578947368421,1.18421052631579,15,7.105427357601e-15,15
714,2,10,10,2,8,1,1,10,0,10
237,16,28,15,5,10,1.71428571428571,0.642857142857143,15,-1.95399252334028e-14,15
132,8,54,15,5,10,0.444444444444444,1.27777777777778,15,1.95399252334028e-14,15
713,0,3,3,0,3,0,1,3,0,3
222,8,16,13,5,8,1.3,0.8125,13,0,13
768,7,7,5,5,0,1,0,5,0,5
530,1,7,7,1,6,1,1,7,0,7
137,6,19,15,5,10,0.947368421052632,1.02631578947368,15,-3.90798504668055e-14,15
90,6,30,15,5,10,0.6,1.2,15,0,15
535,23,33,15,5,10,2.09090909090909,0.454545454545455,15,0,15
743,31,202,15,5,10,0.46039603960396,1.26980198019802,15,0,15
163,2,19,12,2,10,0.631578947368421,1.07368421052632,12,4.2632564145606e-14,12
654,6,18,15,5,10,1,1,15,0,15
505,35,111,15,5,10,0.945945945945946,1.02702702702703,15,3.01980662698043e-14,15
652,0,12,10,0,10,0,1,10,0,10
345,20,28,13,5,8,1.85714285714286,0.464285714285714,13,1.24344978758018e-14,13
595,1,4,4,1,3,1,1,4,0,4
706,13,102,15,5,10,0.382352941176471,1.30882352941176,15,-4.44089209850063e-14,15
561,40,58,15,5,10,2.06896551724138,0.46551724137931,15,0,15
117,30,30,5,5,0,1,0,5,0,5
474,25,105,15,5,10,0.714285714285714,1.14285714285714,15,-3.19744231092045e-14,15
343,5,49,15,5,10,0.306122448979592,1.3469387755102,15,-4.08562073062058e-14,15
1,5,18,13,5,8,0.722222222222222,1.17361111111111,13,-1.06581410364015e-14,13
233,26,51,15,5,10,1.52941176470588,0.735294117647059,15,-1.06581410364015e-14,15
448,60,150,15,5,10,1.2,0.9,15,0,15
377,2,6,6,2,4,1,1,6,0,6
619,3,12,12,3,9,1,1,12,0,12
104,4,69,14,4,10,0.202898550724638,1.31884057971014,14,-4.79616346638068e-14,14
172,9,40,15,5,10,0.675,1.1625,15,0,15
756,2,7,7,2,5,1,1,7,0,7
53,5,27,15,5,10,0.555555555555556,1.22222222222222,15,-1.95399252334028e-14,15
292,22,22,5,5,0,1,0,5,0,5
363,3,30,13,3,10,0.433333333333333,1.17,13,-1.77635683940025e-15,13
130,9,14,10,5,5,1.28571428571429,0.714285714285714,10,1.95399252334028e-14,10
83,31,98,15,5,10,0.948979591836735,1.02551020408163,15,-2.48689957516035e-14,15
679,43,96,15,5,10,1.34375,0.828125,15,0,15
142,4,14,12,4,8,0.857142857142857,1.07142857142857,12,-1.06581410364015e-14,12
555,0,36,10,0,10,0,1,10,0,10
217,5,12,12,5,7,1,1,12,0,12
213,4,9,9,4,5,1,1,9,0,9
617,5,17,15,5,10,0.882352941176471,1.05882352941176,15,-4.44089209850063e-14,15
770,2,7,7,2,5,1,1,7,0,7
365,38,149,15,5,10,0.76510067114094,1.11744966442953,15,0,15
236,10,13,8,5,3,1.23076923076923,0.615384615384615,8,-5.32907051820075e-15,8
123,8,9,6,5,1,1.06666666666667,0.666666666666667,6.00000000000002,1.68753899743024e-14,6
191,3,11,11,3,8,1,1,11,0,11
674,6,17,15,5,10,1.05882352941176,0.970588235294118,15,-2.1316282072803e-14,15
556,2,25,12,2,10,0.48,1.104,12,0,12
339,3,15,13,3,10,0.866666666666667,1.04,13,1.77635683940025e-15,13
764,9,12,8,5,3,1.2,0.666666666666667,8,0,8
687,2,18,12,2,10,0.666666666666667,1.06666666666667,12,3.37507799486048e-14,12
228,19,19,5,5,0,1,0,5,0,5
537,6,7,6,5,1,1.02857142857143,0.857142857142858,6.00000000000001,7.99360577730113e-15,6
240,20,122,15,5,10,0.491803278688525,1.25409836065574,15,2.48689957516035e-14,15
712,8,35,15,5,10,0.685714285714286,1.15714285714286,15,3.01980662698043e-14,15
146,18,18,5,5,0,1,0,5,0,5
585,2,5,5,2,3,1,1,5,0,5
691,10,200,15,5,10,0.15,1.425,15,0,15
651,8,23,15,5,10,1.04347826086957,0.978260869565217,15,2.1316282072803e-14,15
284,22,74,15,5,10,0.891891891891892,1.05405405405405,15,-4.08562073062058e-14,15
351,17,31,15,5,10,1.64516129032258,0.67741935483871,15,0,15
502,13,16,8,5,3,1.3,0.5,8,0,8
148,0,9,9,0,9,0,1,9,0,9
526,2,9,9,2,7,1,1,9,0,9
190,10,62,15,5,10,0.483870967741935,1.25806451612903,15,-2.48689957516035e-14,15
740,8,63,15,5,10,0.380952380952381,1.30952380952381,15,5.32907051820075e-15,16
499,2,7,7,2,5,1,1,7,0,7
627,4,8,8,4,4,1,1,8,0,8
243,5,5,5,5,0,1,0,5,0,5
722,13,23,15,5,10,1.69565217391304,0.652173913043478,15,-2.1316282072803e-14,15
630,24,55,15,5,10,1.30909090909091,0.845454545454545,15,0,15
612,34,119,15,5,10,0.857142857142857,1.07142857142857,15,-1.4210854715202e-14,15
753,8,8,5,5,0,1,0,5,0,5
641,6,11,10,5,5,1.09090909090909,0.909090909090909,10,-5.32907051820075e-15,10
224,52,52,5,5,0,1,0,5,0,5
154,3,28,13,3,10,0.464285714285714,1.16071428571429,13,4.2632564145606e-14,13
100,9,44,15,5,10,0.613636363636364,1.19318181818182,15,1.95399252334028e-14,15
437,1,8,8,1,7,1,1,8,0,8
705,2,10,10,2,8,1,1,10,0,10
465,32,68,15,5,10,1.41176470588235,0.794117647058824,15,-1.06581410364015e-14,15
503,22,112,15,5,10,0.589285714285714,1.20535714285714,15,-3.19744231092045e-14,15
98,10,38,15,5,10,0.789473684210526,1.10526315789474,15,3.01980662698043e-14,15
782,2,8,8,2,6,1,1,8,0,8
757,0,7,7,0,7,0,1,7,0,7
161,16,70,15,5,10,0.685714285714286,1.15714285714286,15,3.01980662698043e-14,15
162,19,24,10,5,5,1.58333333333333,0.416666666666667,9.99999999999999,-1.4210854715202e-14,10
13,3,12,12,3,9,1,1,12,0,12
192,8,33,15,5,10,0.727272727272727,1.13636363636364,15,3.5527136788005e-14,15
749,20,61,15,5,10,0.983606557377049,1.00819672131148,15,4.44089209850063e-14,15
274,2,9,9,2,7,1,1,9,0,9
703,2,7,7,2,5,1,1,7,0,7
462,42,69,15,5,10,1.82608695652174,0.58695652173913,15,0,15
418,19,33,15,5,10,1.72727272727273,0.636363636363636,15,8.88178419700125e-15,15
581,5,11,11,5,6,1,1,11,0,11
733,10,27,15,5,10,1.11111111111111,0.944444444444444,15,-1.06581410364015e-14,15
361,3,11,11,3,8,1,1,11,0,11
567,3,4,4,3,1,1,1,4,0,4
231,0,20,10,0,10,0,1,10,0,10
28,12,22,16,12,4,0.727272727272727,1.81818181818182,16,3.5527136788005e-15,16
754,7,7,5,5,0,1,0,5,0,5
196,2,10,10,2,8,1,1,10,0,10
298,3,11,11,3,8,1,1,11,0,11
621,24,156,15,5,10,0.461538461538462,1.26923076923077,15,1.06581410364015e-14,15
695,4,10,10,4,6,1,1,10,0,10
206,4,14,12,4,8,0.857142857142857,1.07142857142857,12,-1.06581410364015e-14,12
73,14,56,15,5,10,0.75,1.125,15,0,15
230,2,40,12,2,10,0.3,1.14,12,-1.77635683940025e-15,12
324,22,46,15,5,10,1.43478260869565,0.782608695652174,15,-1.06581410364015e-14,15
545,8,10,7,5,2,1.12,0.7,7,0,7
185,20,98,15,5,10,0.612244897959184,1.19387755102041,15,2.1316282072803e-14,15
755,38,112,15,5,10,1.01785714285714,0.991071428571429,15,-1.06581410364015e-14,15
335,1,2,2,1,1,1,1,2,0,2
353,5,12,12,5,7,1,1,12,0,12
108,24,77,15,5,10,0.935064935064935,1.03246753246753,15,-2.48689957516035e-14,15
380,9,27,15,5,10,1,1,15,0,15
225,13,70,15,5,10,0.557142857142857,1.22142857142857,15,-1.59872115546023e-14,15
739,0,60,10,0,10,0,1,10,0,11
374,12,24,15,5,10,1.5,0.75,15,0,15
368,6,14,13,5,8,1.11428571428571,0.928571428571429,13,-1.77635683940025e-14,13
598,3,7,7,3,4,1,1,7,0,7
509,2,114,12,2,10,0.105263157894737,1.17894736842105,12,-2.48689957516035e-14,12
212,31,31,5,5,0,1,0,5,0,5
114,9,22,15,5,10,1.22727272727273,0.886363636363636,15,1.06581410364015e-14,15
34,4,45,14,4,10,0.311111111111111,1.27555555555556,14,4.2632564145606e-14,14
653,11,46,15,5,10,0.717391304347826,1.14130434782609,15,3.01980662698043e-14,15
205,12,197,15,5,10,0.182741116751269,1.40862944162437,15,4.61852778244065e-14,15
458,4,18,14,4,10,0.777777777777778,1.08888888888889,14,1.24344978758018e-14,14
583,10,70,15,5,10,0.428571428571429,1.28571428571429,15,4.61852778244065e-14,15
84,2,30,12,2,10,0.4,1.12,12,1.77635683940025e-15,12
720,15,75,15,5,10,0.6,1.2,15,0,15
40,6,18,15,5,10,1,1,15,0,15
85,5,87,15,5,10,0.172413793103448,1.41379310344828,15,4.08562073062058e-14,15
143,3,16,9,3,6,0.5625,1.21875,9,0,9
18,20,50,23,20,3,0.46,4.6,23,0,23
331,5,34,15,5,10,0.441176470588235,1.27941176470588,15,-2.48689957516035e-14,15
483,18,32,15,5,10,1.6875,0.65625,15,0,15
640,2,9,9,2,7,1,1,9,0,9
211,4,18,14,4,10,0.777777777777778,1.08888888888889,14,1.24344978758018e-14,14
52,7,24,15,5,10,0.875,1.0625,15,0,15
75,20,58,15,5,10,1.03448275862069,0.982758620689655,15,0,15
241,3,13,13,3,10,1,1,13,0,13
290,24,86,15,5,10,0.837209302325581,1.08139534883721,15,3.5527136788005e-15,15
318,5,36,15,5,10,0.416666666666667,1.29166666666667,15,3.5527136788005e-14,15
524,1,4,4,1,3,1,1,4,0,4
61,20,39,15,5,10,1.53846153846154,0.730769230769231,15,1.06581410364015e-14,15
322,14,55,15,5,10,0.763636363636364,1.11818181818182,15,1.95399252334028e-14,15
668,14,63,15,5,10,0.666666666666667,1.16666666666667,15,3.5527136788005e-14,15
50,14,53,15,5,10,0.792452830188679,1.10377358490566,15,-3.5527136788005e-15,15
150,15,15,5,5,0,1,0,5,0,5
277,4,14,14,4,10,1,1,14,0,14
235,14,18,9,5,4,1.4,0.5,9,0,9
11,15,49,22,15,7,0.448979591836735,2.18075801749271,22,-7.105427357601e-15,22
354,10,13,8,5,3,1.23076923076923,0.615384615384615,8,-5.32907051820075e-15,8
417,7,14,12,5,7,1.2,0.857142857142857,12,0,12
203,35,325,15,5,10,0.323076923076923,1.33846153846154,15,1.4210854715202e-14,15
508,9,21,15,5,10,1.28571428571429,0.857142857142857,15,1.95399252334028e-14,15
250,8,37,15,5,10,0.648648648648649,1.17567567567568,15,4.61852778244065e-14,15
186,13,13,5,5,0,1,0,5,0,5
669,5,57,15,5,10,0.263157894736842,1.36842105263158,15,1.24344978758018e-14,16
605,3,10,10,3,7,1,1,10,0,10
38,10,47,15,5,10,0.638297872340426,1.18085106382979,15,3.01980662698043e-14,15
395,17,109,15,5,10,0.467889908256881,1.26605504587156,15,7.105427357601e-15,15
221,5,27,15,5,10,0.555555555555556,1.22222222222222,15,-1.95399252334028e-14,15
141,7,12,10,5,5,1.16666666666667,0.833333333333333,10,1.4210854715202e-14,10
436,17,36,15,5,10,1.41666666666667,0.791666666666667,15,1.95399252334028e-14,15
181,0,4,4,0,4,0,1,4,0,4
675,1,2,2,1,1,1,1,2,0,2
492,16,60,15,5,10,0.8,1.1,15,0,15
27,5,28,15,5,10,0.535714285714286,1.23214285714286,15,3.19744231092045e-14,15
625,6,41,15,5,10,0.439024390243902,1.28048780487805,15,8.88178419700125e-15,15
5,5,8,8,5,3,1,1,8,0,8
6,4,27,10,4,6,0.37037037037037,1.41975308641975,9.99999999999998,-1.77635683940025e-14,10
660,10,23,15,5,10,1.30434782608696,0.847826086956522,15,1.95399252334028e-14,15
157,3,14,12,3,9,0.857142857142857,1.04761904761905,12,1.95399252334028e-14,12
201,27,315,15,5,10,0.257142857142857,1.37142857142857,15,-1.4210854715202e-14,15
444,8,24,15,5,10,1,1,15,0,15
226,21,113,15,5,10,0.557522123893805,1.2212389380531,15,2.30926389122033e-14,15
62,3,38,13,3,10,0.342105263157895,1.19736842105263,13,-1.4210854715202e-14,13
59,5,168,15,5,10,0.0892857142857143,1.45535714285714,15,-3.01980662698043e-14,15
198,1,10,10,1,9,1,1,10,0,10
568,2,11,11,2,9,1,1,11,0,11
498,4,12,12,4,8,1,1,12,0,12
54,25,95,15,5,10,0.789473684210526,1.10526315789474,15,3.01980662698043e-14,15
261,7,39,15,5,10,0.538461538461539,1.23076923076923,15,-5.32907051820075e-15,15
457,13,37,15,5,10,1.05405405405405,0.972972972972973,15,-2.1316282072803e-14,15
626,7,33,15,5,10,0.636363636363636,1.18181818181818,15,-1.95399252334028e-14,15
678,15,126,15,5,10,0.357142857142857,1.32142857142857,15,-1.4210854715202e-14,15
176,2,42,12,2,10,0.285714285714286,1.14285714285714,12,-3.01980662698043e-14,12
744,7,19,15,5,10,1.10526315789474,0.947368421052632,15,2.1316282072803e-14,15
179,19,42,15,5,10,1.35714285714286,0.821428571428571,15,1.06581410364015e-14,15
523,12,17,10,5,5,1.41176470588235,0.588235294117647,9.99999999999998,-1.59872115546023e-14,10
12,10,15,11,10,1,0.733333333333333,3.66666666666667,11,0,11
525,2,33,12,2,10,0.363636363636364,1.12727272727273,12,3.01980662698043e-14,12
697,5,10,10,5,5,1,1,10,0,10
338,5,30,15,5,10,0.5,1.25,15,0,15
542,35,300,15,5,10,0.35,1.325,15,0,15
48,3,40,13,3,10,0.325,1.2025,13,-1.77635683940025e-15,13
429,2,6,6,2,4,1,1,6,0,6
56,5,54,15,5,10,0.277777777777778,1.36111111111111,15,-1.06581410364015e-14,15
472,5,38,15,5,10,0.394736842105263,1.30263157894737,15,1.4210854715202e-14,15
456,3,22,13,3,10,0.590909090909091,1.12272727272727,13,-2.8421709430404e-14,13
316,3,4,4,3,1,1,1,4,0,4
92,11,30,15,5,10,1.1,0.95,15,0,15
19,15,48,23,15,8,0.479166666666667,1.9765625,23,7.105427357601e-15,23
174,14,17,8,5,3,1.31764705882353,0.470588235294118,8,3.5527136788005e-15,8
606,11,38,15,5,10,0.868421052631579,1.06578947368421,15,-7.105427357601e-15,15
128,6,10,9,5,4,1.08,0.9,9,0,9
234,11,19,13,5,8,1.50526315789474,0.684210526315789,13,1.24344978758018e-14,13
131,9,16,12,5,7,1.35,0.75,12,0,12
383,1,6,6,1,5,1,1,6,0,6
15,7,26,14,7,7,0.538461538461538,1.46153846153846,14,-1.4210854715202e-14,14
264,12,51,15,5,10,0.705882352941176,1.14705882352941,15,-2.1316282072803e-14,15
279,5,13,13,5,8,1,1,13,0,13
43,10,10,10,10,0,1,0,10,0,10
348,4,44,14,4,10,0.318181818181818,1.27272727272727,14,-2.8421709430404e-14,14
476,11,48,15,5,10,0.6875,1.15625,15,0,15
510,12,16,9,5,4,1.35,0.5625,9,0,9
93,16,19,8,5,3,1.34736842105263,0.421052631578947,7.99999999999999,-8.88178419700125e-15,8
216,4,70,14,4,10,0.2,1.32,14,1.77635683940025e-15,14
504,15,88,15,5,10,0.511363636363636,1.24431818181818,15,-1.95399252334028e-14,15
645,22,39,15,5,10,1.69230769230769,0.653846153846154,15,-8.88178419700125e-15,15
45,26,53,15,5,10,1.47169811320755,0.764150943396226,15,1.06581410364015e-14,15
300,20,130,15,5,10,0.461538461538462,1.26923076923077,15,1.06581410364015e-14,15
624,28,183,15,5,10,0.459016393442623,1.27049180327869,15,1.4210854715202e-14,15
21,5,20,10,5,5,0.5,1.5,10,0,10
60,9,65,15,5,10,0.415384615384615,1.29230769230769,15,-2.66453525910038e-14,15
506,14,130,15,5,10,0.323076923076923,1.33846153846154,15,1.4210854715202e-14,15
650,40,59,15,5,10,2.03389830508475,0.483050847457627,15,2.1316282072803e-14,15
65,15,61,15,5,10,0.737704918032787,1.13114754098361,15,3.5527136788005e-14,15
344,5,23,15,5,10,0.652173913043478,1.17391304347826,15,-8.88178419700125e-15,15
403,15,27,15,5,10,1.66666666666667,0.666666666666667,15,1.95399252334028e-14,15
522,7,18,15,5,10,1.16666666666667,0.916666666666667,15,1.95399252334028e-14,15
357,45,415,15,5,10,0.325301204819277,1.33734939759036,15,-1.4210854715202e-14,15
407,21,142,15,5,10,0.443661971830986,1.27816901408451,15,2.8421709430404e-14,15
622,70,234,15,5,10,0.897435897435897,1.05128205128205,15,-1.4210854715202e-14,15
587,40,134,15,5,10,0.895522388059701,1.05223880597015,15,5.32907051820075e-15,15
151,3,67,13,3,10,0.194029850746269,1.24179104477612,13,7.105427357601e-15,13
152,4,13,11,4,7,0.846153846153846,1.08791208791209,11,1.4210854715202e-14,11
329,6,51,15,5,10,0.352941176470588,1.32352941176471,15,4.08562073062058e-14,15
77,1,24,11,1,10,0.458333333333333,1.05416666666667,11,3.19744231092045e-14,11
441,15,23,13,5,8,1.69565217391304,0.565217391304348,13,-1.77635683940025e-14,13
127,12,45,15,5,10,0.8,1.1,15,0,15
609,14,25,15,5,10,1.68,0.66,15,0,15
67,15,49,15,5,10,0.918367346938776,1.04081632653061,15,-1.95399252334028e-14,15
647,18,41,15,5,10,1.31707317073171,0.841463414634146,15,1.06581410364015e-14,15
359,20,43,15,5,10,1.3953488372093,0.802325581395349,15,-1.06581410364015e-14,15
99,0,30,10,0,10,0,1,10,0,10
286,2,8,8,2,6,1,1,8,0,8
210,4,8,8,4,4,1,1,8,0,8
386,3,20,13,3,10,0.65,1.105,13,0,13
199,8,15,12,5,7,1.28,0.8,12,0,12
209,16,23,12,5,7,1.6695652173913,0.521739130434782,12,-2.48689957516035e-14,12
731,8,21,15,5,10,1.14285714285714,0.928571428571429,15,-1.06581410364015e-14,15
388,13,47,15,5,10,0.829787234042553,1.08510638297872,15,-3.5527136788005e-14,15
470,16,49,15,5,10,0.979591836734694,1.01020408163265,15,-3.01980662698043e-14,15
159,0,82,10,0,10,0,1,10,0,10
485,10,250,15,5,10,0.12,1.44,15,-1.77635683940025e-15,15
439,27,45,15,5,10,1.8,0.6,15,0,15
89,5,32,15,5,10,0.46875,1.265625,15,0,15
725,40,250,15,5,10,0.48,1.26,15,0,15
271,14,30,15,5,10,1.4,0.8,15,0,15
422,2,7,7,2,5,1,1,7,0,7
299,20,53,15,5,10,1.13207547169811,0.933962264150943,15,-2.1316282072803e-14,15
7,4,7,7,4,3,1,1,7,0,7
297,0,3,3,0,3,0,1,3,0,3
469,30,45,15,5,10,2,0.5,15,0,15
681,20,74,15,5,10,0.810810810810811,1.09459459459459,15,-4.44089209850063e-14,15
552,0,7,7,0,7,0,1,7,0,7
584,5,14,14,5,9,1,1,14,0,14
473,15,25,15,5,10,1.8,0.6,15,0,15
229,3,10,10,3,7,1,1,10,0,10
450,6,23,15,5,10,0.782608695652174,1.10869565217391,15,-3.01980662698043e-14,15
32,4,14,14,4,10,1,1,14,0,14
257,10,21,15,5,10,1.42857142857143,0.785714285714286,15,1.06581410364015e-14,15
723,6,50,15,5,10,0.36,1.32,15,0,15
256,20,63,15,5,10,0.952380952380952,1.02380952380952,15,-3.90798504668055e-14,15
682,1,6,6,1,5,1,1,6,0,6
727,12,25,15,5,10,1.44,0.78,15,0,15
306,3,13,11,3,8,0.846153846153846,1.05769230769231,11,1.77635683940025e-14,11
615,9,11,7,5,2,1.14545454545455,0.636363636363636,7.00000000000002,2.1316282072803e-14,7
312,75,288,15,5,10,0.78125,1.109375,15,0,15
116,2,14,8,2,6,0.571428571428571,1.14285714285714,7.99999999999998,-1.77635683940025e-14,8
115,6,18,8,5,3,0.533333333333333,1.77777777777778,8,3.5527136788005e-15,8
197,16,39,15,5,10,1.23076923076923,0.884615384615385,15,0,15
58,10,38,15,5,10,0.789473684210526,1.10526315789474,15,3.01980662698043e-14,15
166,21,82,15,5,10,0.768292682926829,1.11585365853659,15,4.44089209850063e-14,15
634,30,263,15,5,10,0.342205323193916,1.32889733840304,15,-1.95399252334028e-14,15
66,3,7,7,3,4,1,1,7,0,7
323,6,26,15,5,10,0.692307692307692,1.15384615384615,15,-4.08562073062058e-14,15
369,6,26,15,5,10,0.692307692307692,1.15384615384615,15,-4.08562073062058e-14,15
328,7,63,15,5,10,0.333333333333333,1.33333333333333,15,-3.5527136788005e-14,15
39,28,410,30,28,2,0.0731707317073171,13.9756097560976,30.0000000000001,7.8159700933611e-14,30
70,8,36,15,5,10,0.666666666666667,1.16666666666667,15,3.5527136788005e-14,15
616,6,47,15,5,10,0.382978723404255,1.30851063829787,15,-2.66453525910038e-14,15
610,5,23,15,5,10,0.652173913043478,1.17391304347826,15,-8.88178419700125e-15,15
167,1,18,9,1,8,0.5,1.0625,9,0,9
307,3,3,3,3,0,1,0,3,0,3
370,15,77,15,5,10,0.584415584415584,1.20779220779221,15,2.1316282072803e-14,15
578,19,98,15,5,10,0.581632653061224,1.20918367346939,15,1.95399252334028e-14,15
136,9,36,15,5,10,0.75,1.125,15,0,15
325,45,106,15,5,10,1.27358490566038,0.863207547169811,15,1.06581410364015e-14,15
408,70,137,15,5,10,1.53284671532847,0.733576642335766,15,1.06581410364015e-14,15
46,6,34,15,5,10,0.529411764705882,1.23529411764706,15,1.06581410364015e-14,15
410,6,35,15,5,10,0.514285714285714,1.24285714285714,15,-2.8421709430404e-14,15
138,5,22,15,5,10,0.681818181818182,1.15909090909091,15,1.06581410364015e-14,15
614,7,7,5,5,0,1,0,5,0,5
463,20,74,15,5,10,0.810810810810811,1.09459459459459,15,-4.44089209850063e-14,15
721,2,6,6,2,4,1,1,6,0,6
10,12,20,14,12,2,0.7,2.8,14,-1.77635683940025e-15,14
109,16,36,15,5,10,1.33333333333333,0.833333333333333,15,-1.95399252334028e-14,15
371,8,27,15,5,10,0.888888888888889,1.05555555555556,15,4.44089209850063e-14,15
170,24,68,15,5,10,1.05882352941176,0.970588235294118,15,-2.1316282072803e-14,15
692,0,2,2,0,2,0,1,2,0,2
82,1,33,11,1,10,0.333333333333333,1.06666666666667,11,3.19744231092045e-14,11
430,6,10,9,5,4,1.08,0.9,9,0,9
79,7,7,7,7,0,1,0,7,0,7
442,11,26,15,5,10,1.26923076923077,0.865384615384615,15,0,15
684,3,3,3,3,0,1,0,3,0,3
409,20,95,15,5,10,0.631578947368421,1.18421052631579,15,7.105427357601e-15,15
461,28,28,5,5,0,1,0,5,0,5
124,10,212,15,5,10,0.141509433962264,1.42924528301887,15,2.1316282072803e-14,15
20,20,128,30,20,10,0.234375,2.53125,30,0,30
74,20,80,15,5,10,0.75,1.125,15,0,15
333,13,22,14,5,9,1.65454545454545,0.636363636363636,14,-2.48689957516035e-14,14
592,7,64,15,5,10,0.328125,1.3359375,15,0,15
517,17,38,15,5,10,1.34210526315789,0.828947368421053,15,-2.1316282072803e-14,15
420,5,38,15,5,10,0.394736842105263,1.30263157894737,15,1.4210854715202e-14,15
360,6,38,15,5,10,0.473684210526316,1.26315789473684,15,-1.95399252334028e-14,15
223,4,11,11,4,7,1,1,11,0,11
202,27,43,15,5,10,1.88372093023256,0.558139534883721,15,1.06581410364015e-14,15
557,6,21,15,5,10,0.857142857142857,1.07142857142857,15,-1.4210854715202e-14,15
709,30,250,15,5,10,0.36,1.32,15,0,15
467,5,25,15,5,10,0.6,1.2,15,0,15
423,20,20,5,5,0,1,0,5,0,5
468,13,18,10,5,5,1.44444444444444,0.555555555555556,9.99999999999998,-1.95399252334028e-14,10
736,42,54,15,5,10,2.33333333333333,0.333333333333333,15,-1.95399252334028e-14,15
586,12,16,9,5,4,1.35,0.5625,9,0,9
232,3,59,13,3,10,0.220338983050847,1.23389830508475,13,4.2632564145606e-14,13
195,26,157,15,5,10,0.496815286624204,1.2515923566879,15,1.95399252334028e-14,15
501,2,35,12,2,10,0.342857142857143,1.13142857142857,12,-1.4210854715202e-14,12
433,23,66,15,5,10,1.04545454545455,0.977272727272727,15,2.1316282072803e-14,15
413,4,20,14,4,10,0.7,1.12,14,0,14
519,12,70,15,5,10,0.514285714285714,1.24285714285714,15,-2.8421709430404e-14,15
490,16,48,15,5,10,1,1,15,0,15
44,11,85,15,5,10,0.388235294117647,1.30588235294118,15,3.5527136788005e-14,15
182,6,72,15,5,10,0.25,1.375,15,0,15
596,15,110,15,5,10,0.409090909090909,1.29545454545455,15,4.61852778244065e-14,15
382,6,14,13,5,8,1.11428571428571,0.928571428571429,13,-1.77635683940025e-14,13
569,6,27,15,5,10,0.666666666666667,1.16666666666667,15,3.5527136788005e-14,15
16,20,307,30,20,10,0.0977198697068404,2.80456026058632,30,1.06581410364015e-14,30
350,50,258,15,5,10,0.581395348837209,1.2093023255814,15,4.44089209850063e-14,15
183,13,27,15,5,10,1.44444444444444,0.777777777777778,15,-1.95399252334028e-14,15
285,15,37,15,5,10,1.21621621621622,0.891891891891892,15,1.95399252334028e-14,15
187,10,87,15,5,10,0.344827586206897,1.32758620689655,15,-1.4210854715202e-14,15
80,11,19,13,5,8,1.50526315789474,0.684210526315789,13,1.24344978758018e-14,13
189,15,51,15,5,10,0.882352941176471,1.05882352941176,15,-4.44089209850063e-14,15
30,8,104,13,8,5,0.125,2.4,13,0,14
24,12,16,9,5,4,1.35,0.5625,9,0,9
425,200,320,15,5,10,1.875,0.5625,15,0,15
494,5,18,15,5,10,0.833333333333333,1.08333333333333,15,-3.5527136788005e-14,15
582,20,122,15,5,10,0.491803278688525,1.25409836065574,15,2.48689957516035e-14,15
55,11,54,15,11,4,0.277777777777778,2.98611111111111,15,-3.5527136788005e-15,15
47,10,25,15,5,10,1.2,0.9,15,0,15
169,4,35,14,4,10,0.4,1.24,14,0,14
301,3,13,13,3,10,1,1,13,0,13
544,2,9,9,2,7,1,1,9,0,9
515,7,19,15,5,10,1.10526315789474,0.947368421052632,15,2.1316282072803e-14,15
64,7,9,9,7,2,1,1,9,0,9
102,18,28,15,5,10,1.92857142857143,0.535714285714286,15,1.06581410364015e-14,15
337,9,68,15,5,10,0.397058823529412,1.30147058823529,15,-4.08562073062058e-14,15
358,20,123,15,5,10,0.48780487804878,1.25609756097561,15,-1.77635683940025e-15,15
51,4,53,14,4,10,0.264150943396226,1.29433962264151,14,3.5527136788005e-15,14
35,8,97,14,8,6,0.144329896907216,2.14089347079038,14,8.88178419700125e-15,14
42,4,51,11,4,7,0.215686274509804,1.44817927170868,11,-2.30926389122033e-14,11
49,4,26,14,4,10,0.538461538461539,1.18461538461538,14,-4.2632564145606e-14,14
140,2,10,10,2,8,1,1,10,0,10
145,19,30,15,5,10,1.9,0.55,15,0,15
164,20,38,7,5,2,0.736842105263158,1.65789473684211,7.00000000000001,9.76996261670138e-15,7
265,3,3,3,3,0,1,0,3,0,3
309,0,2,2,0,2,0,1,2,0,2
310,5,10,10,5,5,1,1,10,0,10
313,44,78,15,5,10,1.69230769230769,0.653846153846154,15,-8.88178419700125e-15,15
346,22,42,15,5,10,1.57142857142857,0.714285714285714,15,-1.06581410364015e-14,15
391,3,15,13,3,10,0.866666666666667,1.04,13,1.77635683940025e-15,13
416,6,17,15,5,10,1.05882352941176,0.970588235294118,15,-2.1316282072803e-14,15
428,14,16,7,5,2,1.225,0.4375,7,0,7
431,15,21,11,5,6,1.57142857142857,0.523809523809524,11,-5.32907051820075e-15,11
432,23,178,15,5,10,0.387640449438202,1.3061797752809,15,8.88178419700125e-15,15
480,14,20,11,5,6,1.54,0.55,11,0,11
493,0,9,9,0,9,0,1,9,0,9
518,32,166,15,5,10,0.578313253012048,1.21084337349398,15,4.08562073062058e-14,15
529,11,27,15,5,10,1.22222222222222,0.888888888888889,15,-1.06581410364015e-14,15
546,15,42,15,5,10,1.07142857142857,0.964285714285714,15,-1.06581410364015e-14,15
566,1,23,11,1,10,0.478260869565217,1.05217391304348,11,1.59872115546023e-14,11
579,8,45,15,5,10,0.533333333333333,1.23333333333333,15,-3.5527136788005e-14,16
580,6,93,15,5,10,0.193548387096774,1.40322580645161,15,-2.8421709430404e-14,15
600,12,16,9,5,4,1.35,0.5625,9,0,9
673,21,55,15,5,10,1.14545454545455,0.927272727272727,15,1.95399252334028e-14,15
707,12,59,15,5,10,0.610169491525424,1.19491525423729,15,1.95399252334028e-14,15
735,50,159,15,5,10,0.943396226415094,1.02830188679245,15,-2.8421709430404e-14,15
