"SI","responses_planned","responses_mail","responses_with_info","considered_info","unconsidered_info","wc","wu"
665,27,66,15,5,10,1.22727272727273,0.886363636363636
315,13,19,11,5,6,1.50526315789474,0.578947368421053
591,2,3,3,2,1,1,1
482,11,42,15,5,10,0.785714285714286,1.10714285714286
516,20,338,15,5,10,0.177514792899408,1.4112426035503
88,8,32,15,5,10,0.75,1.125
696,20,50,15,5,10,1.2,0.9
528,7,37,15,5,10,0.567567567567568,1.21621621621622
387,9,13,9,5,4,1.24615384615385,0.692307692307692
511,0,1,1,0,1,0,1
424,3,8,8,3,5,1,1
293,29,128,15,5,10,0.6796875,1.16015625
188,0,7,7,0,7,0,1
8,3,8,8,3,5,1,1
657,8,75,15,5,10,0.32,1.34
389,6,12,11,5,6,1.1,0.916666666666667
415,5,23,15,5,10,0.652173913043478,1.17391304347826
565,210,225,15,5,10,2.8,0.1
732,5,13,13,5,8,1,1
260,0,13,10,0,10,0,1
86,15,37,15,5,10,1.21621621621622,0.891891891891892
603,18,30,15,5,10,1.8,0.6
200,5,78,15,5,10,0.192307692307692,1.40384615384615
94,5,37,15,5,10,0.405405405405405,1.2972972972973
330,4,8,8,4,4,1,1
270,2,11,11,2,9,1,1
536,3,12,12,3,9,1,1
356,3,6,6,3,3,1,1
538,2,9,9,2,7,1,1
758,0,8,8,0,8,0,1
540,28,59,15,5,10,1.42372881355932,0.788135593220339
366,11,43,15,5,10,0.767441860465116,1.11627906976744
220,10,15,10,5,5,1.33333333333333,0.666666666666667
479,17,35,15,5,10,1.45714285714286,0.771428571428571
486,2,3,3,2,1,1,1
352,2,5,5,2,3,1,1
551,6,9,8,5,3,1.06666666666667,0.888888888888889
671,25,72,15,5,10,1.04166666666667,0.979166666666667
446,4,19,14,4,10,0.736842105263158,1.10526315789474
332,6,9,8,5,3,1.06666666666667,0.888888888888889
259,0,6,6,0,6,0,1
747,23,42,15,5,10,1.64285714285714,0.678571428571428
281,20,104,15,5,10,0.576923076923077,1.21153846153846
464,22,45,15,5,10,1.46666666666667,0.766666666666667
29,7,49,13,7,6,0.26530612244898,1.85714285714286
500,11,21,15,5,10,1.57142857142857,0.714285714285714
553,7,12,10,5,5,1.16666666666667,0.833333333333333
364,30,40,13,5,8,1.95,0.40625
184,3,48,13,3,10,0.270833333333333,1.21875
144,12,31,15,5,10,1.16129032258065,0.919354838709677
514,0,36,10,0,10,0,1
207,1,8,8,1,7,1,1
4,5,17,10,5,5,0.588235294117647,1.41176470588235
214,2,9,9,2,7,1,1
227,25,118,15,5,10,0.635593220338983,1.18220338983051
362,14,20,11,5,6,1.54,0.55
724,10,20,15,5,10,1.5,0.75
589,4,11,11,4,7,1,1
459,13,29,15,5,10,1.3448275862069,0.827586206896552
628,11,11,5,5,0,1,0
41,1,15,7,1,6,0.466666666666667,1.08888888888889
455,7,16,14,5,9,1.225,0.875
71,8,15,12,5,7,1.28,0.8
453,25,94,15,5,10,0.797872340425532,1.10106382978723
304,5,11,11,5,6,1,1
451,3,7,7,3,4,1,1
677,4,12,12,4,8,1,1
239,3,98,13,3,10,0.13265306122449,1.26020408163265
26,0,25,10,0,10,0,1
571,5,46,15,5,10,0.326086956521739,1.33695652173913
340,5,25,15,5,10,0.6,1.2
445,35,45,15,5,10,2.33333333333333,0.333333333333333
769,8,12,9,5,4,1.2,0.75
746,8,12,9,5,4,1.2,0.75
393,3,18,13,3,10,0.722222222222222,1.08333333333333
572,16,67,15,5,10,0.716417910447761,1.14179104477612
129,2,18,12,2,10,0.666666666666667,1.06666666666667
643,0,4,4,0,4,0,1
36,21,67,15,5,10,0.940298507462687,1.02985074626866
560,0,18,10,0,10,0,1
435,14,16,7,5,2,1.225,0.4375
394,8,25,15,5,10,0.96,1.02
68,11,76,15,5,10,0.43421052631579,1.28289473684211
574,25,50,15,5,10,1.5,0.75
149,1,14,11,1,10,0.785714285714286,1.02142857142857
219,9,54,15,5,10,0.5,1.25
311,2,15,12,2,10,0.8,1.04
576,6,18,15,5,10,1,1
367,2,3,3,2,1,1,1
97,6,7,6,5,1,1.02857142857143,0.857142857142858
700,2,9,9,2,7,1,1
155,16,58,15,5,10,0.827586206896552,1.08620689655172
686,18,130,15,5,10,0.415384615384615,1.29230769230769
278,0,7,7,0,7,0,1
426,11,67,15,5,10,0.492537313432836,1.25373134328358
774,1,7,7,1,6,1,1
559,10,42,15,5,10,0.714285714285714,1.14285714285714
258,10,54,15,5,10,0.555555555555556,1.22222222222222
646,11,30,15,5,10,1.1,0.95
729,10,17,12,5,7,1.41176470588235,0.705882352941176
269,15,23,13,5,8,1.69565217391304,0.565217391304348
644,1,5,5,1,4,1,1
22,25,96,30,25,5,0.3125,4.4375
676,8,16,10,5,5,1,1
773,0,7,7,0,7,0,1
642,2,2,2,2,0,1,0
702,5,10,10,5,5,1,1
689,6,15,14,5,9,1.12,0.933333333333333
180,50,300,15,5,10,0.5,1.25
406,1,7,7,1,6,1,1
405,12,15,8,5,3,1.28,0.533333333333333
593,30,226,15,5,10,0.398230088495575,1.30088495575221
737,32,70,15,5,10,1.37142857142857,0.814285714285714
402,19,33,15,5,10,1.72727272727273,0.636363636363636
655,9,15,11,5,6,1.32,0.733333333333333
690,17,36,15,5,10,1.41666666666667,0.791666666666667
554,10,39,15,5,10,0.769230769230769,1.11538461538462
398,18,30,15,5,10,1.8,0.6
719,6,22,15,5,10,0.818181818181818,1.09090909090909
488,4,10,10,4,6,1,1
341,40,99,15,5,10,1.21212121212121,0.893939393939394
400,0,9,9,0,9,0,1
491,0,266,10,0,10,0,1
392,2,7,7,2,5,1,1
543,7,7,5,5,0,1,0
698,5,22,15,5,10,0.681818181818182,1.15909090909091
178,4,22,14,4,10,0.636363636363636,1.14545454545455
471,29,60,15,5,10,1.45,0.775
607,25,89,15,5,10,0.842696629213483,1.07865168539326
107,0,23,10,0,10,0,1
385,0,22,10,0,10,0,1
384,2,11,11,2,9,1,1
112,13,24,15,5,10,1.625,0.6875
294,5,7,7,5,2,1,1
31,2,31,12,2,10,0.387096774193548,1.12258064516129
101,14,24,15,5,10,1.75,0.625
379,0,5,5,0,5,0,1
489,10,41,15,5,10,0.731707317073171,1.13414634146341
397,3,15,13,3,10,0.866666666666667,1.04
750,20,38,15,5,10,1.57894736842105,0.710526315789474
76,11,19,13,5,8,1.50526315789474,0.684210526315789
320,7,25,15,5,10,0.84,1.08
639,20,90,15,5,10,0.666666666666667,1.16666666666667
372,10,51,15,5,10,0.588235294117647,1.20588235294118
741,3,23,13,3,10,0.565217391304348,1.1304347826087
135,8,17,14,5,9,1.31764705882353,0.823529411764706
604,30,121,15,5,10,0.743801652892562,1.12809917355372
658,4,12,12,4,8,1,1
708,8,65,15,5,10,0.369230769230769,1.31538461538462
513,5,23,15,5,10,0.652173913043478,1.17391304347826
562,9,18,14,5,9,1.4,0.777777777777778
563,10,21,15,5,10,1.42857142857143,0.785714285714286
153,12,18,10,5,5,1.33333333333333,0.666666666666667
103,5,7,7,5,2,1,1
283,40,220,15,5,10,0.545454545454546,1.22727272727273
3,5,10,10,5,5,1,1
781,11,13,7,5,2,1.18461538461538,0.538461538461538
314,2,8,8,2,6,1,1
632,13,23,15,5,10,1.69565217391304,0.652173913043478
623,20,47,15,5,10,1.27659574468085,0.861702127659574
452,2,9,9,2,7,1,1
2,7,314,14,7,7,0.0445859872611465,1.95541401273885
636,7,21,15,5,10,1,1
282,9,43,15,5,10,0.627906976744186,1.18604651162791
629,1,3,3,1,2,1,1
772,7,9,7,5,2,1.08888888888889,0.777777777777778
539,3,30,13,3,10,0.433333333333333,1.17
177,8,26,15,5,10,0.923076923076923,1.03846153846154
342,14,89,15,5,10,0.471910112359551,1.26404494382022
620,50,75,15,5,10,2,0.5
376,17,42,15,5,10,1.21428571428571,0.892857142857143
766,8,9,6,5,1,1.06666666666667,0.666666666666667
355,3,9,9,3,6,1,1
255,3,12,12,3,9,1,1
317,0,5,5,0,5,0,1
421,31,46,15,5,10,2.02173913043478,0.489130434782609
613,4,12,12,4,8,1,1
242,2,3,3,2,1,1,1
541,0,7,7,0,7,0,1
648,28,60,15,5,10,1.4,0.8
427,6,48,15,5,10,0.375,1.3125
726,13,38,15,5,10,1.02631578947368,0.986842105263158
218,25,197,15,5,10,0.380710659898477,1.30964467005076
171,5,36,15,5,10,0.416666666666667,1.29166666666667
139,1,15,11,1,10,0.733333333333333,1.02666666666667
608,22,48,15,5,10,1.375,0.8125
784,21,47,15,5,10,1.34042553191489,0.829787234042553
611,12,15,8,5,3,1.28,0.533333333333333
558,9,12,8,5,3,1.2,0.666666666666667
215,22,27,10,5,5,1.62962962962963,0.370370370370371
704,5,19,15,5,10,0.789473684210526,1.10526315789474
296,9,15,11,5,6,1.32,0.733333333333333
601,5,16,15,5,10,0.9375,1.03125
419,10,62,15,5,10,0.483870967741935,1.25806451612903
319,3,4,4,3,1,1,1
303,1,10,10,1,9,1,1
133,10,60,15,5,10,0.5,1.25
775,3,9,9,3,6,1,1
246,14,52,15,5,10,0.807692307692308,1.09615384615385
680,12,22,15,5,10,1.63636363636364,0.681818181818182
635,1,3,3,1,2,1,1
460,4,23,14,4,10,0.608695652173913,1.15652173913043
728,8,26,15,5,10,0.923076923076923,1.03846153846154
778,0,7,7,0,7,0,1
694,2,10,10,2,8,1,1
594,0,38,10,0,10,0,1
266,1,2,2,1,1,1,1
438,13,23,15,5,10,1.69565217391304,0.652173913043478
305,7,11,9,5,4,1.14545454545455,0.818181818181818
531,5,20,15,5,10,0.75,1.125
289,4,15,14,4,10,0.933333333333333,1.02666666666667
321,1,15,11,1,10,0.733333333333333,1.02666666666667
730,2,12,12,2,10,1,1
414,8,33,15,5,10,0.727272727272727,1.13636363636364
253,0,42,10,0,10,0,1
81,2,16,12,2,10,0.75,1.05
381,3,13,13,3,10,1,1
637,1,7,7,1,6,1,1
411,4,30,14,4,10,0.466666666666667,1.21333333333333
662,1,3,3,1,2,1,1
738,6,18,15,5,10,1,1
477,8,39,15,5,10,0.615384615384615,1.19230769230769
251,0,9,9,0,9,0,1
649,46,230,15,5,10,0.6,1.2
288,1,4,4,1,3,1,1
287,0,3,3,0,3,0,1
577,8,30,15,5,10,0.8,1.1
204,5,110,15,5,10,0.136363636363636,1.43181818181818
752,10,18,13,5,8,1.44444444444444,0.722222222222222
105,1,23,11,1,10,0.478260869565217,1.05217391304348
295,1,40,11,1,10,0.275,1.0725
527,0,53,10,0,10,0,1
280,15,145,15,5,10,0.310344827586207,1.3448275862069
254,2,12,12,2,10,1,1
396,4,28,14,4,10,0.5,1.2
276,6,23,15,5,10,0.782608695652174,1.10869565217391
275,7,15,13,5,8,1.21333333333333,0.866666666666667
701,4,35,14,4,10,0.4,1.24
663,2,13,12,2,10,0.923076923076923,1.01538461538462
238,5,16,15,5,10,0.9375,1.03125
125,3,23,13,3,10,0.565217391304348,1.1304347826087
495,30,67,15,5,10,1.34328358208955,0.828358208955224
760,3,7,7,3,4,1,1
512,50,210,15,5,10,0.714285714285714,1.14285714285714
267,3,4,4,3,1,1,1
532,6,8,7,5,2,1.05,0.875
208,4,12,12,4,8,1,1
633,10,92,15,5,10,0.326086956521739,1.33695652173913
602,2,10,10,2,8,1,1
262,7,12,10,5,5,1.16666666666667,0.833333333333333
638,2,14,12,2,10,0.857142857142857,1.02857142857143
481,3,3,3,3,0,1,0
484,1,1,1,1,0,1,0
87,1,8,8,1,7,1,1
656,3,21,13,3,10,0.619047619047619,1.11428571428571
742,1,20,11,1,10,0.55,1.045
78,10,100,15,5,10,0.3,1.35
475,20,63,15,5,10,0.952380952380952,1.02380952380952
118,9,54,15,5,10,0.5,1.25
252,25,37,15,5,10,2.02702702702703,0.486486486486486
779,0,8,8,0,8,0,1
447,8,18,15,5,10,1.33333333333333,0.833333333333333
718,6,27,15,5,10,0.666666666666667,1.16666666666667
776,4,8,8,4,4,1,1
661,2,72,12,2,10,0.166666666666667,1.16666666666667
664,21,59,15,5,10,1.06779661016949,0.966101694915254
715,25,166,15,5,10,0.451807228915663,1.27409638554217
168,30,39,14,5,9,2.15384615384615,0.358974358974359
268,3,17,13,3,10,0.764705882352941,1.07058823529412
9,3,12,10,3,7,0.833333333333333,1.07142857142857
496,10,20,15,5,10,1.5,0.75
390,8,20,15,5,10,1.2,0.9
194,1,24,11,1,10,0.458333333333333,1.05416666666667
688,15,145,15,5,10,0.310344827586207,1.3448275862069
263,2,23,12,2,10,0.521739130434783,1.09565217391304
156,3,34,13,3,10,0.382352941176471,1.18529411764706
69,10,48,15,5,10,0.625,1.1875
17,8,47,14,8,6,0.297872340425532,1.93617021276596
575,6,32,15,5,10,0.5625,1.21875
158,7,28,15,5,10,0.75,1.125
401,3,10,10,3,7,1,1
373,12,23,15,5,10,1.56521739130435,0.717391304347826
23,5,7,7,5,2,1,1
487,4,29,14,4,10,0.482758620689655,1.20689655172414
249,20,35,15,5,10,1.71428571428571,0.642857142857143
248,4,4,4,4,0,1,0
247,9,36,15,5,10,0.75,1.125
762,5,8,8,5,3,1,1
336,4,7,7,4,3,1,1
761,72,158,15,5,10,1.36708860759494,0.816455696202532
534,4,6,6,4,2,1,1
134,15,21,11,5,6,1.57142857142857,0.523809523809524
33,3,17,13,3,10,0.764705882352941,1.07058823529412
783,13,18,10,5,5,1.44444444444444,0.555555555555556
734,11,43,15,5,10,0.767441860465116,1.11627906976744
291,7,40,15,5,10,0.525,1.2375
334,30,44,15,5,10,2.04545454545455,0.477272727272727
478,3,9,9,3,6,1,1
564,100,124,15,5,10,2.41935483870968,0.290322580645161
597,2,9,9,2,7,1,1
666,0,17,10,0,10,0,1
699,7,67,15,5,10,0.313432835820895,1.34328358208955
308,8,26,15,5,10,0.923076923076923,1.03846153846154
449,15,43,15,5,10,1.04651162790698,0.976744186046512
631,3,19,13,3,10,0.684210526315789,1.09473684210526
716,15,48,15,5,10,0.9375,1.03125
672,0,42,10,0,10,0,1
520,4,14,14,4,10,1,1
588,1,9,9,1,8,1,1
497,6,15,14,5,9,1.12,0.933333333333333
570,24,70,15,5,10,1.02857142857143,0.985714285714286
347,5,32,15,5,10,0.46875,1.265625
748,22,22,5,5,0,1,0
326,6,27,15,5,10,0.666666666666667,1.16666666666667
434,2,2,2,2,0,1,0
573,2,20,12,2,10,0.6,1.08
244,20,36,15,5,10,1.66666666666667,0.666666666666667
378,9,50,15,5,10,0.54,1.23
175,13,20,12,5,7,1.56,0.6
57,11,22,14,11,3,0.636363636363636,2.33333333333333
160,12,49,15,5,10,0.73469387755102,1.13265306122449
63,1,25,11,1,10,0.44,1.056
685,28,42,15,5,10,2,0.5
751,18,22,9,5,4,1.47272727272727,0.409090909090909
440,10,36,15,5,10,0.833333333333333,1.08333333333333
121,22,42,15,5,10,1.57142857142857,0.714285714285714
765,4,27,14,4,10,0.518518518518518,1.19259259259259
745,24,84,15,5,10,0.857142857142857,1.07142857142857
113,4,16,14,4,10,0.875,1.05
771,15,20,10,5,5,1.5,0.5
72,4,13,13,4,9,1,1
777,11,11,5,5,0,1,0
711,10,10,5,5,0,1,0
37,7,77,15,5,10,0.272727272727273,1.36363636363636
91,14,14,5,5,0,1,0
618,0,18,10,0,10,0,1
454,5,19,15,5,10,0.789473684210526,1.10526315789474
521,7,14,12,5,7,1.2,0.857142857142857
302,1,5,5,1,4,1,1
95,5,49,15,5,10,0.306122448979592,1.3469387755102
399,14,25,15,5,10,1.68,0.66
667,9,12,8,5,3,1.2,0.666666666666667
683,3,8,8,3,5,1,1
599,11,34,15,5,10,0.970588235294118,1.01470588235294
273,7,32,15,5,10,0.65625,1.171875
507,40,158,15,5,10,0.759493670886076,1.12025316455696
550,21,63,15,5,10,1,1
767,8,11,8,5,3,1.16363636363636,0.727272727272727
404,7,35,15,5,10,0.6,1.2
547,1,3,3,1,2,1,1
245,10,13,8,5,3,1.23076923076923,0.615384615384615
443,4,8,8,4,4,1,1
165,8,36,15,5,10,0.666666666666667,1.16666666666667
96,2,10,10,2,8,1,1
14,11,69,18,11,7,0.260869565217391,2.16149068322981
780,9,9,5,5,0,1,0
759,8,12,9,5,4,1.2,0.75
659,7,22,15,5,10,0.954545454545454,1.02272727272727
763,23,87,15,5,10,0.793103448275862,1.10344827586207
533,5,20,15,5,10,0.75,1.125
106,0,33,10,0,10,0,1
670,4,12,12,4,8,1,1
110,6,75,15,5,10,0.24,1.38
122,7,7,5,5,0,1,0
120,8,42,15,5,10,0.571428571428571,1.21428571428571
111,4,7,7,4,3,1,1
272,14,20,11,5,6,1.54,0.55
349,43,73,15,5,10,1.76712328767123,0.616438356164383
548,16,18,7,5,2,1.24444444444444,0.388888888888889
173,0,33,10,0,10,0,1
710,8,16,13,5,8,1.3,0.8125
693,0,4,4,0,4,0,1
327,30,182,15,5,10,0.494505494505495,1.25274725274725
549,14,14,5,5,0,1,0
375,50,250,15,5,10,0.6,1.2
25,8,23,13,8,5,0.565217391304348,1.69565217391304
193,4,17,14,4,10,0.823529411764706,1.07058823529412
126,3,43,13,3,10,0.302325581395349,1.2093023255814
717,9,85,15,5,10,0.317647058823529,1.34117647058824
412,4,21,14,4,10,0.666666666666667,1.13333333333333
147,23,44,15,5,10,1.56818181818182,0.715909090909091
590,4,78,14,4,10,0.17948717948718,1.32820512820513
119,20,95,15,5,10,0.631578947368421,1.18421052631579
714,2,10,10,2,8,1,1
237,16,28,15,5,10,1.71428571428571,0.642857142857143
132,8,54,15,5,10,0.444444444444444,1.27777777777778
713,0,3,3,0,3,0,1
222,8,16,13,5,8,1.3,0.8125
768,7,7,5,5,0,1,0
530,1,7,7,1,6,1,1
137,6,19,15,5,10,0.947368421052632,1.02631578947368
90,6,30,15,5,10,0.6,1.2
535,23,33,15,5,10,2.09090909090909,0.454545454545455
743,31,202,15,5,10,0.46039603960396,1.26980198019802
163,2,19,12,2,10,0.631578947368421,1.07368421052632
654,6,18,15,5,10,1,1
505,35,111,15,5,10,0.945945945945946,1.02702702702703
652,0,12,10,0,10,0,1
345,20,28,13,5,8,1.85714285714286,0.464285714285714
595,1,4,4,1,3,1,1
706,13,102,15,5,10,0.382352941176471,1.30882352941176
561,40,58,15,5,10,2.06896551724138,0.46551724137931
117,30,30,5,5,0,1,0
474,25,105,15,5,10,0.714285714285714,1.14285714285714
343,5,49,15,5,10,0.306122448979592,1.3469387755102
1,5,18,13,5,8,0.722222222222222,1.17361111111111
233,26,51,15,5,10,1.52941176470588,0.735294117647059
448,60,150,15,5,10,1.2,0.9
377,2,6,6,2,4,1,1
619,3,12,12,3,9,1,1
104,4,69,14,4,10,0.202898550724638,1.31884057971014
172,9,40,15,5,10,0.675,1.1625
756,2,7,7,2,5,1,1
53,5,27,15,5,10,0.555555555555556,1.22222222222222
292,22,22,5,5,0,1,0
363,3,30,13,3,10,0.433333333333333,1.17
130,9,14,10,5,5,1.28571428571429,0.714285714285714
83,31,98,15,5,10,0.948979591836735,1.02551020408163
679,43,96,15,5,10,1.34375,0.828125
142,4,14,12,4,8,0.857142857142857,1.07142857142857
555,0,36,10,0,10,0,1
217,5,12,12,5,7,1,1
213,4,9,9,4,5,1,1
617,5,17,15,5,10,0.882352941176471,1.05882352941176
770,2,7,7,2,5,1,1
365,38,149,15,5,10,0.76510067114094,1.11744966442953
236,10,13,8,5,3,1.23076923076923,0.615384615384615
123,8,9,6,5,1,1.06666666666667,0.666666666666667
191,3,11,11,3,8,1,1
674,6,17,15,5,10,1.05882352941176,0.970588235294118
556,2,25,12,2,10,0.48,1.104
339,3,15,13,3,10,0.866666666666667,1.04
764,9,12,8,5,3,1.2,0.666666666666667
687,2,18,12,2,10,0.666666666666667,1.06666666666667
228,19,19,5,5,0,1,0
537,6,7,6,5,1,1.02857142857143,0.857142857142858
240,20,122,15,5,10,0.491803278688525,1.25409836065574
712,8,35,15,5,10,0.685714285714286,1.15714285714286
146,18,18,5,5,0,1,0
585,2,5,5,2,3,1,1
691,10,200,15,5,10,0.15,1.425
651,8,23,15,5,10,1.04347826086957,0.978260869565217
284,22,74,15,5,10,0.891891891891892,1.05405405405405
351,17,31,15,5,10,1.64516129032258,0.67741935483871
502,13,16,8,5,3,1.3,0.5
148,0,9,9,0,9,0,1
526,2,9,9,2,7,1,1
190,10,62,15,5,10,0.483870967741935,1.25806451612903
740,8,63,15,5,10,0.380952380952381,1.30952380952381
499,2,7,7,2,5,1,1
627,4,8,8,4,4,1,1
243,5,5,5,5,0,1,0
722,13,23,15,5,10,1.69565217391304,0.652173913043478
630,24,55,15,5,10,1.30909090909091,0.845454545454545
612,34,119,15,5,10,0.857142857142857,1.07142857142857
753,8,8,5,5,0,1,0
641,6,11,10,5,5,1.09090909090909,0.909090909090909
224,52,52,5,5,0,1,0
154,3,28,13,3,10,0.464285714285714,1.16071428571429
100,9,44,15,5,10,0.613636363636364,1.19318181818182
437,1,8,8,1,7,1,1
705,2,10,10,2,8,1,1
465,32,68,15,5,10,1.41176470588235,0.794117647058824
503,22,112,15,5,10,0.589285714285714,1.20535714285714
98,10,38,15,5,10,0.789473684210526,1.10526315789474
782,2,8,8,2,6,1,1
757,0,7,7,0,7,0,1
161,16,70,15,5,10,0.685714285714286,1.15714285714286
162,19,24,10,5,5,1.58333333333333,0.416666666666667
13,3,12,12,3,9,1,1
192,8,33,15,5,10,0.727272727272727,1.13636363636364
749,20,61,15,5,10,0.983606557377049,1.00819672131148
274,2,9,9,2,7,1,1
703,2,7,7,2,5,1,1
462,42,69,15,5,10,1.82608695652174,0.58695652173913
418,19,33,15,5,10,1.72727272727273,0.636363636363636
581,5,11,11,5,6,1,1
733,10,27,15,5,10,1.11111111111111,0.944444444444444
361,3,11,11,3,8,1,1
567,3,4,4,3,1,1,1
231,0,20,10,0,10,0,1
28,12,22,16,12,4,0.727272727272727,1.81818181818182
754,7,7,5,5,0,1,0
196,2,10,10,2,8,1,1
298,3,11,11,3,8,1,1
621,24,156,15,5,10,0.461538461538462,1.26923076923077
695,4,10,10,4,6,1,1
206,4,14,12,4,8,0.857142857142857,1.07142857142857
73,14,56,15,5,10,0.75,1.125
230,2,40,12,2,10,0.3,1.14
324,22,46,15,5,10,1.43478260869565,0.782608695652174
545,8,10,7,5,2,1.12,0.7
185,20,98,15,5,10,0.612244897959184,1.19387755102041
755,38,112,15,5,10,1.01785714285714,0.991071428571429
335,1,2,2,1,1,1,1
353,5,12,12,5,7,1,1
108,24,77,15,5,10,0.935064935064935,1.03246753246753
380,9,27,15,5,10,1,1
225,13,70,15,5,10,0.557142857142857,1.22142857142857
739,0,60,10,0,10,0,1
374,12,24,15,5,10,1.5,0.75
368,6,14,13,5,8,1.11428571428571,0.928571428571429
598,3,7,7,3,4,1,1
509,2,114,12,2,10,0.105263157894737,1.17894736842105
212,31,31,5,5,0,1,0
114,9,22,15,5,10,1.22727272727273,0.886363636363636
34,4,45,14,4,10,0.311111111111111,1.27555555555556
653,11,46,15,5,10,0.717391304347826,1.14130434782609
205,12,197,15,5,10,0.182741116751269,1.40862944162437
458,4,18,14,4,10,0.777777777777778,1.08888888888889
583,10,70,15,5,10,0.428571428571429,1.28571428571429
84,2,30,12,2,10,0.4,1.12
720,15,75,15,5,10,0.6,1.2
40,6,18,15,5,10,1,1
85,5,87,15,5,10,0.172413793103448,1.41379310344828
143,3,16,9,3,6,0.5625,1.21875
18,20,50,23,20,3,0.46,4.6
331,5,34,15,5,10,0.441176470588235,1.27941176470588
483,18,32,15,5,10,1.6875,0.65625
640,2,9,9,2,7,1,1
211,4,18,14,4,10,0.777777777777778,1.08888888888889
52,7,24,15,5,10,0.875,1.0625
75,20,58,15,5,10,1.03448275862069,0.982758620689655
241,3,13,13,3,10,1,1
290,24,86,15,5,10,0.837209302325581,1.08139534883721
318,5,36,15,5,10,0.416666666666667,1.29166666666667
524,1,4,4,1,3,1,1
61,20,39,15,5,10,1.53846153846154,0.730769230769231
322,14,55,15,5,10,0.763636363636364,1.11818181818182
668,14,63,15,5,10,0.666666666666667,1.16666666666667
50,14,53,15,5,10,0.792452830188679,1.10377358490566
150,15,15,5,5,0,1,0
277,4,14,14,4,10,1,1
235,14,18,9,5,4,1.4,0.5
11,15,49,22,15,7,0.448979591836735,2.18075801749271
354,10,13,8,5,3,1.23076923076923,0.615384615384615
417,7,14,12,5,7,1.2,0.857142857142857
203,35,325,15,5,10,0.323076923076923,1.33846153846154
508,9,21,15,5,10,1.28571428571429,0.857142857142857
250,8,37,15,5,10,0.648648648648649,1.17567567567568
186,13,13,5,5,0,1,0
669,5,57,15,5,10,0.263157894736842,1.36842105263158
605,3,10,10,3,7,1,1
38,10,47,15,5,10,0.638297872340426,1.18085106382979
395,17,109,15,5,10,0.467889908256881,1.26605504587156
221,5,27,15,5,10,0.555555555555556,1.22222222222222
141,7,12,10,5,5,1.16666666666667,0.833333333333333
436,17,36,15,5,10,1.41666666666667,0.791666666666667
181,0,4,4,0,4,0,1
675,1,2,2,1,1,1,1
492,16,60,15,5,10,0.8,1.1
27,5,28,15,5,10,0.535714285714286,1.23214285714286
625,6,41,15,5,10,0.439024390243902,1.28048780487805
5,5,8,8,5,3,1,1
6,4,27,10,4,6,0.37037037037037,1.41975308641975
660,10,23,15,5,10,1.30434782608696,0.847826086956522
157,3,14,12,3,9,0.857142857142857,1.04761904761905
201,27,315,15,5,10,0.257142857142857,1.37142857142857
444,8,24,15,5,10,1,1
226,21,113,15,5,10,0.557522123893805,1.2212389380531
62,3,38,13,3,10,0.342105263157895,1.19736842105263
59,5,168,15,5,10,0.0892857142857143,1.45535714285714
198,1,10,10,1,9,1,1
568,2,11,11,2,9,1,1
498,4,12,12,4,8,1,1
54,25,95,15,5,10,0.789473684210526,1.10526315789474
261,7,39,15,5,10,0.538461538461539,1.23076923076923
457,13,37,15,5,10,1.05405405405405,0.972972972972973
626,7,33,15,5,10,0.636363636363636,1.18181818181818
678,15,126,15,5,10,0.357142857142857,1.32142857142857
176,2,42,12,2,10,0.285714285714286,1.14285714285714
744,7,19,15,5,10,1.10526315789474,0.947368421052632
179,19,42,15,5,10,1.35714285714286,0.821428571428571
523,12,17,10,5,5,1.41176470588235,0.588235294117647
12,10,15,11,10,1,0.733333333333333,3.66666666666667
525,2,33,12,2,10,0.363636363636364,1.12727272727273
697,5,10,10,5,5,1,1
338,5,30,15,5,10,0.5,1.25
542,35,300,15,5,10,0.35,1.325
48,3,40,13,3,10,0.325,1.2025
429,2,6,6,2,4,1,1
56,5,54,15,5,10,0.277777777777778,1.36111111111111
472,5,38,15,5,10,0.394736842105263,1.30263157894737
456,3,22,13,3,10,0.590909090909091,1.12272727272727
316,3,4,4,3,1,1,1
92,11,30,15,5,10,1.1,0.95
19,15,48,23,15,8,0.479166666666667,1.9765625
174,14,17,8,5,3,1.31764705882353,0.470588235294118
606,11,38,15,5,10,0.868421052631579,1.06578947368421
128,6,10,9,5,4,1.08,0.9
234,11,19,13,5,8,1.50526315789474,0.684210526315789
131,9,16,12,5,7,1.35,0.75
383,1,6,6,1,5,1,1
15,7,26,14,7,7,0.538461538461538,1.46153846153846
264,12,51,15,5,10,0.705882352941176,1.14705882352941
279,5,13,13,5,8,1,1
43,10,10,10,10,0,1,0
348,4,44,14,4,10,0.318181818181818,1.27272727272727
476,11,48,15,5,10,0.6875,1.15625
510,12,16,9,5,4,1.35,0.5625
93,16,19,8,5,3,1.34736842105263,0.421052631578947
216,4,70,14,4,10,0.2,1.32
504,15,88,15,5,10,0.511363636363636,1.24431818181818
645,22,39,15,5,10,1.69230769230769,0.653846153846154
45,26,53,15,5,10,1.47169811320755,0.764150943396226
300,20,130,15,5,10,0.461538461538462,1.26923076923077
624,28,183,15,5,10,0.459016393442623,1.27049180327869
21,5,20,10,5,5,0.5,1.5
60,9,65,15,5,10,0.415384615384615,1.29230769230769
506,14,130,15,5,10,0.323076923076923,1.33846153846154
650,40,59,15,5,10,2.03389830508475,0.483050847457627
65,15,61,15,5,10,0.737704918032787,1.13114754098361
344,5,23,15,5,10,0.652173913043478,1.17391304347826
403,15,27,15,5,10,1.66666666666667,0.666666666666667
522,7,18,15,5,10,1.16666666666667,0.916666666666667
357,45,415,15,5,10,0.325301204819277,1.33734939759036
407,21,142,15,5,10,0.443661971830986,1.27816901408451
622,70,234,15,5,10,0.897435897435897,1.05128205128205
587,40,134,15,5,10,0.895522388059701,1.05223880597015
151,3,67,13,3,10,0.194029850746269,1.24179104477612
152,4,13,11,4,7,0.846153846153846,1.08791208791209
329,6,51,15,5,10,0.352941176470588,1.32352941176471
77,1,24,11,1,10,0.458333333333333,1.05416666666667
441,15,23,13,5,8,1.69565217391304,0.565217391304348
127,12,45,15,5,10,0.8,1.1
609,14,25,15,5,10,1.68,0.66
67,15,49,15,5,10,0.918367346938776,1.04081632653061
647,18,41,15,5,10,1.31707317073171,0.841463414634146
359,20,43,15,5,10,1.3953488372093,0.802325581395349
99,0,30,10,0,10,0,1
286,2,8,8,2,6,1,1
210,4,8,8,4,4,1,1
386,3,20,13,3,10,0.65,1.105
199,8,15,12,5,7,1.28,0.8
209,16,23,12,5,7,1.6695652173913,0.521739130434782
731,8,21,15,5,10,1.14285714285714,0.928571428571429
388,13,47,15,5,10,0.829787234042553,1.08510638297872
470,16,49,15,5,10,0.979591836734694,1.01020408163265
159,0,82,10,0,10,0,1
485,10,250,15,5,10,0.12,1.44
439,27,45,15,5,10,1.8,0.6
89,5,32,15,5,10,0.46875,1.265625
725,40,250,15,5,10,0.48,1.26
271,14,30,15,5,10,1.4,0.8
422,2,7,7,2,5,1,1
299,20,53,15,5,10,1.13207547169811,0.933962264150943
7,4,7,7,4,3,1,1
297,0,3,3,0,3,0,1
469,30,45,15,5,10,2,0.5
681,20,74,15,5,10,0.810810810810811,1.09459459459459
552,0,7,7,0,7,0,1
584,5,14,14,5,9,1,1
473,15,25,15,5,10,1.8,0.6
229,3,10,10,3,7,1,1
450,6,23,15,5,10,0.782608695652174,1.10869565217391
32,4,14,14,4,10,1,1
257,10,21,15,5,10,1.42857142857143,0.785714285714286
723,6,50,15,5,10,0.36,1.32
256,20,63,15,5,10,0.952380952380952,1.02380952380952
682,1,6,6,1,5,1,1
727,12,25,15,5,10,1.44,0.78
306,3,13,11,3,8,0.846153846153846,1.05769230769231
615,9,11,7,5,2,1.14545454545455,0.636363636363636
312,75,288,15,5,10,0.78125,1.109375
116,2,14,8,2,6,0.571428571428571,1.14285714285714
115,6,18,8,5,3,0.533333333333333,1.77777777777778
197,16,39,15,5,10,1.23076923076923,0.884615384615385
58,10,38,15,5,10,0.789473684210526,1.10526315789474
166,21,82,15,5,10,0.768292682926829,1.11585365853659
634,30,263,15,5,10,0.342205323193916,1.32889733840304
66,3,7,7,3,4,1,1
323,6,26,15,5,10,0.692307692307692,1.15384615384615
369,6,26,15,5,10,0.692307692307692,1.15384615384615
328,7,63,15,5,10,0.333333333333333,1.33333333333333
39,28,410,30,28,2,0.0731707317073171,13.9756097560976
70,8,36,15,5,10,0.666666666666667,1.16666666666667
616,6,47,15,5,10,0.382978723404255,1.30851063829787
610,5,23,15,5,10,0.652173913043478,1.17391304347826
167,1,18,9,1,8,0.5,1.0625
307,3,3,3,3,0,1,0
370,15,77,15,5,10,0.584415584415584,1.20779220779221
578,19,98,15,5,10,0.581632653061224,1.20918367346939
136,9,36,15,5,10,0.75,1.125
325,45,106,15,5,10,1.27358490566038,0.863207547169811
408,70,137,15,5,10,1.53284671532847,0.733576642335766
46,6,34,15,5,10,0.529411764705882,1.23529411764706
410,6,35,15,5,10,0.514285714285714,1.24285714285714
138,5,22,15,5,10,0.681818181818182,1.15909090909091
614,7,7,5,5,0,1,0
463,20,74,15,5,10,0.810810810810811,1.09459459459459
721,2,6,6,2,4,1,1
10,12,20,14,12,2,0.7,2.8
109,16,36,15,5,10,1.33333333333333,0.833333333333333
371,8,27,15,5,10,0.888888888888889,1.05555555555556
170,24,68,15,5,10,1.05882352941176,0.970588235294118
692,0,2,2,0,2,0,1
82,1,33,11,1,10,0.333333333333333,1.06666666666667
430,6,10,9,5,4,1.08,0.9
79,7,7,7,7,0,1,0
442,11,26,15,5,10,1.26923076923077,0.865384615384615
684,3,3,3,3,0,1,0
409,20,95,15,5,10,0.631578947368421,1.18421052631579
461,28,28,5,5,0,1,0
124,10,212,15,5,10,0.141509433962264,1.42924528301887
20,20,128,30,20,10,0.234375,2.53125
74,20,80,15,5,10,0.75,1.125
333,13,22,14,5,9,1.65454545454545,0.636363636363636
592,7,64,15,5,10,0.328125,1.3359375
517,17,38,15,5,10,1.34210526315789,0.828947368421053
420,5,38,15,5,10,0.394736842105263,1.30263157894737
360,6,38,15,5,10,0.473684210526316,1.26315789473684
223,4,11,11,4,7,1,1
202,27,43,15,5,10,1.88372093023256,0.558139534883721
557,6,21,15,5,10,0.857142857142857,1.07142857142857
709,30,250,15,5,10,0.36,1.32
467,5,25,15,5,10,0.6,1.2
423,20,20,5,5,0,1,0
468,13,18,10,5,5,1.44444444444444,0.555555555555556
736,42,54,15,5,10,2.33333333333333,0.333333333333333
586,12,16,9,5,4,1.35,0.5625
232,3,59,13,3,10,0.220338983050847,1.23389830508475
195,26,157,15,5,10,0.496815286624204,1.2515923566879
501,2,35,12,2,10,0.342857142857143,1.13142857142857
433,23,66,15,5,10,1.04545454545455,0.977272727272727
413,4,20,14,4,10,0.7,1.12
519,12,70,15,5,10,0.514285714285714,1.24285714285714
490,16,48,15,5,10,1,1
44,11,85,15,5,10,0.388235294117647,1.30588235294118
182,6,72,15,5,10,0.25,1.375
596,15,110,15,5,10,0.409090909090909,1.29545454545455
382,6,14,13,5,8,1.11428571428571,0.928571428571429
569,6,27,15,5,10,0.666666666666667,1.16666666666667
16,20,307,30,20,10,0.0977198697068404,2.80456026058632
350,50,258,15,5,10,0.581395348837209,1.2093023255814
183,13,27,15,5,10,1.44444444444444,0.777777777777778
285,15,37,15,5,10,1.21621621621622,0.891891891891892
187,10,87,15,5,10,0.344827586206897,1.32758620689655
80,11,19,13,5,8,1.50526315789474,0.684210526315789
189,15,51,15,5,10,0.882352941176471,1.05882352941176
30,8,104,13,8,5,0.125,2.4
24,12,16,9,5,4,1.35,0.5625
425,200,320,15,5,10,1.875,0.5625
494,5,18,15,5,10,0.833333333333333,1.08333333333333
582,20,122,15,5,10,0.491803278688525,1.25409836065574
55,11,54,15,11,4,0.277777777777778,2.98611111111111
47,10,25,15,5,10,1.2,0.9
169,4,35,14,4,10,0.4,1.24
301,3,13,13,3,10,1,1
544,2,9,9,2,7,1,1
515,7,19,15,5,10,1.10526315789474,0.947368421052632
64,7,9,9,7,2,1,1
102,18,28,15,5,10,1.92857142857143,0.535714285714286
337,9,68,15,5,10,0.397058823529412,1.30147058823529
358,20,123,15,5,10,0.48780487804878,1.25609756097561
51,4,53,14,4,10,0.264150943396226,1.29433962264151
35,8,97,14,8,6,0.144329896907216,2.14089347079038
42,4,51,11,4,7,0.215686274509804,1.44817927170868
49,4,26,14,4,10,0.538461538461539,1.18461538461538
140,2,10,10,2,8,1,1
145,19,30,15,5,10,1.9,0.55
164,20,38,7,5,2,0.736842105263158,1.65789473684211
265,3,3,3,3,0,1,0
309,0,2,2,0,2,0,1
310,5,10,10,5,5,1,1
313,44,78,15,5,10,1.69230769230769,0.653846153846154
346,22,42,15,5,10,1.57142857142857,0.714285714285714
391,3,15,13,3,10,0.866666666666667,1.04
416,6,17,15,5,10,1.05882352941176,0.970588235294118
428,14,16,7,5,2,1.225,0.4375
431,15,21,11,5,6,1.57142857142857,0.523809523809524
432,23,178,15,5,10,0.387640449438202,1.3061797752809
480,14,20,11,5,6,1.54,0.55
493,0,9,9,0,9,0,1
518,32,166,15,5,10,0.578313253012048,1.21084337349398
529,11,27,15,5,10,1.22222222222222,0.888888888888889
546,15,42,15,5,10,1.07142857142857,0.964285714285714
566,1,23,11,1,10,0.478260869565217,1.05217391304348
579,8,45,15,5,10,0.533333333333333,1.23333333333333
580,6,93,15,5,10,0.193548387096774,1.40322580645161
600,12,16,9,5,4,1.35,0.5625
673,21,55,15,5,10,1.14545454545455,0.927272727272727
707,12,59,15,5,10,0.610169491525424,1.19491525423729
735,50,159,15,5,10,0.943396226415094,1.02830188679245
