file,bytes,sha256
AEJMicro-2011-0182-Data/R/bridewanted_for_r.txt,454383,b2bea4ef654f371dc49648d7f20359c62759d598ee5ca5c7f470e85060d01696
AEJMicro-2011-0182-Data/R/bridwanted.R,1222,bd0cb318ae230c2a6c291438f35d8affd5da16f349370d5a766b0924e0dd2210
AEJMicro-2011-0182-Data/R/char_femaleadplacer_r.txt,15065,f1f6b7c32744d885ab18f8a61bdc9e2f23c22b43ce0610140d8eb8636055b290
AEJMicro-2011-0182-Data/R/char_maleadplacer_r_noh.txt,8003,95b7eaef6c7de147ee7b4e4398167d4452499b61702b2034a44c8c3dfbac55bf
AEJMicro-2011-0182-Data/R/groomwanted.R,1219,ec6da911fbd07a4f188d42eb138ee1334b93c59e506e5560bd3446e233d9e481
AEJMicro-2011-0182-Data/R/groomwanted_for_r.txt,591866,beb9672fd25a3db80486f17a5399e82c320b82e3b8775e0a365e5954cd228b3f
AEJMicro-2011-0182-Data/READ-ME.pdf,65831,6933a86cfefa228606d7fb8bbc89143236983b4678f2d760cdf1590a059378e6
AEJMicro-2011-0182-Data/code.pdf,2107898,6d94f6f3af549f0c778ea674a58a1efb0462832534260015f3390890b9991db4
AEJMicro-2011-0182-Data/data/ads_AEJ.dta,831366,1497f538007524942cb18f94c8bd1d3c85af2773914218072d1b893a33efafa0
AEJMicro-2011-0182-Data/data/ads_ads_AEJ.dta,33279702,4c41dcad94aa6341dae0a4dde37eb4a424a43f31395931623732cf1c981a9863
AEJMicro-2011-0182-Data/data/allads_AEJ.dta,8998979,ce1f95cf3acadc5cc0ae0071372fc13500bea7127f50b35851897e3a88138667
AEJMicro-2011-0182-Data/data/interview_AEJ.dta,330711,b26086ce2d85602cc018cb29177556c65749dc29267ae4f854e19ca0c39fb552
AEJMicro-2011-0182-Data/data/letters_AEJ.dta,17255141,085b02e1f21d01286ab7d3aabcbe865cef9dab3a363bde120a087266f1f9fa68
AEJMicro-2011-0182-Data/data/match_AEJ.dta,311736,35922fcf2e7ede5c9e0f3c2c1665bb0a559b0bb23678f558c20076d6d423bb19
AEJMicro-2011-0182-Data/do/Data_analysis.do,92378,8141dcf9bdc142fdb735436abe35dec695b1399aa7ab283a8a61746012465d04
AEJMicro-2011-0182-Data/do/bootstrap_witherrors.do,4679,799d4991fea75dcd6369c6c9d0a6319e5b5b8b422149596d8f4087232eb4e4bb
AEJMicro-2011-0182-Data/do/correlations_results.do,79162,e1f114537335eb9c63d0490479782e1f19c981f0fd5d67a94bbe584ec5f31e45
AEJMicro-2011-0182-Data/do/correlations_results_balanced.do,21579,9e3b82aa13884359f5832095047a309e13b8d4b5b5f0b1adf50b7ed059bf373c
AEJMicro-2011-0182-Data/do/correlations_results_caste.do,28855,68e3860c321d0979b8fb46bfbb4d15cdd089642915a4b20135ad1b2446da07b9
AEJMicro-2011-0182-Data/do/correlations_results_cons.do,24887,f7ae2e2aca155d82ef02ca78209928e38c851d42614cea820d8c301da314a773
AEJMicro-2011-0182-Data/do/correlations_results_hetero.do,20980,f5f3792b6e7dd1fce36a91cc8bfe65641e086510ddf4d39122133a8a7ca7e35f
AEJMicro-2011-0182-Data/do/correlations_results_nocaste.do,20729,2f7e2c22376048312867655a466eae4ec444fd98239d1be6624d27cba9509816
AEJMicro-2011-0182-Data/do/correlations_results_reverse.do,24221,22e2b314bc298f43481c771f1d59ff4252e010b968fdc1641579109da665bfc8
AEJMicro-2011-0182-Data/do/correlations_results_withnoise.do,21016,307a1a4b34e88a99fa2f0f937eef6d2b659de49690160d6c22af4f0457d08135
AEJMicro-2011-0182-Data/do/correlations_stable.do,8840,00609cd2a867e5c106e103b05a434062278b8a3efa2623626bf3d285af3d2203
AEJMicro-2011-0182-Data/matlab/algorithm_balanced_new.m,16842,a485d3cd24827ab81ac1da0ef4516397ab65933b23e78fe68ede54d6f6c1c012
AEJMicro-2011-0182-Data/matlab/algorithm_hetero.m,16325,90af9580c059d9bf3cf1517ea6099a5f1eb6a523751e8a270ea24db0d70f595a
AEJMicro-2011-0182-Data/matlab/algorithm_new.m,17706,a9176ef679ef9892d287fc0f72369f4d1b421262901e5dc6da8824e58813e4f9
AEJMicro-2011-0182-Data/matlab/algorithm_nocaste_new.m,9533,cbd9445edc4e83ef852e284d47f82bafd131d41953352564c02f726b3ed86049
AEJMicro-2011-0182-Data/matlab/algorithm_rev_new.m,16179,e24b21489c92681a6d0922652f6643a2775ccb640299c8cdd8c67a6d160590a3
AEJMicro-2011-0182-Data/matlab/algorithm_withincaste_new.m,17627,1eb40ecef5ced0f3b42867bff3b70408ac5fa3a2d3a99db247797abfe26e6e93
AEJMicro-2011-0182-Data/matlab/algorithm_withnoise.m,16438,adff4286aef92aadcb5134afff332c111b23e7a7c3a48171b3e432e93efa8c6d
AEJMicro-2011-0182-Data/matlab/all_females_matlab.csv,1162704,c751405eb8c7caa4eb4566eacb10209894657832c41d1bc0b0ed9abe7ad9f05c
AEJMicro-2011-0182-Data/matlab/all_females_matlab_caste0.csv,21041,80e99b5124d4474016f2fda0f171740006889a49459ad5b74b455ed1193ea2de
AEJMicro-2011-0182-Data/matlab/all_females_matlab_caste1.csv,292761,6e2a14093934d97f5c9e54d2b326ccc2892b663a093c1c1ab618aa1cf9068c7d
AEJMicro-2011-0182-Data/matlab/all_females_matlab_caste2.csv,47331,10af2d8f10b0ccd1247dea515cbc30d4acd8f23b81a64a3d35e4110fdf740cd2
AEJMicro-2011-0182-Data/matlab/all_females_matlab_caste3.csv,20697,96f4292fc18c3669a8a9fc036afaac12b16e31e3768dc9ccb662a2218d6b3a19
AEJMicro-2011-0182-Data/matlab/all_females_matlab_caste4.csv,338392,c894ca8f2501fbd66d9986fa94bcc02b47893a9e6618e58f3a618f922ddb1e40
AEJMicro-2011-0182-Data/matlab/all_females_matlab_caste5.csv,207154,f4fd12675869ab2b815a9d2f9c515aff2d8446d28d469539cefa818fdef5e459
AEJMicro-2011-0182-Data/matlab/all_females_matlab_caste6.csv,149426,4efdfae1351bb8b856e97081c2a8e141d11104d8f6f3083aa618aefcb711eb36
AEJMicro-2011-0182-Data/matlab/all_females_matlab_caste7.csv,21778,799b07fff508261f29d3f90f52fc36fed2475de968871b0047a91e9826c9e82a
AEJMicro-2011-0182-Data/matlab/all_females_matlab_caste8.csv,64124,e412a0fdd0779c2e9a476446a7c7e3cd71407d9363bbb406e763f841c133e580
AEJMicro-2011-0182-Data/matlab/all_males_matlab.csv,701707,8efb03edcffc11ddd3ce6d54c0fa43cae1e35f3fd4aac16dd55a3bf31b13e1b7
AEJMicro-2011-0182-Data/matlab/all_males_matlab_caste0.csv,19299,a884bb484bc04bf5db83aeb7dc13f5ebe0c05fd8e8ce6807f25a9ad03ae5cb0c
AEJMicro-2011-0182-Data/matlab/all_males_matlab_caste1.csv,180934,03c4a1118b42b67d460570395f5ca7c3745fdaa8e9b7f1aed936008941fa0dcb
AEJMicro-2011-0182-Data/matlab/all_males_matlab_caste2.csv,23336,bd25ce5f4890c8fb5b2c06d3ee254a9f6a510a6852debbace62f4c7e0a502811
AEJMicro-2011-0182-Data/matlab/all_males_matlab_caste3.csv,11049,2f578883e0887df9caa0b00af31b78a8c5a5503f7dc049bfcaa89e54ccf16172
AEJMicro-2011-0182-Data/matlab/all_males_matlab_caste4.csv,199530,a5c45c4e7b8e8b0b79d2453fffd324ca88b93eca012b5ca36a7b5d14749570fe
AEJMicro-2011-0182-Data/matlab/all_males_matlab_caste5.csv,136178,9a8ec17bf7fa21b100afe1683de1b0f730e2bb6656f13acd0f089bbb0ec26231
AEJMicro-2011-0182-Data/matlab/all_males_matlab_caste6.csv,88093,2fd0e288ed7fc513ef47c93d8f813a2315953f5d0ae74b739a8322675e9e0704
AEJMicro-2011-0182-Data/matlab/all_males_matlab_caste7.csv,10870,a94ecd63ab79461d11b309df1687f45cada8458c60760f50770b7069a43e94af
AEJMicro-2011-0182-Data/matlab/all_males_matlab_caste8.csv,32418,645a95184e5e8cb2e4498305a5139d9aad05d09a68885ca4114c8eb7521e2298
AEJMicro-2011-0182-Data/matlab/beta_brides_sigma.csv,544125,71dff6985c3288bb6215bf7683848b2f952f2b3a597dabde75bc22ea32f983c8
AEJMicro-2011-0182-Data/matlab/beta_grooms_sigma.csv,554943,02ec6853fef7a84e525fb78216a64e06177714815eb5ec1d17444f2e6ab72e3d
AEJMicro-2011-0182-Data/matlab/delta_bridewanted_withZ.csv,4369958,30178976972cb6cabed3ea675a0e5e0958d1472935e6a30c22a4fef511b5e958
AEJMicro-2011-0182-Data/matlab/delta_groomwanted_withZ.csv,3873494,1c6cd42a6f00e2b5f296c212fc72d4c89673bfa2be8f4daec01581a0bc8916ef
AEJMicro-2011-0182-Data/matlab/sigma_bridewanted_withZ.csv,23982437,7baeff237438f65aa27b62bdf3535544d02ef7d765effc2fe3d947093a605a72
AEJMicro-2011-0182-Data/matlab/sigma_groomwanted_withZ.csv,18807921,09127ea916c02dbd648a97e0e17b66ba00c54ae8efc2ed4493e6deaf6a88a734
LICENSE.txt,14974,37a49d71e6e1b1158742b1570a97a4c72702d2ab372906053e6b073e25369cb4
