1,0,28,0,7,0,0,0,1,0,1.675,0,1,0,0,1,5,0,0,0,0,1,0,0,9.903487,0,5.794884,0,0,0,70,112,11,190,0
0,0,34,0,7,0,0,0,1,0,1.6,0,1,0,0,1,4,0,0,0,0,0,0,1,0,1,0,1,0,0,70,112,11,191,0
0,0,28,0,7,0,0,0,1,0,1.65,0,1,0,0,1,2,0,0,0,0,0,0,1,0,1,4.159452,0,0,0,70,112,11,192,0
0,4,28,0,7,0,0,0,0,0,1.6,0,1,0,0,1,4,0,0,1,0,0,0,0,8.987197,0,0,1,0,0,70,112,11,193,0
0,0,32,0,7,0,1,0,1,0,1.625,0,1,0,0,1,4,0,0,0,1,0,0,0,0,1,4.159452,0,0,1,70,112,11,194,0
1,2,28,0,7,0,0,1,0,0,1.65,0,1,0,0,1,3,0,0,0,0,0,1,0,0,1,5.459123,0,0,0,77,112,11,25,0
0,3,43,0,7,0,1,0,0,0,1.7,0,1,0,0,1,5,0,0,1,0,0,0,0,9.615806,0,5.825603,0,0,1,50,202,11,81,0
0,0,26,0,7,0,1,0,1,0,1.775,0,1,0,0,1,2,0,0,0,0,0,0,1,0,1,4.710353,0,0,0,70,202,14,131,0
0,0,32,0,7,0,0,0,1,0,1.675,0,1,0,0,1,5,0,0,1,0,0,0,0,9.21034,0,5.794884,0,0,1,70,202,14,132,0
1,0,34,0,7,0,0,0,1,0,1.6,0,1,0,0,1,0,0,1,0,0,0,0,1,0,1,4.159452,0,0,0,74,203,11,35,0
0,0,30,0,7,0,1,0,1,0,1.625,0,1,0,0,1,0,0,1,0,0,0,0,1,0,1,5.825603,0,0,1,74,203,11,50,0
0,0,28,0,7,0,1,0,1,0,0,1,1,0,0,1,0,0,1,0,0,0,0,1,0,1,4.159452,0,0,0,70,203,11,66,1
0,0,30,0,7,0,0,0,1,0,1.675,0,1,0,0,1,1,0,0,0,0,0,0,1,0,1,4.159452,0,0,1,50,203,11,68,1
1,0,30,0,7,0,0,0,1,0,1.65,0,1,0,0,1,5,0,0,0,0,1,0,0,0,1,5.50987,0,0,1,70,203,14,119,0
1,4,32,0,7,0,0,0,0,0,1.575,0,1,0,0,1,4,0,0,0,0,0,0,1,9.615806,0,4.159452,0,0,1,70,203,14,120,0
0,0,30,0,7,0,1,0,1,0,1.65,0,1,0,0,1,4,0,0,0,0,1,0,0,8.779557,0,5.794884,0,0,1,70,203,14,121,0
1,0,43,0,7,0,0,0,1,0,1.6,0,1,0,0,1,4,0,0,1,0,0,0,0,9.305651,0,6.093101,0,0,1,70,203,14,122,0
1,2,31,0,7,0,0,1,0,0,1.75,0,1,0,0,1,6,0,0,0,0,1,0,0,0,1,6.093101,0,1,0,70,311,10,55,0
1,0,30,0,7,0,0,0,1,0,1.775,0,1,0,0,1,0,0,1,0,0,0,0,1,0,1,0,1,0,1,70,311,10,56,0
1,0,30,0,7,0,0,0,1,0,1.725,0,1,0,0,1,5,0,0,0,0,1,0,0,0,1,5.69661,0,0,1,70,311,10,57,0
0,0,42,0,7,0,1,0,1,0,1.6,0,1,0,0,1,0,0,1,0,0,1,0,0,0,1,5.794884,0,0,0,74,311,16,12,0
1,0,31,0,7,0,0,0,1,0,1.575,0,1,0,0,1,4,0,0,0,1,0,0,0,0,1,5.447579,0,0,1,74,311,16,22,0
0,0,32,0,7,0,0,0,1,0,1.625,0,1,0,0,1,2,0,0,0,0,0,0,1,0,1,6.093101,0,0,1,74,501,13,52,0
0,0,34,0,7,0,0,0,1,0,1.575,0,1,0,0,1,2,0,0,0,0,0,0,1,8.853665,0,5.459123,0,0,0,74,501,13,56,0
0,0,30,0,7,0,1,0,1,0,1.625,0,1,0,0,1,4,0,0,1,0,0,0,0,0,1,4.159452,0,0,1,89,501,13,62,0
1,0,31,0,7,0,0,0,1,0,1.65,0,1,0,0,1,4,0,0,0,0,1,0,0,0,1,5.40345,0,0,0,70,501,14,13,0
0,0,30,0,7,0,1,0,1,0,1.625,0,1,0,0,1,5,0,0,0,0,1,0,0,8.779557,0,0,1,0,1,70,501,14,14,0
0,0,0,0,7,0,1,0,1,1,0,1,1,0,0,1,4,0,0,0,0,0,0,1,0,1,5.825603,0,0,1,71,501,14,15,0
0,0,33,0,7,0,0,0,1,0,1.7,0,1,0,0,1,2,0,0,0,0,0,0,1,8.779557,0,5.825603,0,0,1,70,501,14,16,0
0,0,30,0,7,0,1,0,1,0,1.675,0,1,0,0,1,0,0,1,0,0,0,0,1,9.615806,0,5.486716,0,0,1,70,610,11,218,0
0,0,32,0,7,0,1,0,1,0,1.675,0,1,0,0,1,4,0,0,1,0,0,0,0,0,1,4.710353,0,0,0,70,610,11,219,0
1,0,28,0,7,0,0,0,1,0,1.725,0,1,0,0,1,5,0,0,0,0,1,0,0,0,1,0,1,0,0,70,812,6,1,0
1,0,34,0,7,0,0,0,1,0,1.675,0,1,0,0,1,4,0,0,0,0,0,0,1,0,1,0,1,0,1,70,812,6,2,0
0,0,28,0,7,0,1,0,1,0,1.725,0,1,0,0,1,4,0,0,0,0,1,0,0,0,1,5.50987,0,0,1,70,812,6,3,0
0,0,31,0,7,0,1,0,1,0,1.75,0,1,0,0,1,4,0,0,0,1,0,0,0,0,1,6.093101,0,0,1,70,812,6,4,0
0,4,34,0,7,0,1,0,0,0,1.7,0,1,0,0,1,6,0,0,0,0,1,0,0,0,1,6.094067,0,0,1,50,812,11,212,0
0,0,31,0,7,0,0,0,1,0,1.725,0,1,0,0,1,0,0,1,0,0,0,0,1,0,1,5.825603,0,0,1,50,812,11,213,0
1,0,31,0,7,0,0,0,1,0,1.65,0,1,0,0,1,0,0,1,0,0,0,0,1,0,1,4.159452,0,0,1,74,902,11,69,0
1,0,36,0,7,0,0,0,1,0,1.65,0,1,0,0,1,2,0,0,0,0,0,0,1,8.987197,0,4.159452,0,0,0,70,902,14,109,0
1,2,28,0,7,0,0,1,0,0,1.625,0,1,0,0,1,5,0,0,0,0,1,0,0,0,1,5.825603,0,0,1,70,902,14,110,0
0,2,36,0,7,0,0,1,0,0,1.6,0,1,0,0,1,4,0,0,0,0,0,0,1,9.392662,0,5.825603,0,0,1,70,902,14,111,0
0,0,32,0,7,0,1,0,1,0,1.6,0,1,0,0,1,4,0,0,0,0,0,0,1,0,1,4.154839,0,0,1,70,902,14,112,0
1,0,27,0,7,0,0,0,1,0,1.675,0,1,0,0,1,5,0,0,0,0,1,0,0,9.903487,0,5.794884,0,0,0,50,903,11,130,0
1,0,31,0,7,0,0,0,1,0,1.6,0,1,0,0,1,5,0,0,0,0,1,0,0,0,1,5.189394,0,0,0,70,903,14,114,0
0,0,40,0,7,0,1,0,1,0,1.55,0,1,0,0,1,2,0,0,0,0,0,0,1,8.612503,0,0,1,0,1,70,903,14,115,0
0,0,29,0,7,0,1,0,1,0,1.675,0,1,0,0,1,4,0,0,0,1,0,0,0,0,1,4.159452,0,0,0,70,903,14,116,0
0,0,36,0,7,0,0,0,1,0,1.65,0,1,0,0,1,2,0,0,0,0,0,0,1,9.10498,0,0,1,0,0,70,903,14,117,0
1,0,34,0,7,0,0,0,1,0,1.575,0,1,0,0,1,0,0,1,0,0,0,0,1,0,1,4.159452,0,0,0,74,1011,14,225,0
0,0,31,0,7,0,1,0,1,0,1.65,0,1,0,0,1,6,0,0,0,0,0,0,1,0,1,0,1,0,1,50,1011,14,236,0
0,0,30,0,7,0,0,0,1,0,0,1,1,0,0,1,4,0,0,1,0,0,0,0,0,1,4.710353,0,0,1,70,1011,14,237,0
0,5,32,0,7,0,0,0,0,0,1.6,0,1,0,0,1,3,0,0,0,0,0,0,1,9.392662,0,4.23823,0,0,1,70,1011,14,81,0
0,0,32,0,7,0,1,0,1,0,1.725,0,1,0,0,1,4,0,0,1,0,0,0,0,0,1,4.159452,0,0,0,70,1011,14,82,0
0,2,30,0,7,0,0,1,0,0,1.675,0,1,0,0,1,2,0,0,0,0,0,0,1,0,1,4.710353,0,0,0,70,1011,14,83,0
0,5,31,0,7,0,0,0,0,0,1.575,0,1,0,0,1,5,0,0,0,0,1,0,0,0,1,5.50987,0,0,0,50,1011,14,84,0
0,0,34,0,7,0,0,0,1,0,1.65,0,1,0,0,1,4,0,0,0,0,1,0,0,0,1,4.159452,0,0,1,50,1201,10,2,0
0,0,32,0,7,0,1,0,1,0,1.65,0,1,0,0,1,3,0,0,0,0,0,0,1,0,1,5.825603,0,0,1,50,1201,13,79,0
1,0,36,0,7,0,0,0,1,0,1.7,0,1,0,0,1,4,0,0,0,0,1,0,0,0,1,5.049275,0,0,0,70,1201,14,42,0
0,0,31,0,7,0,0,0,1,0,1.65,0,1,0,0,1,2,0,0,0,0,0,0,1,9.392662,0,4.159452,0,0,1,70,1201,14,43,0
0,0,29,0,7,0,0,0,1,0,1.6,0,1,0,0,1,5,0,0,0,1,1,0,0,0,1,5.794884,0,0,0,70,1201,14,44,0
1,0,31,0,7,0,0,0,1,0,1.7,0,1,0,0,1,4,0,0,0,0,1,0,0,0,1,0,1,0,1,70,1201,14,45,0
0,0,33,0,7,0,1,0,1,0,1.575,0,1,0,0,1,4,0,0,0,1,0,0,0,0,1,5.404466,0,0,1,74,1310,2,54,0
1,0,30,0,7,0,0,0,1,0,1.5875,0,1,0,0,1,4,0,0,0,1,0,0,0,0,1,0,1,0,0,74,1512,11,27,0
0,0,40,0,7,0,0,0,1,0,0,1,1,0,0,1,0,0,1,0,0,0,0,1,0,1,5.825603,0,0,0,74,1512,11,34,0
0,4,36,0,7,0,0,0,0,0,1.6,0,1,0,0,1,0,0,1,0,0,0,0,1,0,1,5.50987,0,0,0,50,1512,11,36,0
0,0,34,0,7,0,0,0,1,0,1.6,0,1,0,0,1,2,0,0,0,0,0,0,1,0,1,5.825603,0,0,1,70,1512,14,56,0
0,6,30,0,7,0,1,0,0,0,1.575,0,1,0,0,1,0,0,1,0,0,0,0,1,0,1,0,1,0,0,70,1512,14,57,0
1,0,34,0,7,0,0,0,1,0,1.6,0,1,0,0,1,2,0,0,0,0,0,0,1,0,1,5.50987,0,0,1,50,1512,14,63,0
0,0,28,0,7,0,1,0,1,0,0,1,1,0,0,1,2,0,0,1,0,0,0,0,0,1,4.159452,0,0,1,70,1603,13,72,0
0,0,32,0,7,0,1,0,1,0,1.625,0,1,0,0,1,2,0,0,0,0,0,0,1,0,1,4.159452,0,0,1,70,1603,13,73,0
0,0,34,0,7,0,0,0,1,0,1.625,0,1,0,0,1,2,0,0,0,0,0,0,1,9.10498,0,4.159452,0,0,0,70,1603,13,74,0
0,2,32,0,7,0,0,1,0,0,1.625,0,1,0,0,1,4,0,0,0,0,0,0,1,0,1,4.159452,0,0,0,50,1711,8,40,0
1,0,28,0,7,0,0,0,1,0,1.725,0,1,0,0,1,5,0,0,0,0,1,0,0,0,1,6.093101,0,0,1,70,1711,11,50,0
0,0,28,0,7,0,0,0,1,0,1.575,0,1,0,0,1,4,0,0,0,0,0,0,1,9.21034,0,5.308418,0,0,0,70,1711,11,51,0
0,2,37,2,7,0,0,1,0,0,1.75,0,0,0,1,0,2,0,0,0,0,0,0,1,0,1,4.159452,0,0,1,70,1711,11,52,0
1,0,36,2,7,0,0,0,1,0,1.625,0,0,0,1,0,5,0,0,0,0,1,0,0,0,1,5.794884,0,0,1,70,1711,11,53,0
1,0,32,0,7,0,0,0,1,0,1.6,0,1,0,0,1,0,0,1,0,0,0,0,1,0,1,5.50987,0,0,0,74,1901,11,168,0
0,0,40,0,7,0,0,0,1,0,1.6,0,1,0,0,1,4,0,0,0,0,1,0,0,0,1,5.825603,0,1,0,70,1901,14,123,0
0,2,30,0,7,0,0,1,0,0,1.675,0,1,0,0,1,2,0,0,0,0,0,0,1,0,1,0,1,0,0,70,1901,14,124,0
0,3,29,0,7,0,0,0,0,0,1.575,0,1,0,0,1,0,0,1,0,0,1,0,0,0,1,5.794884,0,0,1,70,2010,11,43,0
0,0,32,0,7,0,0,0,1,0,1.625,0,1,0,0,1,4,0,0,0,0,1,0,0,0,1,4.159452,0,1,0,70,2212,14,109,0
0,2,30,0,7,0,1,1,0,0,1.675,0,1,0,0,1,4,0,0,0,0,1,0,0,0,1,5.447579,0,0,1,70,2212,14,110,0
0,0,30,0,7,0,0,0,1,0,1.55,0,1,0,0,1,3,0,0,0,0,1,0,0,0,1,4.159452,0,0,0,70,2212,14,111,0
0,2,31,0,7,0,0,1,0,0,1.6,0,1,0,0,1,4,0,0,0,1,0,0,0,0,1,0,1,0,0,70,2212,14,112,0
0,0,33,0,7,0,1,0,1,0,1.625,0,1,0,0,1,0,0,1,0,0,0,0,1,0,1,4.91469,0,0,0,70,2212,14,113,0
1,0,32,0,7,0,0,0,1,0,1.6,0,1,0,0,1,4,0,0,0,1,0,0,0,10.81978,0,0,1,0,0,74,2212,15,55,0
0,0,39,0,7,0,0,0,1,0,1.6,0,1,0,0,1,4,0,0,0,0,0,0,1,0,1,0,1,0,1,74,2212,15,58,0
0,5,25,0,7,0,0,0,0,0,1.575,0,1,0,0,1,5,0,0,0,0,1,0,0,10.04325,0,5.794884,0,0,1,74,2212,15,59,0
0,0,35,0,7,0,0,0,1,0,1.5,0,1,0,0,1,2,0,0,0,0,0,0,1,9.10498,0,5.825603,0,0,1,74,2302,11,171,0
0,2,29,0,7,0,1,1,0,0,1.725,0,1,0,0,1,0,0,1,0,0,0,0,1,0,1,4.159452,0,0,0,74,2302,11,172,0
0,0,27,0,7,0,1,0,1,0,1.65,0,1,0,0,1,6,0,0,0,0,1,0,0,0,1,0,1,0,0,74,2302,11,174,0
0,0,35,0,7,0,1,0,1,0,1.75,0,1,0,0,1,4,0,0,0,1,0,0,0,0,1,5.825603,0,0,0,74,2302,11,176,0
0,0,32,0,7,0,0,0,1,0,1.7,0,1,0,0,1,4,0,0,1,0,0,0,0,0,1,5.825603,0,0,1,70,2302,14,120,0
0,0,34,0,7,0,0,0,1,0,1.65,0,1,0,0,1,4,0,0,1,0,0,0,0,0,1,4.159452,0,0,0,70,2302,14,121,0
1,0,30,0,7,0,0,0,1,0,1.675,0,1,0,0,1,0,0,1,0,0,1,0,0,10.71442,0,5.825603,0,0,1,70,2302,14,122,0
1,2,32,0,7,0,0,1,0,0,1.6,0,1,0,0,1,0,0,1,0,0,0,0,1,8.517193,0,0,1,0,0,70,2302,14,123,0
0,0,35,0,7,0,0,0,1,0,1.575,0,1,0,0,1,6,0,0,0,0,1,0,0,0,1,0,1,0,1,70,2302,14,124,0
1,0,33,0,7,0,0,0,1,0,1.65,0,1,0,0,1,4,0,0,0,1,0,0,0,0,1,4.159452,0,1,0,70,2303,12,173,0
0,0,32,0,7,0,0,0,1,0,1.725,0,1,0,0,1,5,0,0,0,0,1,0,0,0,1,5.794884,0,0,1,70,2303,12,174,0
0,0,30,0,7,0,1,0,1,0,1.675,0,1,0,0,1,4,0,0,0,0,1,0,0,9.615806,0,5.825603,0,0,1,70,2411,6,7,0
0,2,26,0,7,0,1,1,0,0,0,1,1,0,0,1,4,0,0,0,1,0,0,0,0,1,4.159452,0,0,1,70,2411,6,8,0
0,0,32,0,7,0,0,0,1,0,1.55,0,1,0,0,0,4,0,0,0,0,0,0,1,0,1,0,1,0,1,70,2411,6,9,0
0,0,27,0,7,0,1,0,1,0,1.675,0,1,0,0,1,6,0,0,0,0,1,0,0,0,1,5.825603,0,0,1,70,2411,6,10,0
0,0,32,0,7,0,0,0,1,0,1.65,0,1,0,0,1,4,0,0,0,1,0,0,0,9.21034,0,4.159452,0,0,1,70,2411,6,11,0
0,0,31,0,7,0,1,0,1,0,1.55,0,1,0,0,1,0,0,1,0,0,0,0,1,0,1,5.50987,0,0,1,50,2411,10,79,0
0,0,30,0,7,0,1,0,1,0,1.65,0,1,0,0,1,4,0,0,1,0,1,0,0,9.392662,0,4.159452,0,0,1,74,2601,11,30,0
1,0,33,0,7,0,0,0,1,0,1.7,0,1,0,0,1,4,0,0,0,1,0,0,0,0,1,5.825603,0,0,0,50,2601,11,60,1
0,0,40,0,7,0,1,0,1,0,0,1,1,0,0,1,0,0,1,0,0,0,0,1,8.987197,0,4.289095,0,1,0,70,2601,14,109,0
1,0,26,0,7,0,0,0,1,0,1.625,0,1,0,0,1,4,0,0,0,1,0,0,0,0,1,4.159452,0,0,1,70,2601,14,110,0
0,0,27,0,7,0,1,0,1,0,1.525,0,1,0,0,1,5,0,0,1,0,0,0,0,0,1,5.825603,0,0,1,70,2601,14,111,0
1,0,29,0,7,0,0,0,1,0,1.75,0,1,0,0,1,0,0,1,0,0,0,0,1,0,1,4.710353,0,0,0,70,2710,16,73,0
0,0,28,0,7,0,0,0,1,0,1.65,0,1,0,0,1,6,0,0,0,0,1,0,0,0,1,6.094067,0,0,1,70,2710,16,74,0
0,0,30,0,7,0,0,0,1,0,1.625,0,1,0,0,1,4,0,0,0,0,0,0,1,0,1,0,1,0,0,70,2710,16,75,0
0,0,30,0,7,0,0,0,1,0,1.725,0,1,0,0,1,0,0,1,0,0,0,0,1,0,1,6.093101,0,0,0,70,2912,11,225,0
1,0,30,0,7,0,0,0,1,0,1.675,0,1,0,0,1,4,0,0,1,0,0,0,0,8.517193,0,0,1,0,1,70,2912,11,226,0
0,4,31,0,7,0,1,0,0,0,1.625,0,1,0,0,1,6,0,0,0,0,1,0,0,0,1,5.50987,0,0,1,70,2912,11,227,0
1,0,27,0,7,0,0,0,1,0,1.625,0,1,0,0,1,2,0,0,0,0,0,0,1,0,1,4.159452,0,0,0,70,2912,11,228,0
1,0,32,0,7,0,0,0,1,0,1.6,0,1,0,0,1,2,0,0,0,0,0,0,1,0,1,5.486716,0,1,0,70,2912,11,229,0
0,0,39,0,7,0,1,0,1,0,1.65,0,1,0,0,1,5,0,0,0,0,1,0,0,10.30895,0,5.794884,0,0,1,74,2912,14,104,0
0,0,0,0,7,0,0,0,1,1,1.675,0,1,0,0,1,4,0,0,0,1,0,0,0,0,1,5.825603,0,0,0,70,3003,10,138,0
0,0,28,0,7,0,1,0,1,0,0,1,1,0,0,1,2,0,0,0,0,0,0,1,9.615806,0,4.159452,0,0,1,70,3003,10,139,0
0,0,29,0,7,0,0,0,1,0,1.6,0,1,0,0,1,0,0,1,0,0,1,0,0,0,1,5.794884,0,0,1,70,3003,10,140,0
0,0,39,0,7,0,1,0,1,0,1.6,0,1,0,0,1,4,0,0,0,1,0,0,0,9.392662,0,0,1,0,1,74,3003,13,31,0
0,2,35,0,7,0,0,1,0,0,1.675,0,1,0,0,1,0,0,1,0,0,0,0,1,0,1,4.159452,0,0,1,50,3003,13,60,0
