0,0,26,4,8,0,1,0,1,0,1.575,0,0,0,0,1,5,0,0,1,0,0,0,0,0,1,0,1,0,1,75,112,13,5,0
0,0,24,2,8,0,1,0,1,0,1.575,0,0,0,1,0,5,0,0,1,0,0,0,0,0,1,0,1,0,1,75,112,13,6,0
0,0,23,3,8,0,0,0,1,0,1.6625,0,0,0,1,0,4,0,0,0,0,0,0,1,0,1,0,1,0,0,75,112,13,7,0
1,5,26,0,8,0,0,0,0,0,1.575,0,1,0,1,0,5,0,0,1,0,0,0,0,0,1,0,1,0,1,75,112,13,8,0
0,0,26,2,8,0,0,0,1,0,1.5,0,0,0,1,0,2,0,0,0,0,0,0,1,0,1,0,1,0,0,75,112,13,9,0
0,0,27,2,8,0,1,0,1,0,1.55,0,0,0,1,0,5,0,0,1,0,1,0,0,9.21034,0,0,1,0,0,96,112,13,10,0
0,0,27,2,8,0,0,0,1,0,1.525,0,0,0,0,1,2,0,0,0,0,0,0,1,0,1,0,1,0,0,75,112,13,11,0
0,0,27,2,8,0,0,0,1,0,1.5,0,0,0,0,1,4,0,0,1,0,0,0,0,0,1,0,1,0,0,75,112,13,12,0
0,0,25,2,8,0,0,0,1,0,1.5375,0,0,0,1,0,4,0,0,1,0,0,0,0,0,1,0,1,0,0,75,112,13,13,0
0,0,38,2,8,0,1,0,1,0,1.55,0,0,0,0,1,0,0,1,0,0,0,0,1,9.472705,0,5.50987,0,0,1,75,112,13,14,0
0,0,23,3,8,0,1,0,1,0,1.575,0,0,0,1,0,5,0,0,1,0,0,0,0,0,1,0,1,0,0,75,112,13,15,0
0,0,25,2,8,0,0,0,1,0,1.475,0,0,0,1,0,4,0,0,0,0,0,1,0,0,1,0,1,0,1,75,112,13,16,0
0,0,27,2,8,0,0,0,1,0,1.475,0,0,0,1,0,4,0,0,1,0,0,0,0,0,1,0,1,0,1,75,112,13,17,0
0,0,23,0,8,0,0,0,1,0,1.5,0,1,0,0,0,2,0,0,0,0,0,0,1,0,1,0,1,0,0,75,112,13,18,0
0,0,28,4,8,0,0,0,1,0,1.55,0,0,0,1,0,1,0,0,0,0,0,0,1,0,1,0,1,0,0,75,112,13,19,0
1,0,32,0,8,0,0,0,1,0,1.575,0,1,0,0,1,0,0,1,0,0,1,0,0,0,1,5.825603,0,0,0,75,112,13,20,0
0,0,29,4,8,0,1,0,1,0,1.475,0,0,0,1,0,4,0,0,0,1,0,0,0,0,1,0,1,0,0,75,112,13,21,0
0,0,30,2,8,0,0,0,1,0,1.5,0,0,0,1,0,5,0,0,1,0,1,0,0,0,1,5.50987,0,0,0,75,112,13,22,0
0,0,25,2,8,0,0,0,1,0,1.5625,0,0,0,1,0,4,0,0,0,0,0,0,1,0,1,0,1,0,0,75,112,13,23,0
0,0,29,4,8,0,0,0,1,0,1.575,0,0,0,0,0,4,0,0,1,0,0,0,0,0,1,0,1,0,0,75,112,13,24,0
0,0,35,2,8,0,1,0,1,0,1.575,0,0,0,1,0,2,0,0,0,0,0,0,1,0,1,0,1,0,0,75,112,13,25,0
0,0,24,2,8,0,0,0,1,0,1.55,0,0,0,1,0,5,0,0,0,0,0,0,1,0,1,0,1,0,1,75,112,13,26,0
0,0,26,2,8,0,0,0,1,0,1.575,0,0,0,1,0,5,0,0,1,0,0,0,0,0,1,5.50987,0,0,1,75,112,13,27,0
0,0,27,2,8,0,0,0,1,0,1.525,0,0,0,1,0,2,0,0,0,0,0,0,1,0,1,0,1,0,0,75,112,13,28,0
0,0,28,5,8,0,0,0,1,0,1.5,0,0,0,1,0,4,0,0,1,0,0,0,0,0,1,0,1,0,1,75,112,13,29,0
0,0,26,4,8,0,0,0,1,0,1.525,0,0,0,1,0,5,0,0,1,0,0,0,0,0,1,0,1,0,1,75,112,13,30,0
0,0,25,2,8,0,0,0,1,0,1.5625,0,0,0,1,0,4,0,0,1,0,0,0,0,0,1,0,1,0,1,75,112,13,31,0
0,0,29,2,8,0,1,0,1,0,1.55,0,0,0,1,0,4,0,0,1,0,0,0,0,0,1,0,1,0,0,75,112,13,32,0
0,0,23,4,8,0,0,0,1,0,1.5,0,0,0,0,0,5,0,0,0,0,1,0,0,0,1,0,1,0,0,75,112,13,33,0
0,0,29,2,8,0,0,0,1,0,1.525,0,0,0,1,0,4,0,0,0,0,0,0,1,0,1,5.825603,0,0,1,75,112,13,34,0
0,0,25,2,8,0,0,0,1,0,1.575,0,0,0,1,0,4,0,0,0,0,0,0,1,0,1,0,1,0,0,75,112,13,35,0
0,0,26,2,8,0,0,0,1,0,1.575,0,0,0,1,0,4,0,0,0,1,0,0,0,0,1,0,1,0,0,75,112,13,36,0
0,0,23,2,8,0,0,0,1,0,1.525,0,0,0,1,0,4,0,0,0,0,0,0,1,0,1,0,1,0,1,75,112,13,37,0
0,0,25,2,8,0,1,0,1,0,1.5,0,0,0,1,0,5,0,0,0,0,1,0,0,0,1,0,1,0,0,75,112,13,38,0
0,0,27,2,8,0,0,0,1,0,1.525,0,0,0,1,0,2,0,0,0,0,0,0,1,0,1,0,1,0,0,75,112,13,40,0
0,4,30,2,8,0,0,0,0,0,1.5,0,0,0,1,0,4,0,0,1,0,0,0,0,0,1,5.50987,0,0,0,75,112,13,41,0
0,0,23,4,8,0,0,0,1,0,1.55,0,0,0,1,0,4,0,0,1,0,0,0,0,0,1,0,1,0,0,75,112,13,42,0
0,0,28,2,8,0,0,0,1,0,1.5,0,0,0,1,0,4,0,0,0,0,0,0,1,0,1,0,1,0,0,75,112,13,43,0
0,0,24,2,8,0,0,0,1,0,1.525,0,0,0,1,0,5,0,0,1,0,0,0,0,0,1,0,1,0,0,75,112,13,44,0
0,0,21,2,8,0,0,0,1,0,1.55,0,0,0,1,0,4,0,0,0,0,0,0,1,0,1,0,1,0,0,75,112,13,45,0
0,0,33,0,8,0,0,0,1,0,1.5,0,1,0,0,1,4,0,0,0,0,0,0,1,0,1,0,1,1,0,75,112,13,46,0
0,0,24,0,8,0,1,0,1,0,1.475,0,1,0,1,0,5,0,0,1,0,0,0,0,0,1,0,1,0,0,75,112,13,47,0
0,0,22,4,8,0,0,0,1,0,1.525,0,0,0,1,0,5,0,0,0,0,1,0,0,0,1,0,1,0,0,75,112,13,48,0
0,0,23,0,8,0,0,0,1,0,1.6,0,1,0,1,0,5,0,0,1,0,0,0,0,0,1,0,1,0,0,75,112,13,49,0
0,0,22,2,8,0,0,0,1,0,1.5625,0,0,0,1,0,4,0,0,1,0,0,0,0,0,1,0,1,0,0,75,112,13,50,0
0,0,25,4,8,0,0,0,1,0,1.575,0,0,0,0,1,4,0,0,0,0,1,0,0,0,1,5.794884,0,0,0,75,112,13,51,0
0,0,25,0,8,0,1,0,1,0,1.575,0,1,0,1,0,5,0,0,1,0,0,0,0,0,1,0,1,0,1,17,112,14,6,0
0,0,29,3,8,0,1,0,1,0,1.55,0,0,0,1,0,4,0,0,0,1,0,0,0,0,1,0,1,0,1,16,112,14,16,0
1,0,27,2,8,0,0,0,1,0,1.575,0,0,0,1,0,2,0,0,0,0,0,0,1,0,1,0,1,0,1,16,112,14,35,0
0,0,26,2,8,0,1,0,1,0,1.55,0,0,0,0,1,5,0,0,0,0,0,0,1,0,1,5.049275,0,0,0,79,112,14,36,0
0,0,30,0,8,0,1,0,1,0,1.575,0,1,0,1,0,4,0,0,0,0,1,0,0,8.987197,0,5.049275,0,0,1,16,112,14,46,0
0,0,24,4,8,0,1,0,1,0,1.525,0,0,0,0,1,4,0,0,0,0,1,0,0,0,1,0,1,0,1,16,112,14,48,0
0,0,25,0,8,0,0,0,1,0,1.575,0,1,0,0,0,5,0,0,0,0,1,0,0,0,1,5.50987,0,0,1,16,112,14,52,0
0,0,33,2,8,0,0,0,1,0,1.6,0,0,0,1,0,4,0,0,0,0,1,0,0,0,1,0,1,0,1,75,112,18,30,1
0,0,20,2,8,0,0,0,1,0,1.5,0,0,0,0,0,2,0,0,0,0,0,0,1,0,1,0,1,0,0,75,202,13,114,0
0,0,27,4,8,0,0,0,1,0,1.55,0,0,0,0,1,4,0,0,0,0,1,0,0,0,1,0,1,0,0,75,202,13,115,0
0,0,29,2,8,0,1,0,1,0,1.5,0,0,0,0,1,0,1,0,0,0,0,0,1,0,1,5.50987,0,0,1,75,202,13,116,0
0,0,24,1,8,0,0,0,1,0,1.55,0,0,0,1,0,5,0,0,1,0,0,0,0,0,1,0,1,1,0,75,202,13,117,0
0,2,28,0,8,0,0,1,0,0,1.5,0,1,0,0,1,4,0,0,0,0,1,0,0,0,1,0,1,0,1,75,202,13,119,0
0,2,28,0,8,0,1,1,0,0,1.55,0,1,0,1,0,2,0,0,0,0,0,0,1,0,1,0,1,0,0,75,202,13,120,0
0,2,34,0,8,0,1,1,0,0,1.5,0,1,0,0,1,4,0,0,0,0,0,0,1,8.699514,0,0,1,0,1,75,202,13,121,0
0,0,28,2,8,0,0,0,1,0,1.5125,0,0,0,0,1,2,0,0,0,0,0,0,1,0,1,0,1,0,1,75,202,13,122,0
0,0,27,5,8,0,1,0,1,0,1.55,0,0,0,0,1,4,0,0,1,0,1,0,0,0,1,0,1,0,0,75,202,13,123,0
0,0,25,0,8,0,1,0,1,0,1.55,0,1,0,1,0,5,0,0,1,0,0,0,0,0,1,5.50987,0,1,0,75,202,13,124,0
0,0,28,2,8,0,0,0,1,0,1.55,0,0,0,0,0,4,0,0,1,0,0,0,0,0,1,0,1,0,0,75,202,13,125,0
0,0,26,2,8,0,0,0,1,0,1.5,0,0,0,0,0,5,0,0,1,0,0,0,0,0,1,0,1,0,0,75,202,13,126,0
0,0,27,4,8,0,0,0,1,0,1.55,0,0,0,0,1,5,0,0,1,0,0,0,0,0,1,0,1,0,0,75,202,13,127,0
0,0,22,4,8,0,0,0,1,0,1.525,0,0,0,0,1,5,0,0,1,0,0,0,0,0,1,0,1,0,0,75,202,13,128,0
0,0,30,5,8,0,1,0,1,0,1.5,0,0,0,0,0,0,0,1,0,0,0,0,1,0,1,5.50987,0,1,0,75,202,13,129,0
0,0,23,4,8,0,0,0,1,0,1.525,0,0,0,0,1,4,0,0,0,0,1,0,0,0,1,0,1,0,0,75,202,13,130,0
0,2,30,0,8,0,0,1,0,0,1.5,0,1,0,0,1,4,0,0,1,0,0,0,0,0,1,0,1,0,1,75,202,13,131,0
0,0,24,2,8,0,0,0,1,0,1.525,0,0,0,0,1,4,0,0,1,0,0,0,0,0,1,0,1,1,0,75,202,13,132,0
0,0,26,2,8,0,1,0,1,0,1.575,0,0,0,0,0,4,0,0,1,0,0,0,0,0,1,5.447579,0,0,0,75,202,13,133,0
0,0,44,2,8,0,0,0,1,0,1.55,0,0,0,0,1,0,0,1,0,0,0,0,1,0,1,5.825603,0,0,1,75,202,13,134,0
0,0,30,2,8,0,0,0,1,0,1.55,0,0,0,0,1,4,0,0,1,0,0,0,0,0,1,0,1,0,0,75,202,13,136,0
0,0,26,2,8,0,0,0,1,0,1.55,0,0,1,0,0,4,0,0,0,0,1,0,0,0,1,6.094067,0,0,0,75,202,13,137,0
0,0,30,2,8,0,0,0,1,0,1.5875,0,0,0,1,0,5,0,0,1,0,0,0,0,0,1,0,1,0,1,75,202,13,138,0
0,0,26,2,8,0,0,0,1,0,1.55,0,0,0,0,0,4,0,0,1,0,0,0,0,0,1,0,1,0,0,75,202,13,139,0
1,0,18,2,8,0,0,0,1,0,1.5,0,0,0,1,0,4,0,0,0,1,0,0,0,0,1,0,1,0,0,79,202,15,68,0
0,2,26,2,8,0,1,1,0,0,1.575,0,0,0,0,1,4,0,0,0,0,1,0,0,0,1,0,1,0,1,16,203,10,4,0
1,0,24,5,8,0,0,0,1,0,1.525,0,0,0,0,1,4,0,0,1,0,0,0,0,0,1,0,1,0,1,79,203,10,18,0
1,0,22,2,8,0,0,0,1,0,1.525,0,0,0,0,1,5,0,0,1,0,0,0,0,0,1,0,1,0,0,79,203,10,21,0
0,0,22,3,8,0,0,0,1,0,1.575,0,0,0,0,1,4,0,0,0,0,1,0,0,0,1,0,1,0,1,67,203,10,32,0
0,0,33,2,8,0,0,0,1,0,1.5,0,0,0,0,1,4,0,0,0,0,1,0,0,9.21034,0,5.825603,0,0,1,79,203,10,34,0
1,0,26,0,8,0,0,0,1,0,1.55,0,1,0,0,1,4,0,0,1,0,0,0,0,0,1,0,1,0,0,16,203,12,53,0
0,0,20,5,8,0,1,0,1,0,1.575,0,0,0,0,1,1,0,0,0,0,0,0,1,0,1,0,1,0,1,79,203,12,97,0
0,0,26,2,8,0,0,0,1,0,1.6,0,0,0,1,0,4,0,0,0,0,0,0,1,0,1,0,1,1,0,75,203,13,100,0
1,0,26,2,8,0,0,0,1,0,1.575,0,0,0,1,0,5,0,0,1,0,1,0,0,0,1,0,1,0,1,75,203,13,101,0
0,0,27,2,8,0,1,0,1,0,1.6,0,0,0,0,1,5,0,0,1,0,0,0,0,0,1,0,1,1,0,75,203,13,103,0
0,0,31,0,8,0,0,0,1,0,1.575,0,1,0,1,0,3,0,0,0,0,0,0,1,0,1,0,1,0,1,75,203,13,104,0
0,0,30,2,8,0,0,0,1,0,1.575,0,0,0,0,1,5,0,0,1,0,0,0,0,0,1,5.50987,0,0,0,75,203,13,105,0
0,0,23,2,8,0,1,0,1,0,1.5,0,0,0,1,0,4,0,0,1,0,0,0,0,0,1,0,1,1,0,75,203,13,106,0
0,0,34,2,8,0,0,0,1,0,1.55,0,0,0,1,0,0,0,1,0,0,0,0,1,0,1,5.825603,0,0,0,75,203,13,107,0
0,0,34,3,8,0,0,0,1,0,1.425,0,0,0,0,1,4,0,0,1,0,0,0,0,0,1,0,1,0,0,75,203,13,108,0
0,0,32,0,8,0,0,0,1,0,1.5,0,1,0,1,0,4,0,0,1,0,0,0,0,0,1,0,1,0,0,75,203,13,109,0
0,0,28,2,8,0,0,0,1,0,1.575,0,0,0,1,0,4,0,0,1,0,0,0,0,0,1,0,1,0,1,75,203,13,110,0
0,0,26,4,8,0,0,0,1,0,1.575,0,0,0,1,0,5,0,0,1,0,0,0,0,0,1,0,1,0,1,75,203,13,111,0
0,0,28,2,8,0,1,0,1,0,1.575,0,0,0,1,0,4,0,0,0,0,1,0,0,0,1,5.825603,0,0,1,75,203,13,112,0
0,0,32,4,8,0,0,0,1,0,1.55,0,0,0,1,0,5,0,0,1,0,0,0,0,0,1,5.50987,0,0,1,75,203,13,113,0
0,0,31,0,8,0,0,0,1,0,1.575,0,1,0,1,0,5,0,0,1,0,0,0,0,0,1,5.50987,0,0,0,75,203,13,114,1
0,0,21,3,8,0,0,0,1,0,1.55,0,0,0,1,0,4,0,0,0,0,0,0,1,0,1,0,1,0,0,75,203,13,114,1
0,0,27,2,8,0,0,0,1,0,1.5625,0,0,0,1,0,4,0,0,1,0,0,0,0,8.987197,0,6.093101,0,0,0,75,203,13,115,0
0,0,30,0,8,0,1,0,1,0,1.575,0,1,0,0,1,4,0,0,1,0,0,0,0,0,1,5.50987,0,0,0,75,203,13,116,0
0,0,23,2,8,0,1,0,1,0,1.5,0,0,0,1,0,4,0,0,1,0,0,0,0,0,1,0,1,0,0,75,203,13,117,0
0,0,28,4,8,0,1,0,1,0,1.525,0,0,0,0,1,5,0,0,1,0,1,0,0,0,1,5.50987,0,0,0,75,203,13,118,0
0,0,25,2,8,0,1,0,1,0,1.575,0,0,0,0,1,4,0,0,0,0,1,0,0,0,1,4.159452,0,0,0,75,203,13,119,0
0,0,24,4,8,0,1,0,1,0,1.575,0,0,0,0,1,6,0,0,0,0,1,0,0,0,1,5.794884,0,0,1,75,203,13,120,0
0,0,26,2,8,0,0,0,1,0,1.5,0,0,0,1,0,5,0,0,0,0,1,0,0,0,1,5.50987,0,0,0,75,203,13,121,0
1,0,27,2,8,0,0,0,1,0,1.575,0,0,0,1,0,4,0,0,0,0,0,0,1,0,1,0,1,0,1,17,203,13,175,0
0,0,23,2,8,0,0,0,1,0,1.6,0,0,0,1,0,5,0,0,0,0,1,0,0,0,1,0,1,0,0,75,203,13,95,0
0,0,29,4,8,0,0,0,1,0,1.525,0,0,0,0,1,5,0,0,1,0,0,0,0,0,1,0,1,0,1,79,203,13,96,0
0,0,28,3,8,0,0,0,1,0,1.575,0,0,0,1,0,6,0,0,0,0,1,0,0,0,1,0,1,0,1,75,203,13,97,0
0,0,26,4,8,0,1,0,1,0,1.525,0,0,0,1,0,4,0,0,1,0,0,0,0,0,1,0,1,0,1,75,203,13,98,0
0,0,27,5,8,0,0,0,1,0,1.525,0,0,0,1,0,0,0,1,0,0,0,0,1,0,1,5.825603,0,0,0,75,203,13,99,0
0,0,25,0,8,0,1,0,1,0,1.575,0,1,0,0,1,4,0,0,1,0,0,0,0,0,1,0,1,0,1,16,203,15,70,0
0,0,27,2,8,0,0,0,1,0,1.45,0,0,0,0,1,2,0,0,0,0,0,0,1,0,1,0,1,0,1,79,203,15,72,0
1,0,24,0,8,0,0,0,1,0,1.5,0,1,0,0,1,4,0,0,1,0,0,0,0,0,1,0,1,0,0,16,203,15,79,0
1,2,26,2,8,0,0,1,0,0,1.525,0,0,0,0,0,5,0,0,1,0,0,0,0,0,1,0,1,0,1,79,311,11,116,0
1,0,30,0,8,0,0,0,1,0,1.575,0,1,0,0,0,5,0,0,0,0,1,0,0,0,1,5.50987,0,0,0,79,311,11,123,0
0,0,26,4,8,0,1,0,1,0,1.5,0,0,0,0,0,4,0,0,1,0,0,0,0,0,1,0,1,0,1,17,311,11,75,0
1,0,23,2,8,0,0,0,1,0,1.525,0,0,0,0,0,4,0,0,1,0,0,0,0,0,1,0,1,0,1,96,311,12,155,0
1,0,24,3,8,0,0,0,1,0,1.525,0,0,0,0,1,4,0,0,1,0,0,0,0,0,1,0,1,0,1,16,311,12,167,0
0,0,26,0,8,0,1,0,1,0,1.575,0,1,1,0,0,4,0,0,1,0,0,0,0,0,1,0,1,0,1,75,311,12,182,0
0,0,30,1,8,0,1,0,1,0,1.55,0,0,0,0,1,5,0,0,1,0,1,0,0,0,1,0,1,0,0,75,311,12,183,0
0,0,28,2,8,0,0,0,1,0,1.5,0,0,0,0,0,4,0,0,0,0,0,0,1,0,1,0,1,0,1,75,311,12,185,0
0,0,28,2,8,0,1,0,1,0,1.575,0,0,0,1,0,6,0,0,0,0,1,0,0,0,1,0,1,1,0,75,311,12,58,0
0,0,24,2,8,0,0,0,1,0,1.6,0,0,1,0,0,4,0,0,1,0,0,0,0,0,1,0,1,0,0,75,311,12,59,0
0,0,32,4,8,0,0,0,1,0,1.525,0,0,0,0,0,4,0,0,1,0,0,0,0,0,1,0,1,0,0,75,311,12,60,0
0,0,28,2,8,0,1,0,1,0,1.5,0,0,0,0,0,4,0,0,0,0,1,0,0,0,1,5.50987,0,0,0,75,311,12,61,0
0,0,25,4,8,0,0,0,1,0,1.575,0,0,0,1,0,4,0,0,1,0,0,0,0,0,1,0,1,0,0,75,311,12,62,0
0,0,27,4,8,0,0,0,1,0,1.575,0,0,0,0,0,4,0,0,1,0,0,0,0,0,1,0,1,0,0,75,311,12,63,0
0,0,30,0,8,0,1,0,1,0,1.525,0,1,0,1,0,0,0,1,0,0,0,0,1,0,1,0,1,0,0,79,311,12,64,0
1,0,23,4,8,0,0,0,1,0,1.6,0,0,0,0,0,4,0,0,1,0,0,0,0,0,1,0,1,0,1,75,311,12,65,0
0,0,24,0,8,0,0,0,1,0,1.6,0,1,0,0,0,4,0,0,1,0,0,0,0,0,1,0,1,0,0,75,311,12,66,0
0,0,23,2,8,0,0,0,1,0,1.5,0,0,0,0,0,4,0,0,0,0,1,0,0,0,1,0,1,0,0,75,311,12,67,0
0,0,26,2,8,0,0,0,1,0,1.55,0,0,0,0,0,4,0,0,1,0,0,0,0,0,1,0,1,0,0,75,311,12,68,0
0,0,22,0,8,0,0,0,1,0,1.5,0,1,0,1,0,4,0,0,1,0,0,0,0,0,1,0,1,0,1,75,311,12,69,0
0,0,26,2,8,0,0,0,1,0,1.5375,0,0,0,0,0,4,0,0,1,0,0,0,0,0,1,0,1,0,0,75,311,12,70,0
0,0,24,2,8,0,1,0,1,0,1.5,0,0,0,0,0,4,0,0,1,0,0,0,0,0,1,0,1,0,0,75,311,12,71,0
0,0,28,5,8,0,1,0,1,0,1.55,0,0,0,0,0,4,0,0,0,0,1,0,0,0,1,5.049275,0,0,1,75,311,12,72,0
0,0,29,2,8,0,0,0,1,0,1.5,0,0,0,0,0,4,0,0,1,0,0,0,0,0,1,0,1,0,0,75,311,12,73,0
0,0,24,4,8,0,0,0,1,0,1.5,0,0,0,1,0,0,0,1,0,1,0,0,0,0,1,0,1,0,0,75,311,12,74,0
0,0,25,2,8,0,0,0,1,0,1.525,0,0,0,1,0,4,0,0,1,0,0,0,0,0,1,0,1,0,0,75,311,12,75,0
0,0,27,2,8,0,0,0,1,0,1.55,0,0,0,0,0,4,0,0,1,0,0,0,0,0,1,0,1,0,0,75,311,12,76,0
0,0,26,2,8,0,1,0,1,0,1.5,0,0,0,0,0,5,0,0,1,0,0,0,0,0,1,0,1,0,0,75,311,12,77,0
1,0,24,1,8,0,0,0,1,0,1.6,0,0,0,0,0,4,0,0,1,0,0,0,0,0,1,0,1,0,1,79,501,11,113,0
0,0,24,2,8,0,1,0,1,0,1.625,0,0,0,1,0,5,0,0,1,0,0,0,0,0,1,0,1,0,1,16,501,11,130,0
1,0,32,0,8,0,0,0,1,0,1.6,0,1,0,1,0,2,0,0,0,0,0,0,1,0,1,4.710353,0,0,1,67,501,11,131,0
0,0,24,1,8,0,1,0,1,0,1.55,0,0,1,0,0,4,0,0,1,0,0,0,0,0,1,0,1,1,0,67,501,11,139,0
0,0,25,0,8,0,1,0,1,0,1.575,0,1,0,0,1,0,0,1,0,0,0,0,1,0,1,0,1,0,0,79,501,11,149,0
0,0,26,2,8,0,1,0,1,0,1.55,0,0,0,0,0,4,0,0,1,0,0,0,0,0,1,0,1,0,0,16,501,11,159,0
0,0,29,2,8,0,1,0,1,0,1.55,0,0,0,1,0,4,0,0,1,0,0,0,0,0,1,0,1,0,0,75,501,12,135,0
0,0,32,4,8,0,0,0,1,0,1.55,0,0,0,0,0,5,0,0,1,0,0,0,0,0,1,5.50987,0,0,1,75,501,12,136,0
0,0,21,4,8,0,0,0,1,0,1.6,0,0,0,1,0,4,0,0,0,0,1,0,0,0,1,0,1,0,0,75,501,12,137,0
0,0,27,2,8,0,0,0,1,0,1.55,0,0,0,1,0,4,0,0,1,0,0,0,0,0,1,0,1,0,1,75,501,12,138,0
0,0,26,0,8,0,0,0,1,0,1.55,0,1,0,0,0,4,0,0,0,0,0,0,1,0,1,0,1,0,0,75,501,12,139,0
0,0,37,2,8,0,0,0,1,0,1.55,0,0,0,1,0,0,0,1,0,0,0,0,1,0,1,5.50987,0,0,0,75,501,12,140,0
0,0,33,1,8,0,0,0,1,0,1.575,0,0,0,0,1,4,0,0,1,0,0,0,0,0,1,0,1,0,1,75,501,12,141,0
0,5,25,3,8,0,0,0,0,0,1.575,0,0,0,1,0,4,0,0,1,0,0,0,0,0,1,0,1,0,0,75,501,12,142,0
1,0,30,0,8,0,0,0,1,0,1.55,0,1,0,0,0,0,0,1,0,0,0,0,1,0,1,0,1,0,0,75,501,12,143,0
0,2,27,4,8,0,0,1,0,0,1.5,0,0,0,0,1,6,0,0,0,0,1,0,0,0,1,6.094067,0,0,1,75,501,12,144,0
0,0,26,2,8,0,0,0,1,0,1.625,0,0,0,0,0,6,0,0,0,0,0,0,1,0,1,5.459123,0,0,1,75,501,12,145,0
0,0,29,2,8,0,0,0,1,0,1.55,0,0,0,0,0,5,0,0,1,0,0,0,0,0,1,0,1,0,1,75,501,12,146,0
0,0,22,2,8,0,0,0,1,0,1.6,0,0,0,1,0,3,0,0,0,0,1,0,0,0,1,5.794884,0,0,0,75,501,12,147,0
0,0,22,4,8,0,0,0,1,0,1.55,0,0,0,0,1,0,0,1,0,0,0,0,1,0,1,0,1,0,0,75,501,14,19,0
0,0,21,0,8,0,1,0,1,0,1.55,0,1,0,0,1,4,0,0,1,0,0,0,0,0,1,0,1,0,1,79,610,11,77,0
0,0,28,2,8,0,1,0,1,0,1.65,0,0,0,1,0,5,0,0,1,0,0,0,0,0,1,0,1,0,1,17,610,11,95,0
0,0,26,2,8,0,1,0,1,0,1.6,0,0,0,0,0,4,0,0,1,0,0,0,0,0,1,0,1,0,0,75,610,12,167,0
0,0,26,0,8,0,0,0,1,0,1.525,0,1,0,0,0,6,0,0,0,0,1,0,0,0,1,5.825603,0,0,0,75,610,12,168,0
0,0,25,4,8,0,0,0,1,0,1.55,0,0,0,0,0,4,0,0,1,0,0,0,0,0,1,0,1,0,0,75,610,12,169,0
0,0,23,2,8,0,0,0,1,0,1.525,0,0,0,1,0,4,0,0,1,0,0,0,0,0,1,0,1,0,0,75,610,12,170,0
0,0,26,4,8,0,1,0,1,0,1.55,0,0,0,0,0,4,0,0,1,0,0,0,0,0,1,0,1,0,1,75,610,12,171,0
0,0,27,2,8,0,0,0,1,0,1.575,0,0,1,0,0,4,0,0,0,0,0,0,1,0,1,0,1,0,0,75,610,14,1,0
0,0,29,0,8,0,1,0,1,0,1.525,0,1,0,0,0,5,0,0,0,0,1,0,0,0,1,0,1,0,0,75,610,14,2,0
0,0,27,3,8,0,1,0,1,0,1.6,0,0,0,0,1,4,0,0,1,0,0,0,0,0,1,0,1,0,0,75,610,14,3,0
0,0,26,2,8,0,0,0,1,0,1.5,0,0,0,0,1,4,0,0,0,0,0,0,1,0,1,5.049275,0,0,1,75,610,14,4,0
0,0,25,2,8,0,1,0,1,0,1.55,0,0,0,0,0,4,0,0,1,0,0,0,0,0,1,0,1,0,0,75,610,14,5,0
0,0,25,2,8,0,0,0,1,0,1.575,0,0,0,0,0,5,0,0,0,0,1,0,0,0,1,0,1,0,0,75,610,14,6,0
0,0,24,2,8,0,0,0,1,0,1.55,0,0,1,0,0,4,0,0,1,0,0,0,0,0,1,0,1,0,0,75,610,14,7,1
0,0,23,2,8,0,0,0,1,0,1.575,0,0,1,0,0,4,0,0,0,0,1,0,0,0,1,0,1,0,0,75,610,14,7,1
0,0,25,2,8,0,0,0,1,0,1.55,0,0,0,1,0,5,0,0,1,0,0,0,0,0,1,0,1,0,1,75,610,14,9,0
0,0,25,4,8,0,0,0,1,0,1.575,0,0,0,0,0,4,0,0,1,0,0,0,0,0,1,0,1,0,0,75,610,14,10,0
0,0,25,1,8,0,1,0,1,0,1.575,0,0,0,0,0,4,0,0,1,0,0,0,0,0,1,0,1,0,0,75,610,14,11,0
0,0,25,1,8,0,0,0,1,0,1.5,0,0,0,0,0,5,0,0,1,0,0,0,0,0,1,0,1,0,0,75,610,14,12,0
0,0,35,2,8,0,1,0,1,0,1.55,0,0,0,1,0,0,0,1,0,0,0,0,1,0,1,5.459123,0,0,0,75,610,14,13,0
0,0,30,2,8,0,0,0,1,0,1.525,0,0,0,0,1,4,0,0,1,0,0,0,0,0,1,0,1,0,0,75,610,14,14,0
0,0,29,2,8,0,0,0,1,0,1.55,0,0,0,0,0,4,0,0,1,0,0,0,0,0,1,0,1,0,1,75,610,14,15,0
0,2,30,2,8,0,1,1,0,0,1.5,0,0,0,1,0,4,0,0,0,0,1,0,0,0,1,0,1,0,1,17,812,10,49,0
0,0,26,2,8,0,1,0,1,0,0,1,0,0,0,0,0,0,1,0,0,0,0,1,7.600903,0,0,1,0,0,79,812,12,105,0
0,4,26,0,8,0,1,0,0,0,1.575,0,1,0,0,0,5,0,0,1,0,0,0,0,0,1,0,1,0,1,79,812,13,230,0
1,0,20,2,8,0,0,0,1,0,1.625,0,0,0,1,0,1,0,0,0,0,0,0,1,0,1,0,1,0,0,79,812,14,40,0
0,4,25,2,8,0,1,0,0,0,1.55,0,0,0,1,0,4,0,0,0,0,0,0,1,0,1,5.50987,0,0,1,67,812,14,51,0
0,0,22,2,8,0,1,0,1,0,1.525,0,0,0,1,0,5,0,0,1,0,0,0,0,0,1,0,1,0,0,16,812,14,63,0
1,4,24,2,8,0,0,0,0,0,1.55,0,0,0,1,0,5,0,0,1,0,0,0,0,0,1,5.50987,0,0,1,16,812,14,67,0
1,0,29,0,8,0,0,0,1,0,1.625,0,1,0,1,0,4,0,0,1,0,0,0,0,0,1,0,1,0,1,17,812,14,73,0
0,0,32,2,8,0,1,0,1,0,1.6,0,0,0,0,1,4,0,0,0,0,0,0,1,8.860783,0,5.825603,0,0,1,102,812,15,52,0
0,0,33,2,8,0,1,0,1,0,1.575,0,0,0,1,0,0,0,1,0,0,0,0,1,0,1,5.825603,0,0,1,75,812,15,54,0
0,0,26,0,8,0,0,0,1,0,1.55,0,1,0,1,0,4,0,0,1,0,0,0,0,0,1,0,1,0,1,75,812,15,55,0
0,0,30,0,8,0,0,0,1,0,1.575,0,1,0,0,1,4,0,0,0,0,0,0,1,0,1,6.094067,0,0,1,75,812,15,56,0
0,0,24,2,8,0,0,0,1,0,1.575,0,0,0,0,1,5,0,0,1,0,0,0,0,0,1,0,1,0,0,79,812,15,57,0
0,0,23,2,8,0,1,0,1,0,1.55,0,0,0,1,0,2,0,0,0,0,0,0,1,0,1,0,1,0,1,75,812,15,58,0
0,2,28,2,8,0,0,1,0,0,1.55,0,0,0,1,0,4,0,0,1,0,0,0,0,0,1,0,1,0,0,75,812,15,59,0
0,0,27,3,8,0,1,0,1,0,1.525,0,0,0,1,0,4,0,0,1,0,0,0,0,0,1,0,1,0,0,75,812,15,60,0
0,0,26,2,8,0,0,0,1,0,1.55,0,0,1,0,0,2,0,0,0,0,0,0,1,0,1,0,1,0,0,75,812,15,61,0
0,0,25,2,8,0,0,0,1,0,1.55,0,0,0,1,0,4,0,0,1,0,0,0,0,0,1,0,1,0,1,75,812,15,62,0
0,0,31,2,8,0,0,0,1,0,1.525,0,0,0,0,1,1,0,0,0,0,0,0,1,0,1,5.049275,0,0,1,75,812,15,63,0
0,0,28,2,8,0,0,0,1,0,1.5,0,0,0,0,1,1,0,0,0,0,0,0,1,0,1,0,1,0,1,75,812,15,64,0
0,0,30,4,8,0,0,0,1,0,1.625,0,0,0,1,0,4,0,0,0,1,0,0,0,0,1,5.825603,0,0,0,75,812,15,65,0
0,0,26,4,8,0,0,0,1,0,1.575,0,0,0,1,0,5,0,0,1,0,0,0,0,0,1,0,1,0,1,75,812,15,66,0
0,0,24,1,8,0,0,0,1,0,1.55,0,0,1,0,0,4,0,0,0,0,1,0,0,0,1,0,1,0,0,75,812,15,67,0
0,4,27,5,8,0,0,0,0,0,1.55,0,0,0,0,1,0,0,1,0,0,0,0,1,0,1,5.049275,0,0,0,75,812,15,68,0
0,0,30,0,8,0,0,0,1,0,1.5,0,1,0,1,0,5,0,0,1,0,1,0,0,0,1,5.50987,0,0,0,75,812,15,69,0
0,0,25,4,8,0,1,0,1,0,1.5,0,0,0,1,0,4,0,0,1,0,0,0,0,0,1,0,1,0,0,75,812,15,70,0
0,0,23,4,8,0,1,0,1,0,1.55,0,0,0,0,1,4,0,0,0,0,1,0,0,0,1,5.50987,0,0,1,75,812,15,71,0
0,0,21,5,8,0,1,0,1,0,1.575,0,0,0,0,1,4,0,0,1,0,0,0,0,0,1,0,1,0,1,75,812,15,72,0
0,0,29,2,8,0,1,0,1,0,1.525,0,0,0,1,0,4,0,0,1,0,0,0,0,0,1,0,1,0,1,75,812,15,73,0
0,4,31,4,8,0,1,0,0,0,1.55,0,0,0,0,1,4,0,0,1,0,0,0,0,0,1,5.50987,0,0,1,75,812,15,74,0
0,0,23,5,8,0,1,0,1,0,1.525,0,0,0,1,0,4,0,0,1,0,0,0,0,0,1,0,1,0,0,75,812,15,75,0
0,0,21,4,8,0,1,0,1,0,1.4,0,0,0,1,0,2,0,0,0,0,0,0,1,0,1,0,1,0,0,75,812,15,76,0
0,0,24,2,8,0,0,0,1,0,1.5625,0,0,0,0,1,4,0,0,0,0,1,0,0,0,1,0,1,0,0,75,812,15,77,0
0,0,29,2,8,0,0,0,1,0,1.55,0,0,1,0,0,5,0,0,1,0,0,0,0,0,1,5.50987,0,0,1,75,812,15,78,0
0,2,25,2,8,0,0,1,0,0,1.5,0,0,0,1,0,5,0,0,1,0,0,0,0,0,1,0,1,0,0,75,812,15,79,0
0,0,28,2,8,0,0,0,1,0,1.5,0,0,0,1,0,5,0,0,0,0,1,0,0,0,1,5.825603,0,0,1,75,812,15,80,0
1,0,25,2,8,0,0,0,1,0,1.575,0,0,0,1,0,5,0,0,1,0,0,0,0,0,1,5.50987,0,0,1,16,902,10,56,0
0,0,30,2,8,0,1,0,1,0,1.6,0,0,0,1,0,4,0,0,0,0,1,0,0,9.21034,0,0,1,0,1,67,902,10,60,0
0,2,22,2,8,0,0,1,0,0,1.6,0,0,0,1,0,4,0,0,1,0,0,0,0,0,1,0,1,0,1,79,902,10,65,0
0,0,23,2,8,0,0,0,1,0,1.55,0,0,1,0,0,2,0,0,0,0,0,0,1,0,1,0,1,0,0,67,902,10,67,0
0,0,28,2,8,0,0,0,1,0,1.575,0,0,0,1,0,0,0,1,0,0,0,0,1,0,1,5.049275,0,0,1,67,902,10,68,0
0,0,21,1,8,0,0,0,1,0,1.5,0,0,0,0,1,0,0,1,0,0,1,0,0,0,1,0,1,0,0,67,902,11,8,0
0,0,36,2,8,0,0,0,1,0,1.625,0,0,0,0,0,0,0,1,0,0,0,0,1,9.546813,0,5.825603,0,1,0,75,902,13,100,0
0,0,25,0,8,0,0,0,1,0,1.525,0,1,0,0,1,5,0,0,1,0,0,0,0,0,1,0,1,1,0,75,902,13,101,0
0,0,34,2,8,0,0,0,1,0,1.5375,0,0,0,0,1,4,0,0,0,1,0,0,0,0,1,0,1,1,0,75,902,13,102,0
0,0,30,2,8,0,0,0,1,0,1.55,0,0,0,1,0,4,0,0,1,0,1,0,0,0,1,5.825603,0,1,0,75,902,13,103,0
0,0,26,2,8,0,0,0,1,0,1.5,0,0,0,0,0,5,0,0,1,0,0,0,0,0,1,0,1,1,0,75,902,13,104,0
0,0,28,2,8,0,0,0,1,0,1.575,0,0,0,0,0,2,0,0,0,0,0,0,1,0,1,0,1,0,1,75,902,13,105,0
0,0,30,2,8,0,0,0,1,0,1.575,0,0,0,1,0,3,0,0,0,0,1,0,0,0,1,0,1,0,1,75,902,13,106,0
0,0,0,0,8,0,0,0,1,1,1.5,0,1,1,0,0,4,0,0,1,0,0,0,0,0,1,0,1,0,0,75,902,13,107,0
0,0,29,2,8,0,1,0,1,0,1.525,0,0,0,1,0,4,0,0,1,0,0,0,0,0,1,5.50987,0,0,0,75,902,13,108,0
0,0,25,0,8,0,0,0,1,0,1.55,0,1,0,0,1,1,0,0,0,0,0,0,1,0,1,0,1,0,0,75,902,13,109,0
0,0,27,2,8,0,0,0,1,0,1.55,0,0,0,0,1,5,0,0,1,0,0,0,0,0,1,5.50987,0,0,1,75,902,13,110,0
0,0,30,2,8,0,1,0,1,0,1.55,0,0,0,0,0,5,0,0,1,0,0,0,0,0,1,5.50987,0,0,0,75,902,13,111,0
0,0,24,2,8,0,0,0,1,0,1.45,0,0,0,0,0,1,0,0,0,0,0,0,1,0,1,0,1,0,0,75,902,13,112,0
0,0,25,2,8,0,1,0,1,0,1.55,0,0,0,0,1,2,0,0,0,0,0,0,1,0,1,5.049275,0,0,1,75,902,13,113,0
0,0,28,2,8,0,0,0,1,0,1.5,0,0,0,0,1,4,0,0,1,0,0,0,0,0,1,0,1,1,0,75,902,13,114,0
0,0,26,2,8,0,0,0,1,0,1.575,0,0,0,1,0,0,0,1,1,0,0,0,0,0,1,0,1,0,0,75,902,13,115,0
0,0,22,5,8,0,1,0,1,0,1.575,0,0,0,0,1,0,0,1,0,0,0,0,1,0,1,0,1,0,0,75,902,13,116,0
0,0,24,2,8,0,1,0,1,0,1.5,0,0,0,0,0,5,0,0,1,0,0,0,0,0,1,0,1,0,1,75,902,13,117,0
0,0,23,0,8,0,1,0,1,0,1.575,0,1,0,1,0,6,0,0,0,0,1,0,0,0,1,0,1,0,0,75,902,13,118,0
0,0,27,2,8,0,1,0,1,0,1.625,0,0,0,0,1,6,0,0,0,0,1,0,0,0,1,0,1,0,0,75,902,13,119,0
0,0,25,2,8,0,0,0,1,0,1.5375,0,0,0,0,0,4,0,0,1,0,0,0,0,0,1,0,1,0,0,75,902,13,121,0
1,0,21,2,8,0,0,0,1,0,1.525,0,0,0,1,0,0,0,1,0,0,0,0,1,0,1,0,1,0,0,16,902,13,122,0
0,0,23,0,8,0,1,0,1,0,1.65,0,1,1,0,0,4,0,0,0,0,0,0,1,12.61154,0,0,1,0,0,75,902,13,123,0
0,0,24,0,8,0,0,0,1,0,1.5,0,1,0,0,0,0,0,1,0,0,0,0,1,0,1,0,1,0,0,75,902,13,124,0
0,0,26,2,8,0,1,0,1,0,1.55,0,0,0,0,0,6,0,0,1,0,0,0,0,0,1,5.50987,0,0,0,75,902,13,125,0
0,0,25,0,8,0,0,0,1,0,1.625,0,1,0,1,0,0,0,1,1,0,0,0,0,0,1,0,1,1,0,75,902,13,75,0
0,0,27,2,8,0,0,0,1,0,1.5,0,0,0,0,0,4,0,0,1,0,0,0,0,0,1,0,1,0,1,75,902,13,76,1
0,0,28,2,8,0,0,0,1,0,1.525,0,0,0,0,0,1,0,0,0,0,0,0,1,0,1,0,1,0,1,75,902,13,76,1
0,0,29,4,8,0,0,0,1,0,1.575,0,0,0,0,0,5,0,0,1,0,0,0,0,0,1,5.50987,0,1,0,75,902,13,77,0
1,0,29,0,8,0,0,0,1,0,1.5,0,1,0,0,0,4,0,0,1,0,1,0,0,0,1,5.049275,0,0,1,75,902,13,78,0
0,0,32,0,8,0,1,0,1,0,1.55,0,1,0,0,0,5,0,0,0,0,1,0,0,0,1,6.093101,0,0,1,75,902,13,79,0
1,2,28,0,8,0,0,1,0,0,1.55,0,1,0,1,0,4,0,0,1,0,0,0,0,0,1,0,1,1,0,75,902,13,81,0
0,0,31,0,8,0,0,0,1,0,1.575,0,1,0,0,0,4,0,0,0,0,0,0,1,0,1,6.094067,0,1,0,75,902,13,83,0
0,0,29,0,8,0,1,0,1,0,1.55,0,1,0,0,1,5,0,0,1,0,0,0,0,0,1,0,1,1,0,75,902,13,85,0
0,0,23,0,8,0,0,0,1,0,1.5,0,1,0,0,0,4,0,0,1,0,0,0,0,0,1,0,1,0,1,75,902,13,86,0
0,0,23,2,8,0,1,0,1,0,1.55,0,0,0,0,0,1,0,0,0,0,0,0,1,0,1,0,1,0,1,75,902,13,87,0
0,0,22,2,8,0,1,0,1,0,1.55,0,0,0,0,0,0,0,1,0,0,0,0,1,0,1,0,1,1,0,75,902,13,88,0
0,0,24,4,8,0,0,0,1,0,1.525,0,0,0,0,0,4,0,0,1,0,0,0,0,0,1,0,1,0,1,75,902,13,89,0
0,0,27,2,8,0,1,0,1,0,1.5,0,0,0,0,1,4,0,0,1,0,0,0,0,0,1,0,1,1,0,75,902,13,90,0
0,0,30,2,8,0,0,0,1,0,1.55,0,0,0,1,0,4,0,0,0,0,1,0,0,0,1,5.049275,0,1,0,75,902,13,91,0
0,0,34,0,8,0,0,0,1,0,1.525,0,1,0,1,0,4,0,0,0,0,0,0,1,0,1,5.825603,0,1,0,75,902,13,93,0
0,0,22,5,8,0,1,0,1,0,1.575,0,0,0,0,0,4,0,0,1,0,0,0,0,0,1,0,1,1,0,75,902,13,94,0
0,5,26,0,8,0,0,0,0,0,1.575,0,1,0,1,0,0,0,1,1,0,0,0,0,0,1,5.50987,0,1,0,75,902,13,95,0
0,0,26,0,8,0,0,0,1,0,1.55,0,1,0,0,0,4,0,0,1,0,0,0,0,0,1,5.50987,0,0,1,75,902,13,96,0
0,0,29,0,8,0,0,0,1,0,1.55,0,1,0,0,0,6,0,0,1,0,0,0,0,0,1,5.50987,0,0,1,75,902,13,97,0
0,0,22,5,8,0,0,0,1,0,1.5,0,0,0,0,0,1,0,0,0,0,0,0,1,0,1,0,1,1,0,75,902,13,98,0
0,0,29,2,8,0,1,0,1,0,1.5,0,0,0,0,0,4,0,0,0,0,0,0,1,0,1,0,1,1,0,75,902,13,99,0
0,5,24,2,8,0,1,0,0,0,1.625,0,0,0,1,0,5,0,0,1,0,0,0,0,0,1,5.459123,0,0,0,67,903,11,44,0
1,0,21,2,8,0,0,0,1,0,1.625,0,0,0,1,0,4,0,0,0,0,1,0,0,0,1,0,1,0,0,16,903,11,80,0
0,0,24,2,8,0,0,0,1,0,1.5,0,0,0,1,0,4,0,0,1,0,0,0,0,0,1,0,1,0,1,75,903,13,111,0
0,0,36,0,8,0,1,0,1,0,1.55,0,1,0,1,0,6,0,0,0,0,1,0,0,0,1,6.094067,0,0,1,75,903,13,113,0
0,2,34,3,8,0,0,1,0,0,1.5,0,0,0,0,1,4,0,0,0,0,1,0,0,0,1,0,1,0,0,75,903,13,114,0
0,0,23,3,8,0,0,0,1,0,1.525,0,0,0,0,1,0,0,1,0,0,0,0,1,0,1,0,1,0,0,75,903,13,115,0
0,0,27,2,8,0,0,0,1,0,1.55,0,0,0,0,0,6,0,0,0,0,1,0,0,0,1,6.094067,0,0,0,75,903,13,116,0
0,5,32,2,8,0,0,0,0,0,1.6,0,0,0,1,0,5,0,0,1,0,0,0,0,0,1,0,1,0,0,75,903,13,117,0
0,0,26,2,8,0,1,0,1,0,1.525,0,0,0,1,0,4,0,0,1,0,0,0,0,0,1,0,1,0,0,75,903,13,118,0
0,0,38,2,8,0,0,0,1,0,1.5,0,0,0,1,0,4,0,0,0,1,0,0,0,0,1,0,1,0,0,75,903,13,119,0
0,0,24,4,8,0,0,0,1,0,1.55,0,0,0,0,1,0,0,1,0,0,1,0,0,0,1,0,1,0,1,75,903,13,120,0
0,0,40,2,8,0,0,0,1,0,1.575,0,0,0,0,1,0,1,0,0,0,0,0,1,0,1,6.093101,0,0,0,75,903,13,121,0
0,5,27,2,8,0,0,0,0,0,1.525,0,0,0,1,0,5,0,0,0,0,1,0,0,0,1,5.69661,0,0,0,75,903,13,122,0
0,2,27,2,8,0,0,1,0,0,1.5375,0,0,0,1,0,6,0,0,1,0,1,0,0,0,1,0,1,0,1,75,903,13,123,0
0,0,28,4,8,0,0,0,1,0,1.5,0,0,0,1,0,5,0,0,1,0,0,0,0,0,1,5.50987,0,0,1,75,903,13,124,0
0,0,25,4,8,0,0,0,1,0,1.525,0,0,0,1,0,4,0,0,1,0,0,0,0,0,1,0,1,0,0,75,903,13,125,0
0,0,25,2,8,0,0,0,1,0,1.55,0,0,0,1,0,5,0,0,0,0,1,0,0,0,1,0,1,0,0,75,903,13,126,0
0,0,22,2,8,0,1,0,1,0,1.55,0,0,0,1,0,4,0,0,1,0,0,0,0,0,1,0,1,0,0,75,903,13,127,0
0,4,20,2,8,0,0,0,0,0,1.55,0,0,0,1,0,1,0,0,0,0,0,0,1,0,1,0,1,0,0,75,903,13,128,0
0,0,27,2,8,0,0,0,1,0,1.65,0,0,0,1,0,4,0,0,0,0,0,0,1,0,1,0,1,0,1,75,903,13,129,0
0,0,25,5,8,0,0,0,1,0,1.55,0,0,0,1,0,2,0,0,0,0,0,0,1,0,1,0,1,0,0,75,903,13,130,0
0,0,25,2,8,0,0,0,1,0,1.575,0,0,0,1,0,4,0,0,1,0,0,0,0,0,1,0,1,0,1,75,903,13,131,0
0,0,23,4,8,0,1,0,1,0,1.5,0,0,0,0,1,0,0,1,1,0,0,0,0,0,1,0,1,0,0,75,903,13,132,0
0,2,44,2,8,0,0,1,0,0,1.55,0,0,0,0,1,0,1,0,0,0,0,0,1,0,1,5.825603,0,0,0,75,903,13,133,0
0,0,30,4,8,0,0,0,1,0,1.575,0,0,0,0,1,4,0,0,1,0,0,0,0,0,1,0,1,0,1,75,903,13,134,0
0,0,35,0,8,0,0,0,1,0,1.525,0,1,0,0,1,0,1,0,0,0,0,0,1,0,1,0,1,0,0,75,903,13,135,0
0,0,27,5,8,0,0,0,1,0,1.575,0,0,0,0,1,5,0,0,0,1,0,0,0,0,1,5.459123,0,0,1,75,903,13,136,0
0,5,31,2,8,0,1,0,0,0,1.6,0,0,1,0,0,6,0,0,0,0,1,0,0,0,1,6.094067,0,0,1,75,903,13,137,0
0,0,23,4,8,0,0,0,1,0,1.525,0,0,0,0,1,0,0,1,1,0,0,0,0,0,1,0,1,0,0,75,903,13,138,0
0,0,25,2,8,0,1,0,1,0,1.6,0,0,0,1,0,6,0,0,0,0,1,0,0,0,1,6.094067,0,1,0,75,903,13,139,0
0,0,23,0,8,0,0,0,1,0,1.6,0,1,0,0,1,0,0,1,0,0,0,0,1,0,1,0,1,1,0,75,1011,10,60,0
0,0,24,2,8,0,0,0,1,0,1.5,0,0,1,0,0,4,0,0,0,0,1,0,0,0,1,0,1,0,0,75,1011,10,61,0
0,0,25,3,8,0,0,0,1,0,1.6,0,0,0,0,1,6,0,0,0,0,1,0,0,0,1,0,1,0,1,75,1011,10,62,0
0,0,22,1,8,0,0,0,1,0,1.525,0,0,0,0,0,0,0,1,0,0,0,0,1,0,1,0,1,0,0,75,1011,10,63,0
0,0,28,2,8,0,0,0,1,0,1.55,0,0,0,0,1,4,0,0,1,0,0,0,0,0,1,0,1,0,1,75,1011,10,64,0
0,0,23,4,8,0,0,0,1,0,1.575,0,0,0,1,0,4,0,0,0,1,0,0,0,0,1,0,1,0,0,75,1011,10,65,0
0,0,26,2,8,0,1,0,1,0,1.575,0,0,0,1,0,2,0,0,0,0,0,0,1,0,1,0,1,0,1,79,1011,10,66,0
0,0,25,2,8,0,0,0,1,0,1.55,0,0,0,0,0,5,0,0,1,0,1,0,0,0,1,0,1,0,0,75,1011,10,67,0
0,0,37,2,8,0,0,0,1,0,1.55,0,0,0,1,0,4,0,0,1,0,0,0,0,0,1,0,1,0,1,75,1011,10,68,0
0,0,34,2,8,0,0,0,1,0,0,1,0,0,1,0,2,0,0,0,0,0,0,1,0,1,0,1,0,1,75,1011,10,69,0
0,0,25,2,8,0,0,0,1,0,1.55,0,0,0,0,0,4,0,0,0,0,1,0,0,0,1,0,1,0,0,75,1011,10,70,0
0,0,18,2,8,0,1,0,1,0,0,1,0,0,0,1,2,0,0,0,0,0,0,1,0,1,0,1,0,0,75,1011,10,71,1
0,0,20,2,8,0,1,0,1,0,0,1,0,0,0,1,2,0,0,0,0,0,0,1,0,1,0,1,0,0,75,1011,10,71,1
0,0,22,2,8,0,0,0,1,0,1.575,0,0,0,1,0,0,0,1,0,0,0,0,1,0,1,0,1,0,0,75,1011,10,73,0
0,0,24,2,8,0,0,0,1,0,1.5,0,0,0,0,0,4,0,0,1,0,0,0,0,0,1,0,1,0,0,75,1011,10,74,0
0,0,23,4,8,0,0,0,1,0,1.525,0,0,0,0,0,4,0,0,1,0,0,0,0,0,1,0,1,0,0,75,1011,10,75,0
0,0,25,3,8,0,0,0,1,0,1.525,0,0,0,1,0,4,0,0,0,0,1,0,0,0,1,0,1,0,1,75,1011,10,76,0
0,0,28,2,8,0,0,0,1,0,1.55,0,0,0,1,0,4,0,0,1,0,0,0,0,0,1,0,1,0,1,75,1011,10,77,0
0,0,23,3,8,0,0,0,1,0,1.6375,0,0,0,0,0,5,0,0,1,0,0,0,0,0,1,0,1,0,1,75,1011,10,78,0
0,0,25,4,8,0,0,0,1,0,1.55,0,0,0,0,0,4,0,0,0,1,0,0,0,0,1,0,1,0,0,75,1011,10,79,0
0,4,31,0,8,0,0,0,0,0,1.55,0,1,0,0,0,4,0,0,0,1,0,0,0,0,1,5.049275,0,0,1,75,1011,10,80,0
1,0,25,2,8,0,0,0,1,0,1.5,0,0,0,0,1,5,0,0,0,0,0,0,1,0,1,0,1,0,1,16,1011,13,208,0
0,0,38,0,8,0,1,0,1,0,1.575,0,1,0,0,1,2,0,0,0,0,0,0,1,0,1,0,1,0,0,79,1011,15,13,1
0,0,32,4,8,0,1,0,1,0,1.525,0,0,0,1,0,1,0,0,0,0,0,0,1,0,1,0,1,0,0,79,1201,10,17,1
0,2,25,4,8,0,0,1,0,0,1.5625,0,0,0,0,0,4,0,0,1,0,0,0,0,0,1,0,1,0,0,75,1201,11,1,0
0,0,38,2,8,0,0,0,1,0,1.55,0,0,0,1,0,2,0,0,0,0,0,0,1,0,1,0,1,0,1,75,1201,11,2,0
0,0,29,4,8,0,0,0,1,0,1.575,0,0,0,0,0,4,0,0,1,0,0,0,0,0,1,0,1,0,0,75,1201,11,3,0
0,0,26,0,8,0,1,0,1,0,1.55,0,1,0,0,1,4,0,0,0,1,1,0,0,0,1,0,1,0,1,75,1201,11,4,0
0,0,26,2,8,0,0,0,1,0,1.55,0,0,0,1,0,4,0,0,0,0,1,0,0,0,1,5.825603,0,0,1,75,1201,11,5,0
1,0,0,2,8,0,0,0,1,1,0,1,0,0,1,0,4,0,0,1,0,0,0,0,0,1,0,1,0,0,75,1201,11,6,0
0,0,22,0,8,0,1,0,1,0,1.475,0,1,0,0,1,1,0,0,0,0,0,0,1,0,1,0,1,0,1,75,1201,11,7,0
0,0,26,0,8,0,1,0,1,0,1.575,0,1,0,1,0,4,0,0,0,0,1,0,0,0,1,4.159452,0,0,0,75,1201,11,8,0
0,4,26,2,8,0,0,0,0,0,1.5,0,0,0,1,0,4,0,0,1,0,0,0,0,0,1,0,1,0,0,75,1201,11,9,0
0,4,28,2,8,0,0,0,0,0,1.55,0,0,0,1,0,4,0,0,1,0,0,0,0,0,1,5.50987,0,0,0,75,1201,11,10,0
0,0,34,4,8,0,1,0,1,0,1.625,0,0,0,1,0,0,0,1,0,0,0,0,1,0,1,5.825603,0,0,0,79,1201,11,143,0
0,2,26,2,8,0,0,1,0,0,1.6,0,0,0,1,0,4,0,0,1,0,0,0,0,0,1,5.825603,0,0,1,67,1201,11,156,0
0,0,23,2,8,0,1,0,1,0,1.575,0,0,0,1,0,4,0,0,1,0,0,0,0,0,1,5.447579,0,0,0,16,1201,11,162,0
0,0,32,2,8,0,1,0,1,0,1.525,0,0,0,0,1,5,0,0,1,0,0,0,0,0,1,5.50987,0,0,1,79,1201,11,176,0
0,4,27,4,8,0,1,0,0,0,1.5,0,0,0,0,1,0,0,1,0,0,0,0,1,0,1,5.50987,0,0,1,75,1201,12,137,0
0,0,31,0,8,0,0,0,1,0,1.625,0,1,0,0,1,2,0,0,1,0,0,0,0,0,1,0,1,0,0,75,1201,12,138,1
0,0,29,0,8,0,0,0,1,0,1.525,0,1,0,0,1,5,0,0,1,0,0,0,0,0,1,0,1,0,0,75,1201,12,138,1
0,0,0,0,8,0,0,0,1,1,0,1,1,0,0,1,0,0,1,0,0,0,0,1,0,1,5.049275,0,0,0,75,1201,12,139,0
0,0,24,2,8,0,0,0,1,0,1.55,0,0,0,0,1,4,0,0,1,0,0,0,0,0,1,0,1,0,0,75,1201,12,140,0
0,0,26,0,8,0,0,0,1,0,1.55,0,1,0,1,0,4,0,0,1,0,0,0,0,0,1,0,1,0,1,75,1201,12,141,0
0,0,26,3,8,0,1,0,1,0,1.55,0,0,0,0,1,5,0,0,1,0,0,0,0,0,1,0,1,0,1,75,1201,12,142,0
0,4,29,5,8,0,0,0,0,0,1.525,0,0,0,0,0,5,0,0,0,0,1,0,0,0,1,0,1,0,1,75,1201,12,143,0
1,4,27,1,8,0,0,0,0,0,1.5,0,0,0,0,1,5,0,0,1,0,0,0,0,0,1,5.50987,0,0,1,75,1310,6,27,0
0,4,28,4,8,0,0,0,0,0,1.575,0,0,0,0,0,4,0,0,1,0,0,0,0,0,1,5.50987,0,0,1,75,1310,6,28,0
0,2,23,2,8,0,0,1,0,0,1.55,0,0,0,1,0,4,0,0,1,0,0,0,0,0,1,0,1,0,0,75,1310,6,29,0
0,0,32,0,8,0,1,0,1,0,1.55,0,1,0,0,1,4,0,0,1,0,0,0,0,0,1,0,1,0,0,75,1310,6,30,0
0,0,32,1,8,0,0,0,1,0,1.55,0,0,0,1,0,1,0,0,0,0,0,0,1,0,1,0,1,0,1,75,1310,6,31,0
0,0,22,1,8,0,0,0,1,0,1.55,0,0,0,1,0,4,0,0,0,0,1,0,0,0,1,0,1,0,0,75,1310,6,32,0
0,0,26,1,8,0,0,0,1,0,1.525,0,0,0,1,0,4,0,0,0,1,0,0,0,0,1,0,1,0,0,75,1310,6,33,0
0,0,24,1,8,0,0,0,1,0,1.6,0,0,0,0,0,4,0,0,0,0,1,0,0,0,1,0,1,0,0,75,1310,6,34,0
0,0,24,1,8,0,0,0,1,0,1.575,0,0,0,0,0,4,0,0,1,0,0,0,0,0,1,0,1,0,1,75,1310,6,35,0
0,0,20,1,8,0,1,0,1,0,1.55,0,0,0,0,0,1,0,0,0,0,0,0,1,0,1,0,1,0,1,75,1310,6,36,0
0,0,30,2,8,0,1,0,1,0,1.55,0,0,0,0,1,5,0,0,1,1,1,0,0,0,1,5.825603,0,1,0,78,1310,6,79,0
0,0,28,4,8,0,0,0,1,0,1.5,0,0,1,0,0,5,0,0,1,0,0,0,0,0,1,0,1,0,1,75,1310,12,42,0
0,0,25,2,8,0,0,0,1,0,1.525,0,0,0,0,0,4,0,0,0,1,0,0,0,0,1,0,1,0,0,75,1310,12,43,0
0,0,28,2,8,0,0,0,1,0,1.55,0,0,1,0,0,4,0,0,1,0,0,0,0,0,1,0,1,1,0,75,1310,12,44,0
0,0,34,2,8,0,0,0,1,0,1.5,0,0,0,1,0,4,0,0,0,1,0,0,0,0,1,0,1,0,1,75,1310,12,45,0
0,0,25,0,8,0,1,0,1,0,1.55,0,1,0,1,0,1,0,0,0,0,0,0,1,0,1,0,1,0,0,75,1310,12,46,0
0,0,29,3,8,0,0,0,1,0,1.575,0,0,0,0,1,1,0,0,0,0,0,0,1,0,1,0,1,0,0,75,1310,12,47,0
0,0,28,2,8,0,1,0,1,0,1.575,0,0,0,0,0,4,0,0,1,0,0,0,0,0,1,0,1,0,0,75,1512,13,100,0
1,0,26,2,8,0,0,0,1,0,1.575,0,0,0,1,0,4,0,0,1,0,0,0,0,0,1,0,1,0,0,75,1512,13,101,0
0,0,23,2,8,0,0,0,1,0,1.55,0,0,0,1,0,4,0,0,1,0,0,0,0,0,1,0,1,0,1,75,1512,13,102,0
1,0,30,0,8,0,0,0,1,0,1.575,0,1,0,0,0,4,0,0,1,0,0,0,0,0,1,0,1,0,1,75,1512,13,103,0
0,0,25,1,8,0,1,0,1,0,1.5625,0,0,1,0,0,4,0,0,1,0,0,0,0,0,1,0,1,1,0,75,1512,13,104,0
0,0,33,0,8,0,0,0,1,0,1.575,0,1,0,1,0,4,0,0,1,0,0,0,0,0,1,0,1,1,0,75,1512,13,105,0
0,0,30,2,8,0,0,0,1,0,1.575,0,0,0,0,0,5,0,0,0,0,1,0,0,0,1,0,1,0,1,75,1512,13,106,0
0,0,30,4,8,0,1,0,1,0,1.5,0,0,0,0,0,4,0,0,0,0,0,0,1,0,1,0,1,0,1,75,1512,13,107,0
0,0,24,2,8,0,0,0,1,0,1.5,0,0,0,0,0,4,0,0,1,0,1,0,0,0,1,0,1,0,0,75,1512,13,108,0
0,0,28,0,8,0,0,0,1,0,1.55,0,1,0,0,0,1,0,0,0,0,0,0,1,0,1,0,1,0,0,75,1512,13,109,0
0,0,34,2,8,0,1,0,1,0,1.525,0,0,0,0,1,4,0,0,1,0,0,0,0,0,1,0,1,0,1,75,1512,13,110,0
0,0,25,4,8,0,0,0,1,0,1.575,0,0,0,0,0,4,0,0,1,0,0,0,0,0,1,0,1,0,0,75,1512,13,111,0
0,0,30,0,8,0,0,0,1,0,1.55,0,1,0,0,0,1,0,0,0,0,0,0,1,0,1,0,1,0,0,75,1512,13,112,0
0,2,24,4,8,0,0,1,0,0,1.6,0,0,0,0,1,0,0,1,0,0,0,0,1,0,1,0,1,0,0,75,1512,13,113,0
0,2,25,2,8,0,0,1,0,0,1.6,0,0,0,0,0,5,0,0,1,0,0,0,0,0,1,0,1,0,1,75,1512,13,114,0
0,0,31,2,8,0,0,0,1,0,1.55,0,0,0,0,1,4,0,0,1,0,0,0,0,0,1,0,1,0,0,75,1512,13,87,0
0,0,27,0,8,0,1,0,1,0,1.625,0,1,0,0,0,6,0,0,0,1,1,0,0,0,1,0,1,0,0,75,1512,13,88,0
0,0,27,2,8,0,1,0,1,0,1.5,0,0,1,0,0,2,0,0,0,0,0,0,1,0,1,0,1,0,0,16,1512,13,89,0
0,0,29,0,8,0,0,0,1,0,1.525,0,1,0,1,0,0,0,1,0,0,0,0,1,0,1,5.049275,0,1,0,75,1512,13,90,0
0,0,27,0,8,0,1,0,1,0,1.525,0,1,0,1,0,4,0,0,0,0,0,0,1,0,1,0,1,0,0,75,1512,13,91,0
0,0,27,2,8,0,0,0,1,0,1.5625,0,0,0,0,0,5,0,0,1,0,0,0,0,0,1,0,1,0,0,75,1512,13,92,0
1,0,31,0,8,0,0,0,1,0,1.525,0,1,0,0,0,5,0,0,1,0,0,0,0,0,1,5.50987,0,0,1,75,1512,13,93,0
0,0,25,2,8,0,0,0,1,0,1.55,0,0,0,0,0,4,0,0,0,0,0,0,1,0,1,0,1,0,1,75,1512,13,94,0
0,0,25,4,8,0,0,0,1,0,1.5,0,0,0,0,1,4,0,0,1,0,0,0,0,0,1,0,1,0,0,75,1512,13,95,0
0,0,24,4,8,0,0,0,1,0,1.55,0,0,0,0,1,4,0,0,0,0,1,0,0,0,1,0,1,0,0,75,1512,13,96,0
0,0,26,4,8,0,1,0,1,0,1.55,0,0,0,0,0,4,0,0,1,0,0,0,0,0,1,0,1,0,0,75,1512,13,97,0
0,0,28,0,8,0,0,0,1,0,1.5875,0,1,0,0,0,1,0,0,0,0,0,0,1,0,1,0,1,0,1,75,1512,13,98,0
0,0,24,2,8,0,0,0,1,0,1.5,0,0,0,0,0,0,0,1,0,0,0,0,1,0,1,0,1,1,0,75,1512,13,99,0
0,0,26,2,8,0,0,0,1,0,1.625,0,0,0,0,0,6,0,0,0,0,0,0,1,0,1,0,1,0,1,75,1512,14,73,0
0,0,0,0,8,0,1,0,1,1,0,1,1,0,0,1,4,0,0,1,0,0,0,0,0,1,0,1,0,1,16,1512,15,69,0
0,0,30,2,8,0,0,0,1,0,1.575,0,0,1,0,0,4,0,0,1,0,0,0,0,0,1,0,1,0,1,75,1602,13,128,0
0,0,26,2,8,0,0,0,1,0,1.5,0,0,0,1,0,4,0,0,0,0,0,0,1,0,1,0,1,0,1,75,1602,13,129,0
0,0,26,2,8,0,0,0,1,0,1.575,0,0,0,1,0,4,0,0,1,0,0,0,0,0,1,0,1,0,1,75,1602,13,130,0
0,4,26,0,8,0,0,0,0,0,1.6,0,1,0,1,0,4,0,0,1,0,0,0,0,0,1,0,1,0,1,75,1602,13,131,0
0,0,28,0,8,0,0,0,1,0,1.575,0,1,0,0,0,0,0,1,0,0,1,0,0,0,1,0,1,0,1,75,1602,13,132,0
0,0,22,3,8,0,0,0,1,0,1.475,0,0,0,1,0,4,0,0,0,1,0,0,0,0,1,0,1,0,1,75,1602,13,133,0
0,0,33,2,8,0,1,0,1,0,1.55,0,0,0,0,1,0,0,1,0,0,0,0,1,0,1,5.825603,0,0,0,75,1602,13,134,0
1,0,26,2,8,0,0,0,1,0,1.575,0,0,0,1,0,4,0,0,0,0,0,0,1,0,1,0,1,0,1,75,1602,13,135,0
1,0,27,4,8,0,0,0,1,0,1.525,0,0,0,0,0,4,0,0,1,0,0,0,0,0,1,0,1,0,0,75,1602,13,136,0
0,0,26,0,8,0,0,0,1,0,1.525,0,1,0,0,1,4,0,0,0,0,1,0,0,0,1,0,1,0,1,75,1602,13,137,0
0,0,27,0,8,0,0,0,1,0,1.575,0,1,0,1,0,4,0,0,1,0,0,0,0,0,1,0,1,0,0,75,1602,13,138,0
0,0,24,2,8,0,0,0,1,0,1.6,0,0,0,1,0,4,0,0,0,0,1,0,0,0,1,0,1,0,0,75,1602,13,139,0
0,0,30,0,8,0,1,0,1,0,1.5625,0,1,0,1,0,4,0,0,1,0,0,0,0,0,1,0,1,0,0,75,1602,13,140,0
0,0,25,0,8,0,0,0,1,0,1.6,0,1,0,1,0,5,0,0,0,0,1,0,0,0,1,5.794884,0,0,0,75,1602,13,141,0
0,0,28,2,8,0,0,0,1,0,1.5,0,0,0,1,0,5,0,0,1,0,0,0,0,0,1,0,1,0,0,75,1602,13,143,0
0,0,25,0,8,0,0,0,1,0,1.6,0,1,0,1,0,6,0,0,0,0,1,0,0,0,1,6.094067,0,0,1,75,1602,13,144,0
0,0,24,2,8,0,0,0,1,0,1.5,0,0,0,1,0,2,0,0,1,0,0,0,0,0,1,0,1,0,1,75,1602,13,145,0
0,0,25,4,8,0,0,0,1,0,1.5,0,0,0,0,0,5,0,0,1,0,0,0,0,0,1,5.50987,0,0,0,75,1602,13,146,0
0,0,26,0,8,0,1,0,1,0,1.55,0,1,0,1,0,4,0,0,1,0,0,0,0,0,1,0,1,0,0,75,1602,13,147,0
0,0,25,2,8,0,0,0,1,0,1.5,0,0,0,1,0,4,0,0,0,0,1,0,0,0,1,0,1,0,1,75,1602,13,148,0
0,0,28,0,8,0,1,0,1,0,1.5875,0,1,0,1,0,5,0,0,0,0,1,0,0,0,1,0,1,0,0,75,1602,13,149,0
0,0,25,2,8,0,0,0,1,0,1.55,0,0,0,0,0,6,0,0,1,0,1,0,0,0,1,0,1,0,0,75,1602,13,150,0
0,0,24,4,8,0,0,0,1,0,1.575,0,0,0,1,0,5,0,0,0,0,1,0,0,0,1,0,1,0,0,75,1602,13,151,0
1,0,28,0,8,0,0,0,1,0,1.5625,0,1,0,0,1,5,0,0,0,0,1,0,0,0,1,0,1,0,0,75,1602,13,152,0
0,0,28,2,8,0,1,0,1,0,1.55,0,0,0,1,0,5,0,0,1,0,0,0,0,0,1,5.50987,0,0,0,79,1602,13,153,0
0,4,30,5,8,0,0,0,0,0,1.55,0,0,0,0,0,4,0,0,0,0,1,0,0,0,1,5.50987,0,0,0,79,1602,13,154,0
0,0,24,3,8,0,0,0,1,0,1.575,0,0,0,0,1,0,0,1,1,0,0,0,0,0,1,0,1,0,0,75,1602,13,155,0
0,0,28,2,8,0,0,0,1,0,1.525,0,0,0,1,0,2,0,0,1,0,0,0,0,0,1,0,1,0,1,75,1602,13,156,0
0,0,26,2,8,0,1,0,1,0,1.5,0,0,0,1,0,5,0,0,1,0,0,0,0,0,1,0,1,0,0,75,1602,13,157,0
0,0,27,2,8,0,0,0,1,0,1.525,0,0,0,1,0,5,0,0,1,0,0,0,0,0,1,0,1,0,1,75,1602,13,158,0
0,0,27,2,8,0,0,0,1,0,1.575,0,0,0,1,0,4,0,0,0,0,0,0,1,0,1,0,1,0,1,75,1602,13,159,0
0,0,27,2,8,0,0,0,1,0,1.5,0,0,0,0,1,0,0,1,0,0,0,0,1,0,1,0,1,0,0,75,1602,13,160,0
0,0,27,3,8,0,0,0,1,0,1.55,0,0,0,1,0,1,0,0,0,0,0,0,1,0,1,0,1,0,0,75,1602,13,161,0
0,4,30,2,8,0,0,0,0,0,1.5,0,0,0,1,0,4,0,0,0,0,0,0,1,0,1,5.50987,0,0,0,75,1602,13,162,0
0,0,31,4,8,0,0,0,1,0,1.55,0,0,0,1,0,2,0,0,1,0,0,0,0,0,1,0,1,0,1,75,1602,13,163,0
0,0,21,2,8,0,1,0,1,0,1.525,0,0,0,0,1,2,0,0,0,0,0,0,1,0,1,0,1,0,0,75,1602,13,164,0
0,0,26,2,8,0,1,0,1,0,1.5,0,0,0,1,0,4,0,0,1,0,0,0,0,0,1,0,1,0,0,75,1602,13,165,0
0,0,24,0,8,0,1,0,1,0,1.525,0,1,0,1,0,4,0,0,1,0,0,0,0,0,1,0,1,0,1,75,1602,13,166,0
0,4,27,4,8,0,0,0,0,0,1.5,0,0,0,1,0,5,0,0,1,0,0,0,0,0,1,5.50987,0,0,0,75,1602,13,167,0
0,0,27,0,8,0,0,0,1,0,1.575,0,1,0,1,0,4,0,0,1,0,0,0,0,0,1,0,1,0,0,75,1602,13,168,0
0,0,28,4,8,0,1,0,1,0,1.5,0,0,0,0,1,4,0,0,0,0,1,0,0,0,1,5.049275,0,0,0,75,1602,13,169,0
0,0,27,3,8,0,0,0,1,0,1.525,0,0,0,1,0,5,0,0,1,0,0,0,0,0,1,0,1,0,0,75,1602,13,170,0
0,0,23,1,8,0,0,0,1,0,1.575,0,0,0,1,0,5,0,0,1,0,0,0,0,0,1,0,1,0,1,75,1602,13,171,0
1,5,25,2,8,0,0,0,0,0,1.575,0,0,0,1,0,5,0,0,0,0,1,0,0,0,1,5.794884,0,0,0,75,1602,13,172,0
0,0,27,2,8,0,1,0,1,0,1.45,0,0,0,0,0,4,0,0,1,0,0,0,0,0,1,0,1,0,0,75,1602,13,173,0
1,0,27,2,8,0,0,0,1,0,1.55,0,0,0,0,0,5,0,0,0,0,1,0,0,0,1,0,1,0,1,75,1602,13,174,0
0,0,25,2,8,0,0,0,1,0,1.525,0,0,0,1,0,4,0,0,1,0,0,0,0,0,1,0,1,0,1,17,1602,14,15,0
0,0,30,2,8,0,1,0,1,0,1.575,0,0,0,0,1,0,0,1,0,0,0,0,1,0,1,5.50987,0,0,1,79,1602,14,31,0
0,0,21,2,8,0,0,0,1,0,1.525,0,0,0,0,1,0,0,1,1,0,0,0,0,0,1,0,1,0,0,16,1602,14,44,0
0,0,28,4,8,0,1,0,1,0,1.625,0,0,0,1,0,2,0,0,0,0,0,0,1,0,1,0,1,0,1,67,1602,14,53,0
0,0,24,0,8,0,1,0,1,0,1.5,0,1,0,1,0,5,0,0,1,0,0,0,0,0,1,5.50987,0,0,1,79,1602,14,89,0
0,4,32,2,8,0,0,0,0,0,1.525,0,0,0,1,0,4,0,0,0,0,1,0,0,0,1,5.049275,0,0,1,67,1602,14,96,0
0,0,32,0,8,0,1,0,1,0,1.475,0,1,0,1,0,5,0,0,1,0,0,0,0,0,1,5.50987,0,0,1,79,1603,13,34,0
0,0,30,2,8,0,1,0,1,0,1.5,0,0,0,1,0,5,0,0,1,0,1,0,0,0,1,0,1,0,1,79,1603,13,39,0
0,0,20,3,8,0,1,0,1,0,1.55,0,0,0,0,1,0,0,1,1,0,0,0,0,0,1,0,1,0,1,79,1603,13,43,0
1,0,23,2,8,0,0,0,1,0,1.575,0,0,0,1,0,5,0,0,1,0,0,0,0,0,1,0,1,0,0,79,1603,13,49,0
0,0,24,3,8,0,0,0,1,0,1.525,0,0,0,1,0,0,0,1,0,1,0,0,0,0,1,0,1,0,1,75,1603,13,57,0
0,3,22,2,8,0,0,0,0,0,1.625,0,0,0,1,0,4,0,0,0,1,0,0,0,0,1,0,1,0,0,75,1603,14,10,0
0,2,26,2,8,0,1,1,0,0,1.55,0,0,0,1,0,4,0,0,0,0,1,0,0,0,1,0,1,0,1,75,1603,14,11,0
0,0,30,3,8,0,0,0,1,0,1.5,0,0,0,1,0,5,0,0,1,0,0,0,0,0,1,5.50987,0,0,0,75,1603,14,12,0
0,0,28,2,8,0,0,0,1,0,1.525,0,0,0,1,0,4,0,0,0,0,0,0,1,0,1,0,1,0,0,75,1603,14,13,0
0,0,23,2,8,0,0,0,1,0,1.575,0,0,0,1,0,0,0,1,1,0,0,0,0,0,1,0,1,1,0,75,1603,14,14,0
0,0,23,3,8,0,1,0,1,0,1.575,0,0,0,0,1,0,0,1,1,0,0,0,0,0,1,0,1,0,0,75,1603,14,15,0
0,0,26,3,8,0,0,0,1,0,1.575,0,0,0,1,0,2,0,0,0,0,0,0,1,0,1,0,1,0,0,75,1603,14,16,0
0,0,26,2,8,0,0,0,1,0,1.55,0,0,0,0,1,4,0,0,1,0,0,0,0,0,1,0,1,0,1,75,1603,14,17,0
0,0,25,2,8,0,0,0,1,0,1.6,0,0,0,1,0,0,0,1,0,0,0,1,0,0,1,0,1,0,0,75,1603,14,18,0
0,0,28,2,8,0,0,0,1,0,1.55,0,0,0,1,0,3,0,0,1,0,0,0,0,0,1,0,1,0,0,75,1603,14,19,0
1,0,26,2,8,0,0,0,1,0,1.525,0,0,0,1,0,4,0,0,0,0,0,0,1,0,1,0,1,0,0,75,1603,14,20,0
0,0,0,2,8,0,1,0,1,1,0,1,0,0,1,0,4,0,0,1,0,0,0,0,0,1,0,1,0,0,75,1603,14,21,0
0,0,21,2,8,0,0,0,1,0,1.55,0,0,0,1,0,0,0,1,0,0,1,0,0,0,1,0,1,0,0,75,1603,14,22,0
1,0,25,0,8,0,0,0,1,0,1.5,0,1,0,1,0,0,0,1,0,0,0,0,1,0,1,4.91469,0,0,0,75,1603,14,23,0
0,0,28,2,8,0,0,0,1,0,1.55,0,0,0,1,0,4,0,0,1,0,0,0,0,0,1,0,1,0,0,75,1603,14,24,0
0,0,29,3,8,0,1,0,1,0,1.525,0,0,0,1,0,4,0,0,1,0,0,0,0,0,1,5.825603,0,0,1,75,1603,14,25,0
0,0,26,2,8,0,1,0,1,0,1.525,0,0,0,1,0,5,0,0,0,0,1,0,0,0,1,0,1,0,1,75,1603,14,26,0
0,0,30,0,8,0,1,0,1,0,1.5,0,1,0,1,0,5,0,0,1,0,1,0,0,0,1,5.50987,0,0,1,75,1603,14,27,0
0,0,22,3,8,0,1,0,1,0,1.55,0,0,0,0,1,4,0,0,0,0,0,0,1,0,1,0,1,0,1,75,1711,10,1,0
1,0,22,1,8,0,0,0,1,0,1.525,0,0,0,0,1,0,0,1,0,0,0,0,1,0,1,0,1,0,1,16,1711,10,4,0
0,0,21,0,8,0,0,0,1,0,1.5,0,1,0,0,0,1,0,0,0,0,0,0,1,0,1,0,1,0,0,67,1711,10,51,0
0,4,20,0,8,0,0,0,0,0,1.625,0,1,0,0,1,2,0,0,0,0,0,0,1,0,1,0,1,0,1,67,1711,10,78,0
0,0,23,0,8,0,1,0,1,0,1.55,0,1,0,1,0,4,0,0,1,0,0,0,0,0,1,0,1,0,0,75,1711,13,179,0
0,0,23,3,8,0,0,0,1,0,1.525,0,0,0,0,1,4,0,0,0,0,0,0,1,0,1,0,1,0,0,75,1711,13,180,0
0,0,24,3,8,0,0,0,1,0,1.6,0,0,0,1,0,4,0,0,0,0,0,0,1,0,1,0,1,0,0,75,1711,13,181,0
0,0,27,3,8,0,0,0,1,0,1.5,0,0,0,0,1,4,0,0,0,0,0,0,1,0,1,0,1,0,0,75,1711,13,182,0
0,0,26,2,8,0,0,0,1,0,1.525,0,0,0,1,0,4,0,0,0,0,0,0,1,0,1,0,1,0,0,75,1711,13,183,0
1,0,26,0,8,0,0,0,1,0,1.525,0,1,0,1,0,1,0,0,0,0,0,0,1,0,1,0,1,0,0,75,1711,13,184,0
0,0,18,4,8,0,0,0,1,0,1.65,0,0,0,1,0,2,0,0,1,0,0,0,0,0,1,0,1,0,0,75,1711,13,185,0
0,0,26,0,8,0,0,0,1,0,1.6,0,1,1,0,0,1,0,0,0,0,0,0,1,0,1,0,1,0,0,75,1711,13,186,0
0,0,32,3,8,0,0,0,1,0,1.55,0,0,0,1,0,4,0,0,0,0,0,0,1,0,1,0,1,0,0,75,1711,13,187,0
0,0,26,2,8,0,0,0,1,0,1.55,0,0,0,1,0,4,0,0,0,0,0,0,1,0,1,0,1,0,1,75,1711,13,188,0
0,0,24,2,8,0,0,0,1,0,1.575,0,0,0,1,0,5,0,0,0,0,0,0,1,0,1,0,1,0,0,75,1711,13,189,0
0,4,25,2,8,0,0,0,0,0,1.55,0,0,0,0,1,5,0,0,0,0,0,0,1,0,1,5.50987,0,0,1,75,1711,13,190,0
0,0,33,2,8,0,0,0,1,0,1.55,0,0,0,1,0,4,0,0,0,0,0,0,1,0,1,0,1,0,1,75,1711,13,192,0
0,0,29,3,8,0,1,0,1,0,1.55,0,0,0,0,1,5,0,0,0,0,0,0,1,0,1,5.50987,0,0,1,75,1711,13,193,0
0,0,30,0,8,0,0,0,1,0,1.55,0,1,0,1,0,4,0,0,0,0,0,0,1,0,1,0,1,0,0,75,1711,13,194,0
0,0,27,2,8,0,1,0,1,0,1.525,0,0,0,0,0,5,0,0,1,0,0,0,0,0,1,0,1,0,0,75,1711,13,196,0
0,0,29,2,8,0,1,0,1,0,1.625,0,0,0,1,0,4,0,0,0,0,0,0,1,0,1,0,1,0,0,75,1711,13,197,0
0,2,24,0,8,0,0,1,0,0,1.65,0,1,0,1,0,4,0,0,0,0,0,0,1,0,1,0,1,0,0,75,1711,13,198,0
0,0,26,2,8,0,1,0,1,0,1.525,0,0,0,1,0,5,0,0,0,0,0,0,1,0,1,0,1,0,0,75,1711,13,199,0
0,0,27,2,8,0,0,0,1,0,1.525,0,0,0,1,0,4,0,0,0,0,0,0,1,0,1,0,1,0,1,75,1711,13,200,0
0,0,23,1,8,0,0,0,1,0,1.575,0,0,0,1,0,1,0,0,0,0,0,0,1,0,1,0,1,0,0,75,1711,13,201,0
0,0,43,0,8,0,0,0,1,0,1.55,0,1,0,0,1,0,0,1,0,0,0,0,1,9.4572,0,0,1,0,1,75,1711,13,202,0
0,0,25,1,8,0,0,0,1,0,1.5625,0,0,0,1,0,4,0,0,0,0,0,0,1,0,1,0,1,0,0,75,1711,13,203,0
0,0,24,2,8,0,0,0,1,0,1.625,0,0,1,0,0,4,0,0,0,0,0,0,1,0,1,5.308418,0,0,0,75,1711,13,204,0
0,0,24,2,8,0,0,0,1,0,1.5625,0,0,1,0,0,0,0,1,1,0,0,0,0,0,1,0,1,0,0,75,1711,13,205,0
0,0,28,2,8,0,0,0,1,0,1.5625,0,0,0,1,0,6,0,0,0,0,1,0,0,0,1,6.094067,0,0,1,75,1711,13,206,0
0,0,28,0,8,0,0,0,1,0,1.525,0,1,0,1,0,4,0,0,0,0,0,0,1,0,1,0,1,0,1,75,1711,13,207,0
0,0,19,2,8,0,0,0,1,0,1.525,0,0,0,1,0,2,0,0,0,0,0,0,1,0,1,0,1,0,1,75,1711,13,208,0
0,0,25,2,8,0,0,0,1,0,1.575,0,0,0,1,0,0,0,1,0,0,0,0,1,0,1,0,1,0,1,75,1711,13,209,0
0,5,26,2,8,0,0,0,0,0,1.55,0,0,0,1,0,0,0,1,0,0,0,0,1,0,1,4.710353,0,0,0,75,1711,13,210,0
0,2,26,2,8,0,0,1,0,0,1.625,0,0,0,0,0,5,0,0,1,0,0,0,0,0,1,0,1,0,1,75,1711,13,211,0
1,0,28,2,8,0,0,0,1,0,1.55,0,0,0,1,0,4,0,0,0,0,0,0,1,0,1,0,1,0,1,16,1711,14,217,0
0,0,28,3,8,0,1,0,1,0,0,1,0,0,0,1,0,0,1,0,0,0,0,1,0,1,0,1,0,1,16,1711,14,220,0
0,0,36,0,8,0,1,0,1,0,1.55,0,1,0,1,0,5,0,0,1,0,0,0,0,0,1,0,1,0,1,16,1901,11,21,0
1,0,31,3,8,0,0,0,1,0,1.55,0,0,0,0,1,4,0,0,1,0,0,0,0,0,1,0,1,0,1,79,1901,11,25,0
0,0,32,0,8,0,1,0,1,0,0,1,1,0,0,1,2,0,0,0,0,0,0,1,0,1,0,1,0,0,75,1901,13,61,0
0,0,28,3,8,0,0,0,1,0,1.5,0,0,0,0,0,4,0,0,1,0,0,0,0,0,1,0,1,0,0,75,1901,13,62,0
0,0,24,2,8,0,0,0,1,0,1.55,0,0,0,0,0,1,0,0,1,0,0,0,0,0,1,0,1,0,0,75,1901,13,63,0
0,0,26,2,8,0,0,0,1,0,1.5,0,0,0,0,0,5,0,0,1,0,0,0,0,0,1,0,1,0,1,75,1901,13,64,0
0,2,31,2,8,0,0,1,0,0,1.525,0,0,0,0,1,4,0,0,1,0,0,0,0,0,1,0,1,0,0,75,1901,13,65,0
0,0,32,2,8,0,1,0,1,0,1.6,0,0,0,0,0,4,0,0,0,0,1,0,0,0,1,5.825603,0,0,1,75,1901,13,66,0
0,0,29,2,8,0,0,0,1,0,1.6,0,0,0,1,0,4,0,0,1,0,0,0,0,0,1,5.825603,0,0,0,75,1901,13,67,0
0,0,25,2,8,0,0,0,1,0,1.5875,0,0,0,0,1,5,0,0,0,0,1,0,0,0,1,0,1,0,0,75,1901,13,68,0
0,0,32,4,8,0,0,0,1,0,1.55,0,0,0,0,1,2,0,0,1,0,0,0,0,0,1,5.825603,0,0,1,75,1901,13,69,0
0,0,26,0,8,0,0,0,1,0,1.55,0,1,0,0,1,4,0,0,1,0,0,0,0,0,1,0,1,0,0,75,1901,13,70,0
0,0,30,2,8,0,0,0,1,0,1.5,0,0,0,0,0,4,0,0,0,1,0,0,0,0,1,5.50987,0,0,1,75,1901,13,72,0
0,0,25,4,8,0,0,0,1,0,1.575,0,0,0,0,0,2,0,0,0,0,0,0,1,0,1,0,1,0,1,75,1901,13,73,0
0,0,32,2,8,0,1,0,1,0,1.525,0,0,0,1,0,0,0,1,0,0,0,0,1,0,1,5.825603,0,0,1,75,1901,13,74,0
0,0,27,2,8,0,1,0,1,0,1.5,0,0,0,0,0,6,0,0,0,1,0,0,0,0,1,0,1,0,0,75,1901,13,75,0
0,0,21,2,8,0,0,0,1,0,1.5,0,0,0,0,0,1,0,0,0,0,0,0,1,0,1,0,1,0,1,75,1901,13,76,0
0,0,34,3,8,0,0,0,1,0,1.475,0,0,0,0,1,0,0,1,0,0,0,0,1,0,1,5.50987,0,0,0,75,1901,13,77,0
0,0,29,2,8,0,1,0,1,0,1.55,0,0,0,0,0,4,0,0,0,0,1,0,0,8.006368,0,0,1,0,1,75,1901,13,78,0
0,0,31,4,8,0,0,0,1,0,1.575,0,0,0,0,0,4,0,0,1,0,0,0,0,0,1,0,1,0,1,75,1901,13,79,0
0,0,23,0,8,0,1,0,1,0,1.575,0,1,0,0,1,5,0,0,0,0,1,0,0,0,1,0,1,0,1,75,1901,13,80,0
0,0,25,2,8,0,0,0,1,0,1.475,0,0,0,0,0,5,0,0,1,0,0,0,0,0,1,0,1,0,0,75,1901,13,81,0
0,0,24,2,8,0,0,0,1,0,1.55,0,0,0,0,1,4,0,0,1,0,0,0,0,0,1,0,1,1,0,75,1901,13,82,0
0,0,27,2,8,0,0,0,1,0,1.625,0,0,0,0,0,4,0,0,1,0,0,0,0,0,1,0,1,0,1,79,1901,13,83,0
0,0,26,4,8,0,0,0,1,0,1.5,0,0,0,0,0,5,0,0,0,0,1,0,0,0,1,0,1,0,0,75,1901,13,84,0
0,0,27,4,8,0,0,0,1,0,1.525,0,0,0,0,0,4,0,0,1,0,0,0,0,0,1,0,1,0,0,75,1901,13,85,0
0,0,26,4,8,0,0,0,1,0,1.5,0,0,0,0,1,4,0,0,0,0,1,0,0,0,1,0,1,0,0,75,1901,13,86,0
0,0,32,4,8,0,0,0,1,0,1.575,0,0,0,1,0,4,0,0,0,0,0,0,1,0,1,0,1,0,0,75,1901,13,87,0
0,0,26,4,8,0,1,0,1,0,1.575,0,0,0,0,0,0,0,1,0,0,0,0,1,0,1,0,1,0,0,75,1901,13,88,0
0,0,26,4,8,0,1,0,1,0,1.575,0,0,0,0,0,4,0,0,1,0,0,0,0,0,1,0,1,0,0,75,1901,13,90,0
0,0,24,0,8,0,1,0,1,0,1.575,0,1,0,0,0,2,0,0,1,0,0,0,0,0,1,0,1,0,0,75,1901,13,91,0
0,0,29,2,8,0,0,0,1,0,1.5,0,0,0,0,0,5,0,0,1,0,0,0,0,9.21034,0,0,1,0,0,75,1901,13,92,0
0,0,28,2,8,0,0,0,1,0,1.55,0,0,0,0,0,4,0,0,1,0,0,0,0,0,1,0,1,0,1,75,1901,13,93,0
0,0,27,0,8,0,1,0,1,0,1.55,0,1,0,0,1,6,0,0,0,0,1,0,0,0,1,0,1,0,1,75,1901,13,94,0
1,0,24,2,8,0,0,0,1,0,1.575,0,0,0,1,0,4,0,0,0,0,0,0,1,0,1,0,1,0,1,79,1901,15,53,0
0,0,32,3,8,0,0,0,1,0,1.575,0,0,0,1,0,5,0,0,1,0,0,0,0,0,1,5.50987,0,0,0,79,1901,15,54,0
0,0,37,4,8,0,1,0,1,0,1.55,0,0,0,0,1,5,0,0,1,0,0,0,0,0,1,0,1,0,1,17,1901,15,68,0
0,0,23,2,8,0,0,0,1,0,1.5,0,0,0,0,1,4,0,0,0,0,0,0,1,0,1,0,1,0,1,79,1901,15,70,0
0,0,25,0,8,0,0,0,1,0,1.55,0,1,0,1,0,4,0,0,0,0,0,0,1,0,1,0,1,0,0,75,2010,6,81,0
0,0,26,4,8,0,0,0,1,0,1.5,0,0,0,0,1,4,0,0,0,0,1,0,0,0,1,0,1,0,0,75,2010,6,82,0
0,0,31,2,8,0,0,0,1,0,1.525,0,0,0,1,0,2,0,0,0,0,0,0,1,0,1,0,1,0,1,75,2010,6,83,0
0,0,35,2,8,0,0,0,1,0,1.625,0,0,0,1,0,5,0,0,1,0,1,0,0,0,1,0,1,0,0,75,2010,6,84,0
0,0,28,2,8,0,1,0,1,0,1.575,0,0,0,1,0,4,0,0,1,0,0,0,0,0,1,0,1,0,1,79,2010,6,85,0
0,0,25,2,8,0,0,0,1,0,1.55,0,0,0,0,1,5,0,0,1,0,0,0,0,0,1,0,1,0,0,75,2010,6,86,0
0,0,22,3,8,0,0,0,1,0,1.6,0,0,0,0,1,0,0,1,1,0,0,0,0,0,1,0,1,0,0,75,2010,6,87,0
0,0,28,0,8,0,0,0,1,0,1.55,0,1,0,0,1,2,0,0,0,0,1,0,0,0,1,5.049275,0,0,0,75,2010,6,88,0
0,0,28,0,8,0,1,0,1,0,1.5,0,1,0,1,0,4,0,0,0,0,0,0,1,0,1,0,1,0,1,75,2010,6,89,0
0,0,22,0,8,0,0,0,1,0,1.6,0,1,1,0,0,5,0,0,1,0,0,0,0,0,1,0,1,0,0,75,2010,6,90,0
0,0,28,4,8,0,1,0,1,0,1.575,0,0,0,0,1,4,0,0,1,0,0,0,0,0,1,0,1,0,1,16,2010,12,38,0
0,4,28,4,8,0,1,0,0,0,1.55,0,0,0,1,0,4,0,0,1,0,0,0,0,0,1,6.093101,0,0,1,78,2212,12,135,0
1,2,32,0,8,0,0,1,0,0,1.5625,0,1,0,0,1,6,0,0,0,0,1,0,0,0,1,0,1,0,1,75,2212,13,36,0
0,4,36,2,8,0,0,0,0,0,1.55,0,0,0,0,1,4,0,0,1,0,0,0,0,0,1,5.825603,0,0,0,75,2212,13,37,0
0,0,23,2,8,0,1,0,1,0,1.55,0,0,0,1,0,2,0,0,0,0,0,0,1,0,1,0,1,1,0,75,2212,13,38,0
0,0,23,2,8,0,0,0,1,0,1.6,0,0,0,1,0,4,0,0,1,0,0,0,0,0,1,0,1,0,0,75,2212,13,39,0
0,0,30,4,8,0,0,0,1,0,1.5,0,0,0,0,1,4,0,0,1,0,0,0,0,0,1,0,1,0,0,75,2212,13,40,0
0,0,24,2,8,0,1,0,1,0,1.55,0,0,0,0,1,4,0,0,0,0,1,0,0,0,1,0,1,0,0,75,2212,13,41,0
0,2,25,0,8,0,1,1,0,0,1.55,0,1,0,0,1,4,0,0,0,0,1,0,0,0,1,5.049275,0,0,0,75,2212,13,42,0
0,0,32,0,8,0,1,0,1,0,1.55,0,1,0,0,1,5,0,0,1,0,0,0,0,0,1,5.50987,0,0,1,75,2212,13,43,0
0,0,27,2,8,0,0,0,1,0,1.55,0,0,0,0,1,5,0,0,0,0,1,0,0,0,1,0,1,0,1,75,2212,13,44,0
0,0,33,4,8,0,0,0,1,0,1.55,0,0,0,0,1,2,0,0,0,0,0,0,1,0,1,5.049275,0,0,1,75,2212,13,45,0
0,0,46,0,8,0,0,0,1,0,0,1,1,0,0,1,4,0,0,1,0,0,0,0,0,1,0,1,0,0,75,2212,13,46,0
0,0,24,2,8,0,0,0,1,0,1.5,0,0,0,0,1,5,0,0,0,1,0,0,0,0,1,5.50987,0,0,0,75,2212,13,48,0
0,0,25,0,8,0,1,0,1,0,0,1,1,0,1,0,6,0,0,0,0,1,0,0,0,1,0,1,0,1,75,2212,13,49,0
0,0,26,2,8,0,0,0,1,0,1.6,0,0,0,1,0,5,0,0,1,0,0,0,0,0,1,5.50987,0,0,1,75,2212,13,51,0
0,0,27,0,8,0,1,0,1,0,1.575,0,1,0,0,1,5,0,0,1,0,0,0,0,0,1,0,1,0,1,16,2212,16,40,0
0,0,25,2,8,0,1,0,1,0,1.575,0,0,0,0,1,4,0,0,1,0,0,0,0,0,1,0,1,0,1,75,2212,16,49,0
1,0,22,1,8,0,0,0,1,0,1.55,0,0,0,0,1,4,0,0,1,0,0,0,0,0,1,0,1,0,1,17,2212,16,55,0
1,0,22,1,8,0,0,0,1,0,1.55,0,0,0,0,1,4,0,0,1,0,0,0,0,0,1,0,1,0,1,17,2212,16,56,0
1,0,25,2,8,0,0,0,1,0,1.525,0,0,1,0,0,1,0,0,0,0,1,0,0,0,1,0,1,0,1,16,2212,16,69,0
1,0,26,2,8,0,0,0,1,0,1.575,0,0,0,1,0,5,0,0,1,0,0,0,0,0,1,0,1,0,1,16,2212,16,70,0
1,0,19,2,8,0,0,0,1,0,1.55,0,0,0,1,0,4,0,0,1,0,0,0,0,0,1,0,1,0,1,16,2212,16,71,0
0,0,29,0,8,0,1,0,1,0,0,1,1,0,0,1,5,0,0,1,0,0,0,0,0,1,5.50987,0,0,1,79,2302,11,31,0
1,0,25,2,8,0,0,0,1,0,1.6,0,0,0,0,0,5,0,0,1,0,0,0,0,0,1,0,1,0,1,79,2302,11,33,0
0,0,21,2,8,0,1,0,1,0,1.625,0,0,1,0,0,6,0,0,0,0,0,0,1,0,1,0,1,0,1,79,2302,11,35,0
0,4,27,4,8,0,0,0,0,0,1.575,0,0,0,0,0,5,0,0,0,0,1,0,0,0,1,5.50987,0,0,0,79,2302,11,38,0
1,0,22,2,8,0,0,0,1,0,1.525,0,0,0,0,0,5,0,0,1,0,0,0,0,0,1,0,1,0,1,16,2302,11,50,0
0,0,27,2,8,0,1,0,1,0,1.55,0,0,0,0,0,5,0,0,1,0,0,0,0,0,1,0,1,0,0,67,2302,11,58,0
0,4,33,2,8,0,0,0,0,0,1.575,0,0,0,0,0,5,0,0,0,0,1,0,0,0,1,6.176106,0,0,0,79,2302,11,59,0
1,0,25,2,8,0,0,0,1,0,1.6,0,0,0,0,0,5,0,0,1,0,0,0,0,0,1,0,1,0,1,16,2302,11,60,0
1,0,26,2,8,0,0,0,1,0,1.5,0,0,0,1,0,4,0,0,1,0,0,0,0,0,1,0,1,0,0,16,2302,11,69,0
1,0,25,4,8,0,0,0,1,0,1.575,0,0,0,0,0,4,0,0,1,0,0,0,0,0,1,0,1,0,1,79,2302,12,75,0
1,0,50,5,8,0,0,0,1,0,1.575,0,0,0,0,1,0,0,1,0,0,0,0,1,0,1,0,1,0,0,79,2302,12,81,0
0,0,34,0,8,0,0,0,1,0,1.55,0,1,0,1,0,4,0,0,0,0,0,0,1,9.392662,0,5.825603,0,0,0,75,2302,13,151,0
0,0,27,2,8,0,0,0,1,0,1.5625,0,0,0,0,0,4,0,0,1,0,0,0,0,8.987197,0,0,1,0,0,75,2302,13,152,0
0,0,26,2,8,0,0,0,1,0,1.5,0,0,0,0,0,4,0,0,1,0,0,0,0,0,1,0,1,0,0,75,2302,13,153,0
0,0,26,2,8,0,0,0,1,0,1.5625,0,0,1,0,0,1,0,0,0,0,0,0,1,0,1,0,1,0,0,75,2302,13,154,0
1,0,23,2,8,0,0,0,1,0,1.5,0,0,0,1,0,4,0,0,0,0,1,0,0,8.294049,0,0,1,0,1,75,2302,13,155,0
0,0,28,0,8,0,0,0,1,0,1.5,0,1,0,0,0,5,0,0,1,0,0,0,0,0,1,5.50987,0,0,1,75,2302,13,156,0
0,0,24,2,8,0,0,0,1,0,1.5,0,0,0,0,0,4,0,0,1,0,0,0,0,0,1,0,1,0,0,75,2302,13,157,0
0,0,24,2,8,0,1,0,1,0,1.525,0,0,0,0,0,4,0,0,1,0,0,0,0,0,1,0,1,0,1,75,2302,13,158,0
0,0,21,2,8,0,0,0,1,0,1.5,0,0,1,0,0,4,0,0,0,1,0,0,0,0,1,0,1,0,1,75,2302,13,159,0
0,0,22,1,8,0,1,0,1,0,1.55,0,0,0,1,0,5,0,0,0,0,1,0,0,0,1,0,1,0,0,75,2302,13,160,0
1,0,28,2,8,0,0,0,1,0,1.5,0,0,0,0,0,5,0,0,1,0,0,0,0,0,1,0,1,0,1,75,2302,13,161,0
0,0,24,2,8,0,0,0,1,0,1.6,0,0,0,1,0,4,0,0,0,0,1,0,0,0,1,0,1,0,0,75,2302,13,162,0
0,0,23,2,8,0,1,0,1,0,1.6,0,0,0,1,0,2,0,0,0,0,0,0,1,0,1,0,1,0,0,75,2302,13,163,0
1,0,31,0,8,0,0,0,1,0,1.525,0,1,0,1,0,4,0,0,1,0,0,0,0,0,1,0,1,0,1,75,2302,13,164,0
0,0,25,2,8,0,0,0,1,0,1.525,0,0,0,1,0,4,0,0,1,0,0,0,0,0,1,5.049275,0,0,0,75,2302,13,165,0
0,2,28,0,8,0,0,1,0,0,1.575,0,1,0,1,0,6,0,0,0,1,1,0,0,0,1,0,1,0,1,75,2302,13,166,0
0,0,28,0,8,0,1,0,1,0,0,1,1,0,0,1,4,0,0,0,0,1,0,0,0,1,5.50987,0,1,0,75,2302,13,167,0
0,0,23,2,8,0,1,0,1,0,1.5875,0,0,0,0,1,5,0,0,1,0,0,0,0,0,1,0,1,0,0,75,2302,13,168,0
0,0,25,4,8,0,0,0,1,0,1.575,0,0,0,0,1,5,0,0,1,0,0,0,0,0,1,0,1,0,0,75,2302,13,169,0
0,0,27,3,8,0,0,0,1,0,1.5625,0,0,0,0,0,5,0,0,1,0,0,0,0,0,1,5.50987,0,0,0,75,2302,13,170,0
0,0,24,2,8,0,0,0,1,0,1.525,0,0,0,0,0,4,0,0,0,0,1,0,0,0,1,0,1,0,1,75,2302,13,171,0
0,0,33,2,8,0,0,0,1,0,1.525,0,0,0,0,0,5,0,0,1,0,0,0,0,9.21034,0,5.50987,0,0,0,75,2302,13,172,0
0,0,29,4,8,0,1,0,1,0,1.55,0,0,0,0,0,5,0,0,1,0,0,0,0,0,1,0,1,1,0,75,2302,13,173,0
0,0,26,1,8,0,0,0,1,0,1.55,0,0,0,0,1,5,0,0,1,0,0,0,0,0,1,0,1,0,1,75,2302,13,174,0
0,0,24,0,8,0,1,0,1,0,1.525,0,1,0,0,1,4,0,0,1,0,0,0,0,0,1,0,1,1,0,75,2302,13,175,0
0,2,24,0,8,0,1,1,0,0,1.55,0,1,0,0,0,6,0,0,0,1,1,0,0,0,1,0,1,0,1,75,2302,13,176,0
0,0,24,2,8,0,1,0,1,0,1.525,0,0,0,0,0,4,0,0,1,0,0,0,0,0,1,0,1,0,0,17,2302,16,3,0
0,0,25,3,8,0,1,0,1,0,1.525,0,0,0,0,0,0,0,1,0,0,0,0,1,0,1,5.825603,0,0,0,75,2303,10,111,0
0,0,28,2,8,0,0,0,1,0,1.55,0,0,0,1,0,4,0,0,1,0,0,0,0,0,1,0,1,0,1,75,2303,10,112,0
0,0,24,3,8,0,0,0,1,0,1.5,0,0,0,0,1,4,0,0,0,1,0,0,0,0,1,0,1,0,0,75,2303,10,113,0
0,0,28,3,8,0,0,0,1,0,1.55,0,0,0,1,0,5,0,0,0,0,1,0,0,0,1,0,1,0,0,75,2303,10,114,0
0,0,22,2,8,0,0,0,1,0,1.575,0,0,0,1,0,0,0,1,1,0,0,0,0,0,1,0,1,0,0,75,2303,10,115,0
0,0,25,2,8,0,0,0,1,0,1.5,0,0,0,1,0,4,0,0,0,0,0,0,1,0,1,0,1,0,1,75,2303,10,116,0
0,0,25,2,8,0,0,0,1,0,1.5,0,0,1,0,0,4,0,0,1,0,0,0,0,0,1,5.50987,0,0,1,75,2303,10,117,0
1,0,25,2,8,0,0,0,1,0,1.55,0,0,0,1,0,0,0,1,1,0,0,0,0,0,1,0,1,0,0,75,2303,10,118,0
0,0,25,2,8,0,1,0,1,0,1.6,0,0,0,1,0,5,0,0,1,0,0,0,0,0,1,0,1,0,1,75,2411,13,100,0
0,0,23,0,8,0,1,0,1,0,1.55,0,1,1,0,0,4,0,0,1,0,0,0,0,0,1,0,1,0,0,75,2411,13,101,0
0,0,27,2,8,0,0,0,1,0,1.5,0,0,0,0,0,4,0,0,0,0,1,0,0,0,1,0,1,0,0,75,2411,13,70,0
0,0,31,4,8,0,0,0,1,0,1.5,0,0,0,1,0,4,0,0,1,0,0,0,0,0,1,0,1,0,0,75,2411,13,71,0
0,0,25,1,8,0,0,0,1,0,1.525,0,0,0,1,0,4,0,0,1,0,0,0,0,0,1,0,1,0,0,75,2411,13,72,0
0,0,27,4,8,0,0,0,1,0,1.5,0,0,0,0,0,5,0,0,0,0,1,0,0,0,1,0,1,0,0,75,2411,13,73,0
0,0,28,2,8,0,0,0,1,0,1.525,0,0,0,0,1,4,0,0,1,0,0,0,0,0,1,0,1,0,0,75,2411,13,74,0
0,0,26,4,8,0,1,0,1,0,1.575,0,0,0,0,1,5,0,0,1,0,0,0,0,0,1,0,1,0,1,75,2411,13,75,0
0,0,28,2,8,0,0,0,1,0,1.55,0,0,0,1,0,4,0,0,0,0,0,0,1,0,1,0,1,0,1,75,2411,13,76,0
0,0,28,0,8,0,0,0,1,0,1.55,0,1,0,0,1,0,0,1,0,0,0,0,1,0,1,5.50987,0,0,1,75,2411,13,77,0
1,0,26,2,8,0,0,0,1,0,1.55,0,0,0,0,0,4,0,0,0,0,0,0,1,0,1,0,1,0,0,75,2411,13,78,0
0,0,34,0,8,0,0,0,1,0,1.6,0,1,0,0,0,4,0,0,1,0,0,0,0,0,1,5.447579,0,0,1,75,2411,13,79,0
0,0,27,2,8,0,0,0,1,0,1.5,0,0,0,1,0,2,0,0,0,0,0,0,1,0,1,0,1,0,1,75,2411,13,80,0
0,0,29,0,8,0,0,0,1,0,1.5,0,1,0,0,1,4,0,0,1,0,0,0,0,0,1,0,1,0,0,75,2411,13,81,0
0,0,25,2,8,0,0,0,1,0,1.475,0,0,0,0,1,4,0,0,1,0,0,0,0,0,1,0,1,0,1,75,2411,13,82,0
0,0,23,4,8,0,0,0,1,0,1.5,0,0,0,1,0,4,0,0,1,0,0,0,0,0,1,0,1,0,0,75,2411,13,83,0
0,0,28,3,8,0,1,0,1,0,1.55,0,0,0,0,0,4,0,0,0,0,1,0,0,0,1,5.049275,0,0,1,75,2411,13,84,0
0,2,26.5,2,8,0,0,1,0,0,1.55,0,0,0,0,0,4,0,0,0,1,0,0,0,0,1,5.049275,0,0,0,75,2411,13,85,0
0,0,24,2,8,0,0,0,1,0,1.5,0,0,0,1,0,4,0,0,1,0,0,0,0,0,1,0,1,0,1,75,2411,13,86,0
0,0,28,2,8,0,0,0,1,0,1.55,0,0,0,1,0,4,0,0,0,0,0,0,1,0,1,5.50987,0,0,0,75,2411,13,87,0
0,0,37,4,8,0,0,0,1,0,1.525,0,0,0,0,0,4,0,0,1,0,0,0,0,0,1,0,1,0,1,75,2411,13,88,0
0,0,33,2,8,0,1,0,1,0,1.575,0,0,0,0,0,0,0,1,0,0,0,0,1,0,1,5.825603,0,0,1,75,2411,13,89,0
0,0,30,2,8,0,1,0,1,0,1.575,0,0,0,1,0,5,0,0,0,0,1,0,0,9.392662,0,5.50987,0,0,0,75,2411,13,90,0
0,0,25,0,8,0,1,0,1,0,1.575,0,1,0,0,0,5,0,0,1,0,0,0,0,0,1,0,1,0,1,75,2411,13,91,0
0,0,19,4,8,0,0,0,1,0,1.55,0,0,0,0,0,4,0,0,1,0,0,0,0,0,1,0,1,0,0,75,2411,13,92,0
0,0,24,2,8,0,1,0,1,0,1.575,0,0,0,1,0,4,0,0,1,0,0,0,0,0,1,0,1,0,0,75,2411,13,93,0
0,0,25,2,8,0,1,0,1,0,1.525,0,0,0,1,0,0,0,1,0,0,0,0,1,0,1,6.176106,0,0,1,75,2411,13,94,0
0,0,32,5,8,0,1,0,1,0,1.5,0,0,0,0,1,4,0,0,0,0,0,0,1,0,1,5.825603,0,0,1,75,2411,13,95,0
0,0,32,0,8,0,1,0,1,0,1.625,0,1,0,0,1,5,0,0,1,0,0,0,0,0,1,5.50987,0,0,0,75,2411,13,97,0
0,0,28,0,8,0,0,0,1,0,1.55,0,1,0,1,0,4,0,0,0,0,0,0,1,0,1,0,1,0,1,75,2411,13,98,0
0,0,27,2,8,0,1,0,1,0,1.55,0,0,0,0,0,5,0,0,0,0,1,0,0,0,1,0,1,0,1,75,2411,13,99,0
0,0,38,2,8,0,1,0,1,0,1.5375,0,0,0,1,0,4,0,0,1,0,0,0,0,0,1,5.50987,0,0,1,79,2411,14,239,0
0,2,30,4,8,0,1,1,0,0,1.575,0,0,0,1,0,4,0,0,1,0,0,0,0,0,1,0,1,0,1,96,2411,15,28,0
0,0,26,3,8,0,1,0,1,0,1.475,0,0,0,0,1,5,0,0,0,0,1,0,0,0,1,5.794884,0,0,0,79,2411,15,60,0
0,0,25,0,8,0,1,0,1,0,1.6,0,1,0,1,0,4,0,0,1,0,0,0,0,0,1,0,1,0,1,79,2411,15,83,0
0,0,27,2,8,0,0,0,1,0,1.5,0,0,0,1,0,4,0,0,1,0,0,0,0,0,1,0,1,0,1,67,2601,11,62,1
0,0,38,2,8,0,1,0,1,0,1.5,0,0,0,0,1,2,0,0,0,0,0,0,1,0,1,5.049275,0,0,0,75,2601,15,159,0
0,0,23,4,8,0,0,0,1,0,1.55,0,0,0,0,0,0,0,1,1,0,0,0,0,0,1,0,1,0,1,75,2601,15,160,0
0,0,29,2,8,0,0,0,1,0,1.55,0,0,0,0,1,4,0,0,1,0,0,0,0,0,1,0,1,1,0,75,2601,15,161,0
0,0,29,2,8,0,0,0,1,0,1.5,0,0,0,1,0,4,0,0,1,0,0,0,0,0,1,5.825603,0,0,1,75,2601,15,162,0
1,0,24,2,8,0,0,0,1,0,1.5,0,0,0,0,0,4,0,0,1,0,0,0,0,0,1,0,1,0,0,75,2601,15,163,0
0,0,24,0,8,0,0,0,1,0,1.5,0,1,0,1,0,5,0,0,1,0,0,0,0,0,1,5.50987,0,0,0,75,2601,15,164,0
0,2,30,2,8,0,0,1,0,0,1.5,0,0,0,1,0,4,0,0,1,0,0,0,0,0,1,0,1,0,0,75,2601,15,165,0
0,0,37,2,8,0,0,0,1,0,1.575,0,0,0,1,0,4,0,0,0,0,1,0,0,9.472705,0,6.093101,0,0,1,75,2601,15,166,0
0,0,21,2,8,0,1,0,1,0,1.525,0,0,0,0,1,2,0,0,0,0,0,0,1,0,1,5.825603,0,1,0,75,2601,15,168,0
0,0,28,2,8,0,0,0,1,0,1.55,0,0,0,0,1,0,0,1,0,0,0,0,1,0,1,0,1,0,0,75,2601,15,169,0
0,0,27,2,8,0,1,0,1,0,1.5,0,0,0,1,0,4,0,0,0,0,1,0,0,0,1,0,1,0,1,75,2601,15,170,0
0,0,32,0,8,0,1,0,1,0,0,1,1,0,0,1,4,0,0,0,0,0,0,1,0,1,0,1,0,1,75,2601,15,171,1
0,0,28,0,8,0,1,0,1,0,0,1,1,0,0,1,4,0,0,0,0,0,0,1,0,1,0,1,0,1,75,2601,15,171,1
0,0,34,0,8,0,0,0,1,0,1.5,0,1,0,0,1,4,0,0,0,0,0,0,1,0,1,5.825603,0,1,0,75,2601,15,172,0
0,0,24,2,8,0,0,0,1,0,1.5,0,0,0,1,0,0,0,1,1,0,0,0,0,0,1,0,1,0,1,75,2601,15,173,0
0,0,22,3,8,0,1,0,1,0,1.55,0,0,0,0,1,1,0,0,0,0,0,0,1,0,1,0,1,0,1,75,2601,15,174,0
0,0,28,2,8,0,1,0,1,0,1.6,0,0,0,1,0,6,0,0,1,0,0,0,0,0,1,4.91469,0,0,1,75,2601,15,175,0
0,0,24,2,8,0,0,0,1,0,1.5625,0,0,0,1,0,4,0,0,1,0,0,0,0,0,1,0,1,0,0,75,2601,15,176,0
0,0,28,0,8,0,0,0,1,0,1.575,0,1,1,0,0,5,0,0,1,0,0,0,0,0,1,0,1,0,0,75,2601,15,177,0
0,0,25,2,8,0,1,0,1,0,1.575,0,0,0,1,0,4,0,0,0,0,1,0,0,0,1,0,1,0,0,75,2601,15,178,0
0,0,25,3,8,0,0,0,1,0,1.5,0,0,0,1,0,4,0,0,0,1,0,0,0,0,1,0,1,0,0,75,2601,15,179,0
0,0,26,3,8,0,1,0,1,0,1.5,0,0,0,1,0,4,0,0,0,0,0,0,1,0,1,0,1,0,0,75,2601,15,180,0
0,0,30,3,8,0,0,0,1,0,1.575,0,0,0,0,1,5,0,0,1,0,1,0,0,0,1,5.50987,0,0,1,75,2601,15,181,0
0,0,27,1,8,0,0,0,1,0,1.475,0,0,0,1,0,5,0,0,0,1,0,0,0,0,1,0,1,0,1,75,2601,15,182,0
0,0,28,2,8,0,0,0,1,0,1.55,0,0,0,0,0,4,0,0,0,0,0,0,1,0,1,0,1,0,0,75,2601,15,183,0
0,0,27,4,8,0,0,0,1,0,1.55,0,0,0,1,0,4,0,0,0,1,0,0,0,0,1,0,1,0,1,75,2601,15,184,0
0,0,27,2,8,0,1,0,1,0,1.55,0,0,0,1,0,4,0,0,1,0,0,0,0,0,1,0,1,0,0,75,2601,15,185,1
0,0,25,2,8,0,1,0,1,0,1.575,0,0,0,1,0,4,0,0,1,0,0,0,0,0,1,0,1,0,0,75,2601,15,185,1
0,0,24,4,8,0,1,0,1,0,1.525,0,0,0,1,0,4,0,0,1,0,0,0,0,0,1,0,1,1,0,75,2601,15,186,0
0,0,24,0,8,0,0,0,1,0,1.5,0,1,0,1,0,4,0,0,1,0,0,0,0,0,1,0,1,0,0,75,2601,15,187,0
0,0,31,2,8,0,1,0,1,0,1.525,0,0,0,0,0,4,0,0,1,0,0,0,0,0,1,0,1,0,1,75,2601,15,188,0
0,0,23,2,8,0,0,0,1,0,1.525,0,0,0,0,0,1,0,0,0,0,0,0,1,0,1,0,1,0,0,75,2601,15,189,0
0,0,25,4,8,0,1,0,1,0,1.5,0,0,0,0,1,0,0,1,1,0,0,0,0,0,1,0,1,0,0,75,2601,15,190,0
0,0,32,2,8,0,1,0,1,0,1.525,0,0,0,0,1,4,0,0,1,0,1,0,0,0,1,6.094067,0,0,1,75,2601,15,191,0
0,0,35,4,8,0,0,0,1,0,1.55,0,0,0,0,1,2,0,0,0,0,0,0,1,0,1,0,1,0,0,75,2601,15,192,0
0,0,20,4,8,0,0,0,1,0,1.525,0,0,0,0,0,0,0,1,1,0,0,0,0,0,1,0,1,0,0,75,2601,15,193,0
0,0,30,2,8,0,0,0,1,0,1.5875,0,0,0,1,0,5,0,0,1,0,0,0,0,0,1,5.825603,0,0,1,75,2601,15,194,0
1,4,30,4,8,0,0,0,0,0,1.575,0,0,0,0,0,5,0,0,1,0,1,0,0,0,1,5.50987,0,0,1,79,2601,16,119,0
1,0,22,1,8,0,0,0,1,0,1.625,0,0,0,0,0,5,0,0,0,0,1,0,0,0,1,0,1,0,1,16,2601,16,126,0
0,0,25,2,8,0,0,0,1,0,1.55,0,0,0,0,0,4,0,0,1,0,0,0,0,0,1,0,1,0,0,67,2601,16,152,0
1,0,26,5,8,0,0,0,1,0,1.6,0,0,0,0,1,4,0,0,0,0,0,0,1,0,1,0,1,0,1,79,2601,16,162,0
0,0,33,2,8,0,0,0,1,0,1.575,0,0,0,0,0,4,0,0,1,0,0,0,0,0,1,0,1,0,1,67,2601,16,183,0
0,0,26,2,8,0,0,0,1,0,1.55,0,0,0,0,1,3,0,0,0,0,0,1,0,0,1,0,1,0,1,16,2601,17,22,0
1,0,28,0,8,0,0,0,1,0,1.525,0,1,0,1,0,2,0,0,0,0,0,0,1,0,1,0,1,0,1,17,2601,17,23,0
1,0,27,3,8,0,0,0,1,0,1.55,0,0,0,0,0,5,0,0,0,0,0,0,1,0,1,0,1,0,1,67,2710,11,215,0
0,0,27,2,8,0,0,0,1,0,1.5,0,0,0,0,1,4,0,0,0,0,0,0,1,0,1,0,1,0,1,67,2710,11,216,0
0,0,27,2,8,0,1,0,1,0,1.45,0,0,0,0,0,4,0,0,0,0,0,0,1,0,1,0,1,0,0,96,2710,11,239,0
1,0,32,4,8,0,0,0,1,0,1.55,0,0,0,1,0,0,0,1,0,0,0,0,1,0,1,0,1,0,1,75,2710,11,51,0
0,0,25,2,8,0,0,0,1,0,1.475,0,0,0,0,0,4,0,0,0,0,0,0,1,0,1,0,1,0,1,75,2710,11,52,0
0,0,27,0,8,0,0,0,1,0,1.575,0,1,0,0,0,4,0,0,0,0,0,0,1,0,1,0,1,0,0,75,2710,11,53,0
0,0,30,2,8,0,0,0,1,0,1.5,0,0,0,1,0,4,0,0,0,0,0,0,1,0,1,0,1,0,1,75,2710,11,55,0
0,0,32,4,8,0,0,0,1,0,1.55,0,0,0,0,0,5,0,0,0,0,0,0,1,0,1,5.50987,0,0,1,75,2710,11,56,0
0,0,28,2,8,0,0,0,1,0,1.55,0,0,0,1,0,5,0,0,0,0,0,0,1,0,1,0,1,0,1,75,2710,11,57,0
0,0,32,2,8,0,1,0,1,0,1.525,0,0,0,0,1,4,0,0,0,0,0,0,1,0,1,5.049275,0,0,1,75,2710,11,58,0
0,2,31,2,8,0,1,1,0,0,0,1,0,0,1,0,0,0,1,0,0,0,0,1,0,1,0,1,0,1,75,2710,11,59,0
0,0,28,0,8,0,1,0,1,0,0,1,1,0,0,1,0,0,1,0,0,0,0,1,0,1,0,1,0,0,75,2710,11,60,0
0,0,27,3,8,0,0,0,1,0,1.5,0,0,0,0,1,0,0,1,0,0,0,0,1,0,1,5.50987,0,0,0,75,2710,11,61,0
0,0,30,3,8,0,0,0,1,0,1.55,0,0,0,0,0,0,0,1,0,0,0,0,1,0,1,5.50987,0,0,0,75,2710,11,62,0
0,0,18,4,8,0,0,0,1,0,1.575,0,0,0,0,0,1,0,0,0,0,0,0,1,0,1,0,1,0,0,75,2710,11,63,0
0,0,32,0,8,0,0,0,1,0,1.575,0,1,0,0,1,5,0,0,0,0,0,0,1,0,1,0,1,0,0,75,2710,11,64,0
0,0,28,4,8,0,1,0,1,0,1.5,0,0,0,0,0,0,0,1,1,0,0,0,0,0,1,0,1,0,0,75,2710,11,65,0
0,0,23,2,8,0,0,0,1,0,1.525,0,0,0,0,0,1,0,0,0,0,0,0,1,0,1,0,1,0,1,75,2710,11,66,0
0,0,24,2,8,0,0,0,1,0,1.5,0,0,0,0,1,4,0,0,0,0,0,0,1,0,1,0,1,0,0,75,2710,11,67,0
0,0,35,2,8,0,0,0,1,0,1.5,0,0,0,0,0,4,0,0,0,0,0,0,1,0,1,5.50987,0,1,0,75,2710,11,68,0
0,0,28,2,8,0,0,0,1,0,1.525,0,0,0,1,0,4,0,0,0,0,0,0,1,0,1,0,1,0,1,75,2710,11,69,0
0,0,22.5,0,8,0,0,0,1,0,1.55,0,1,0,0,0,2,0,0,0,0,0,0,1,0,1,0,1,0,0,75,2710,11,70,0
0,0,28,2,8,0,0,0,1,0,1.525,0,0,0,0,0,4,0,0,0,0,0,0,1,0,1,0,1,0,0,75,2710,11,71,0
0,0,26,2,8,0,0,0,1,0,1.55,0,0,0,0,0,4,0,0,0,0,0,0,1,0,1,0,1,0,0,75,2710,11,72,0
0,0,34,2,8,0,1,0,1,0,1.5,0,0,0,1,0,4,0,0,0,0,0,0,1,0,1,6.176106,0,0,1,75,2710,11,73,0
1,0,22,2,8,0,0,0,1,0,1.55,0,0,0,0,0,4,0,0,0,0,0,0,1,0,1,0,1,0,0,75,2710,11,74,0
0,0,23,3,8,0,0,0,1,0,1.575,0,0,0,0,1,0,0,1,0,0,0,0,1,0,1,0,1,1,0,75,2710,11,75,0
0,0,28,2,8,0,0,0,1,0,1.55,0,0,0,1,0,4,0,0,0,0,0,0,1,0,1,0,1,0,0,75,2710,11,76,0
0,0,25,2,8,0,1,0,1,0,1.55,0,0,0,1,0,0,0,1,0,0,0,0,1,0,1,0,1,0,0,75,2710,11,77,0
0,0,27,2,8,0,0,0,1,0,1.575,0,0,0,0,0,4,0,0,0,0,0,0,1,0,1,0,1,0,0,75,2710,11,78,0
0,5,0,0,8,0,1,0,0,1,0,1,1,0,1,0,5,0,0,0,0,1,0,0,0,1,0,1,0,0,75,2710,14,20,0
0,0,28,0,8,0,0,0,1,0,1.55,0,1,0,0,1,5,0,0,0,0,0,0,1,0,1,5.50987,0,0,0,75,2710,15,30,1
1,0,29,2,8,0,0,0,1,0,1.575,0,0,0,0,1,6,0,0,0,0,1,0,0,0,1,0,1,0,1,16,2912,11,132,0
1,0,24,3,8,0,0,0,1,0,1.525,0,0,0,0,1,4,0,0,1,0,0,0,0,0,1,0,1,0,1,16,2912,11,140,0
0,0,34,4,8,0,1,0,1,0,1.55,0,0,0,0,0,5,0,0,1,0,0,0,0,0,1,0,1,0,0,16,2912,11,147,0
0,0,29,2,8,0,0,0,1,0,1.525,0,0,0,0,1,4,0,0,1,0,0,0,0,0,1,0,1,0,1,75,2912,12,106,0
1,0,27,2,8,0,0,0,1,0,1.5625,0,0,0,0,1,5,0,0,0,0,1,0,0,0,1,0,1,0,0,75,2912,12,107,0
0,0,25,4,8,0,0,0,1,0,1.55,0,0,0,1,0,4,0,0,1,0,0,0,0,0,1,0,1,0,1,75,2912,12,108,0
0,0,32,2,8,0,0,0,1,0,1.55,0,0,0,0,0,4,0,0,1,0,0,0,0,0,1,0,1,0,1,75,2912,12,109,0
0,0,25,2,8,0,0,0,1,0,1.525,0,0,0,0,0,4,0,0,1,0,0,0,0,0,1,0,1,0,0,75,2912,12,110,0
0,0,25,4,8,0,0,0,1,0,1.525,0,0,0,0,0,4,0,0,0,0,1,0,0,0,1,0,1,0,1,75,2912,12,111,0
0,0,26,2,8,0,0,0,1,0,1.55,0,0,1,0,0,4,0,0,1,0,0,0,0,0,1,0,1,0,0,75,2912,12,112,0
0,0,24,2,8,0,0,0,1,0,1.475,0,0,0,0,0,0,0,1,0,0,0,0,1,0,1,0,1,1,0,75,2912,12,113,0
0,0,28,2,8,0,1,0,1,0,1.525,0,0,0,0,1,4,0,0,1,0,0,0,0,0,1,0,1,1,0,75,2912,12,114,0
0,0,21,2,8,0,1,0,1,0,1.575,0,0,1,0,0,0,0,1,0,0,0,0,1,0,1,0,1,0,0,75,2912,12,115,0
0,2,27,2,8,0,0,1,0,0,1.5,0,0,0,0,1,5,0,0,1,0,0,0,0,0,1,0,1,0,1,75,2912,12,116,0
0,0,23,2,8,0,0,0,1,0,1.5,0,0,0,0,1,0,0,1,0,0,0,0,1,0,1,0,1,1,0,75,2912,12,117,0
0,0,27,1,8,0,1,0,1,0,1.6,0,0,0,0,1,5,0,0,1,0,0,0,0,0,1,0,1,0,0,75,2912,12,118,0
0,0,25,2,8,0,1,0,1,0,1.5625,0,0,0,1,0,5,0,0,0,0,1,0,0,0,1,0,1,0,0,75,2912,12,119,0
0,0,30,0,8,0,1,0,1,0,1.65,0,1,0,1,0,0,0,1,0,0,0,0,1,0,1,6.093101,0,0,1,75,2912,12,120,0
0,0,37,2,8,0,0,0,1,0,1.5,0,0,0,0,0,4,0,0,0,0,1,0,0,0,1,5.049275,0,0,1,75,2912,12,121,0
0,3,21,0,8,0,0,0,0,0,1.5,0,1,0,0,1,0,0,1,0,0,0,0,1,0,1,6.094067,0,0,0,75,2912,12,122,0
0,0,26,2,8,0,1,0,1,0,1.55,0,0,0,1,0,4,0,0,1,0,0,0,0,0,1,0,1,1,0,75,2912,12,123,0
0,0,27,2,8,0,0,0,1,0,1.5,0,0,0,0,0,4,0,0,1,0,0,0,0,0,1,0,1,0,0,75,2912,12,124,0
0,2,23,2,8,0,0,1,0,0,1.55,0,0,0,1,0,5,0,0,0,0,1,0,0,0,1,0,1,1,0,75,2912,12,125,0
0,0,28,2,8,0,0,0,1,0,1.5,0,0,0,1,0,5,0,0,1,0,0,0,0,0,1,0,1,0,1,75,3003,13,64,1
1,0,25,0,8,0,0,0,1,0,1.425,0,1,0,0,1,0,0,1,0,0,0,0,1,0,1,0,1,0,0,79,3003,13,67,1
1,0,29,0,8,0,0,0,1,0,1.55,0,1,0,0,1,0,0,1,0,0,0,0,1,0,1,5.825603,0,0,0,79,3003,13,67,1
0,0,23,3,8,0,0,0,1,0,1.55,0,0,0,1,0,2,0,0,0,1,0,0,0,0,1,0,1,0,1,75,3003,14,24,0
1,4,26,2,8,0,0,0,0,0,1.65,0,0,0,0,1,4,0,0,0,0,1,0,0,0,1,5.049275,0,0,1,75,3003,14,26,0
0,0,26,2,8,0,0,0,1,0,1.6,0,0,1,0,0,4,0,0,0,0,1,0,0,0,1,0,1,0,1,75,3003,14,27,0
0,0,32,0,8,0,1,0,1,0,1.575,0,1,0,0,1,6,0,0,0,0,1,0,0,0,1,6.094067,0,0,0,75,3003,14,28,0
0,0,24,0,8,0,0,0,1,0,1.55,0,1,0,1,0,5,0,0,0,0,0,0,1,0,1,0,1,0,1,75,3003,14,30,0
0,0,33,3,8,0,1,0,1,0,1.575,0,0,0,1,0,4,0,0,0,0,0,0,1,0,1,0,1,0,0,67,3003,14,31,0
0,0,24,0,8,0,0,0,1,0,1.55,0,1,1,0,0,4,0,0,0,0,1,0,0,0,1,0,1,0,0,75,3003,14,32,0
0,0,33,3,8,0,0,0,1,0,1.5,0,0,0,1,0,5,0,0,1,0,0,0,0,0,1,0,1,0,0,75,3003,14,33,0
